archive,path,status,baseline_archive,bytes,member_date
Universe_mod.pak,PresetsPrices.(DuelPresetsPrices).xdb,changed,data.pak,192,2107-12-31-23-59-56
Universe_mod.pak,types.xml,changed,a2p1-data.pak,2564384,2107-12-31-23-59-56
Universe_mod.pak,bin/animations/1CAB759D-FCB3-45D4-B304-DA03531FA421,added,,145371,2107-12-31-23-59-56
Universe_mod.pak,bin/animations/215026B8-30AA-4CF5-BFDC-A8A69671EDEB,added,,47737,2107-12-31-23-59-56
Universe_mod.pak,bin/animations/8D61C75A-453A-4CC6-819D-96A4410239CD,added,,169290,2107-12-31-23-59-56
Universe_mod.pak,bin/animations/B246CBFA-7CB3-42D3-866D-869213C5C0D4,added,,33849,2107-12-31-23-59-56
Universe_mod.pak,bin/animations/B45DB77E-C9A1-4F5C-9642-137F4D4298CA,added,,155417,2107-12-31-23-59-56
Universe_mod.pak,bin/animations/C6A3E7A6-4562-432A-9BEF-28B2C0D4AC27,added,,166917,2107-12-31-23-59-56
Universe_mod.pak,bin/Geometries/03F825A1-497D-4226-8BF2-433A06AF382A,added,,276572,2107-12-31-23-59-56
Universe_mod.pak,bin/Geometries/0616CF18-B794-41EE-9359-AB8D0F6C6533,added,,47438,2107-12-31-23-59-56
Universe_mod.pak,bin/Geometries/06E256D9-7D0E-4B90-A24F-C6C5F28B7AE8,added,,40440,2107-12-31-23-59-56
Universe_mod.pak,bin/Geometries/10D01067-CDDC-43FE-893A-EC88557D4728,added,,157252,2107-12-31-23-59-56
Universe_mod.pak,bin/Geometries/23425100-5BC0-4CA2-8A40-07F7F698B1DB,added,,65100,2107-12-31-23-59-56
Universe_mod.pak,bin/Geometries/2E5FE733-03AB-49BE-8883-5EEA182280D1,added,,226426,2107-12-31-23-59-56
Universe_mod.pak,bin/Geometries/2FB3052A-086E-4E6A-B919-2DD07E94ED70,added,,174724,2107-12-31-23-59-56
Universe_mod.pak,bin/Geometries/3C59B2B4-84D4-422C-A8F5-0A128A4B2DC0,added,,205212,2107-12-31-23-59-56
Universe_mod.pak,bin/Geometries/3E67B5BB-5548-4D44-95F3-D9892026C44C,added,,42134,2107-12-31-23-59-56
Universe_mod.pak,bin/Geometries/415BB5E6-86F8-43D2-92A1-94024DE0A99C,added,,65100,2107-12-31-23-59-56
Universe_mod.pak,bin/Geometries/4F9426A9-226B-421A-BAFB-C94491D78B20,added,,363040,2107-12-31-23-59-56
Universe_mod.pak,bin/Geometries/52C845B0-4434-45CA-BC73-5B6F8A9A52B7,added,,410532,2107-12-31-23-59-56
Universe_mod.pak,bin/Geometries/5EC88BDC-C7FC-4112-97D9-2FEB670DA45F,added,,112534,2107-12-31-23-59-56
Universe_mod.pak,bin/Geometries/62460684-6EF6-4C51-8FD4-3BA295FAAE1C,added,,410532,2107-12-31-23-59-56
Universe_mod.pak,bin/Geometries/6E2EC938-EA8F-45EB-8659-5E122DF6E657,added,,135304,2107-12-31-23-59-56
Universe_mod.pak,bin/Geometries/7F19AA7A-7351-44A8-A46C-887AF67E096E,added,,91914,2107-12-31-23-59-56
Universe_mod.pak,bin/Geometries/812FD67E-A0EE-4316-B0F9-F4AE08A2D425,added,,66670,2107-12-31-23-59-56
Universe_mod.pak,bin/Geometries/81FC37D1-26C4-48D5-9548-39336DEDC042,added,,21830,2107-12-31-23-59-56
Universe_mod.pak,bin/Geometries/832E71FC-13E7-4E71-8BD6-8B2E13FC15E5,added,,445440,2107-12-31-23-59-56
Universe_mod.pak,bin/Geometries/8E68751C-D8C1-4120-A9C5-B1DFBBA15DF0,added,,79418,2107-12-31-23-59-56
Universe_mod.pak,bin/Geometries/96BB4C85-548F-40F3-A263-4F802FB75557,added,,91914,2107-12-31-23-59-56
Universe_mod.pak,bin/Geometries/AD1731C5-4084-41C2-93AF-D01E79576035,added,,362968,2107-12-31-23-59-56
Universe_mod.pak,bin/Geometries/AFCD2C01-D039-4E21-ACE4-6AA3DB31E0DC,added,,58446,2107-12-31-23-59-56
Universe_mod.pak,bin/Geometries/B73500FF-1E68-4A94-B46B-84A4F4F019B0,added,,4828,2107-12-31-23-59-56
Universe_mod.pak,bin/Geometries/C32EFF5B-9B82-4DAF-84C3-969092FE883B,added,,136504,2107-12-31-23-59-56
Universe_mod.pak,bin/Geometries/C3CD72AC-BF2A-4428-86C2-AA1A5D268B72,added,,103954,2107-12-31-23-59-56
Universe_mod.pak,bin/Geometries/CAB44719-E4E2-44F0-9B22-6FDED9587BC2,added,,253008,2107-12-31-23-59-56
Universe_mod.pak,bin/Geometries/CC4804F9-A0DA-4084-83DB-0B845031ADDC,added,,1270295,2107-12-31-23-59-56
Universe_mod.pak,bin/Geometries/D085236A-73B0-418D-BD3D-9064D58E83C3,added,,356224,2107-12-31-23-59-56
Universe_mod.pak,bin/Geometries/D9CA732E-526C-401A-A57B-FD1FD1FA0C4F,added,,404930,2107-12-31-23-59-56
Universe_mod.pak,bin/Geometries/DA42A1A8-CC17-4EE7-B5BD-63A200ABA599,added,,141360,2107-12-31-23-59-56
Universe_mod.pak,bin/Geometries/DB2949AD-50A8-4826-BBE2-AC6FBB4DEF24,added,,251224,2107-12-31-23-59-56
Universe_mod.pak,bin/Geometries/DD4F0870-E442-4DC5-84D2-B87E4A8ABE4A,added,,38998,2107-12-31-23-59-56
Universe_mod.pak,bin/Geometries/DFEF5284-050B-4060-9433-4E209991BB7E,added,,40034,2107-12-31-23-59-56
Universe_mod.pak,bin/Geometries/E1A837A5-3BA7-4955-B550-685DC1708F12,added,,163662,2107-12-31-23-59-56
Universe_mod.pak,bin/Geometries/E2A54CA2-FDFD-4EBC-9801-EEDCF9103F0D,added,,236600,2107-12-31-23-59-56
Universe_mod.pak,bin/Geometries/EAD6AA05-716F-4DB0-AECC-BEDB0EE971D5,added,,51244,2107-12-31-23-59-56
Universe_mod.pak,bin/Geometries/EC384C7F-E159-4CB2-B6C1-0AEADADD98A6,added,,1084,2107-12-31-23-59-56
Universe_mod.pak,bin/Geometries/F13AE11F-A9AE-463E-AB5A-2CC6EFC838D6,added,,165580,2107-12-31-23-59-56
Universe_mod.pak,bin/Geometries/F7210412-31D8-4465-9AD3-92D1256965E3,added,,47378,2107-12-31-23-59-56
Universe_mod.pak,bin/Geometries/FA413BD2-55B8-45C9-85CC-04E5CC68340D,added,,276572,2107-12-31-23-59-56
Universe_mod.pak,bin/GrannyGeometries/03F825A1-497D-4226-8BF2-433A06AF382A,added,,216129,2107-12-31-23-59-56
Universe_mod.pak,bin/GrannyGeometries/0616CF18-B794-41EE-9359-AB8D0F6C6533,added,,37226,2107-12-31-23-59-56
Universe_mod.pak,bin/GrannyGeometries/06E256D9-7D0E-4B90-A24F-C6C5F28B7AE8,added,,34121,2107-12-31-23-59-56
Universe_mod.pak,bin/GrannyGeometries/10D01067-CDDC-43FE-893A-EC88557D4728,added,,120098,2107-12-31-23-59-56
Universe_mod.pak,bin/GrannyGeometries/23425100-5BC0-4CA2-8A40-07F7F698B1DB,added,,48214,2107-12-31-23-59-56
Universe_mod.pak,bin/GrannyGeometries/2419050A-98AF-492A-B551-3E27C27DD3BB,added,,5637,2107-12-31-23-59-56
Universe_mod.pak,bin/GrannyGeometries/2E35A2F5-6D15-42F7-92B8-70089A9CB7FC,added,,1084,2107-12-31-23-59-56
Universe_mod.pak,bin/GrannyGeometries/2E5FE733-03AB-49BE-8883-5EEA182280D1,added,,168980,2107-12-31-23-59-56
Universe_mod.pak,bin/GrannyGeometries/2FB3052A-086E-4E6A-B919-2DD07E94ED70,added,,115670,2107-12-31-23-59-56
Universe_mod.pak,bin/GrannyGeometries/3C59B2B4-84D4-422C-A8F5-0A128A4B2DC0,added,,128342,2107-12-31-23-59-56
Universe_mod.pak,bin/GrannyGeometries/3E67B5BB-5548-4D44-95F3-D9892026C44C,added,,31827,2107-12-31-23-59-56
Universe_mod.pak,bin/GrannyGeometries/415BB5E6-86F8-43D2-92A1-94024DE0A99C,added,,48500,2107-12-31-23-59-56
Universe_mod.pak,bin/GrannyGeometries/4F9426A9-226B-421A-BAFB-C94491D78B20,added,,164249,2107-12-31-23-59-56
Universe_mod.pak,bin/GrannyGeometries/52C845B0-4434-45CA-BC73-5B6F8A9A52B7,added,,316777,2107-12-31-23-59-56
Universe_mod.pak,bin/GrannyGeometries/5EC88BDC-C7FC-4112-97D9-2FEB670DA45F,added,,78470,2107-12-31-23-59-56
Universe_mod.pak,bin/GrannyGeometries/62460684-6EF6-4C51-8FD4-3BA295FAAE1C,added,,316893,2107-12-31-23-59-56
Universe_mod.pak,bin/GrannyGeometries/6E2EC938-EA8F-45EB-8659-5E122DF6E657,added,,102625,2107-12-31-23-59-56
Universe_mod.pak,bin/GrannyGeometries/7F19AA7A-7351-44A8-A46C-887AF67E096E,added,,58232,2107-12-31-23-59-56
Universe_mod.pak,bin/GrannyGeometries/812FD67E-A0EE-4316-B0F9-F4AE08A2D425,added,,50709,2107-12-31-23-59-56
Universe_mod.pak,bin/GrannyGeometries/81FC37D1-26C4-48D5-9548-39336DEDC042,added,,17829,2107-12-31-23-59-56
Universe_mod.pak,bin/GrannyGeometries/832E71FC-13E7-4E71-8BD6-8B2E13FC15E5,added,,465837,2107-12-31-23-59-56
Universe_mod.pak,bin/GrannyGeometries/8E68751C-D8C1-4120-A9C5-B1DFBBA15DF0,added,,60890,2107-12-31-23-59-56
Universe_mod.pak,bin/GrannyGeometries/96BB4C85-548F-40F3-A263-4F802FB75557,added,,58282,2107-12-31-23-59-56
Universe_mod.pak,bin/GrannyGeometries/AD1731C5-4084-41C2-93AF-D01E79576035,added,,165082,2107-12-31-23-59-56
Universe_mod.pak,bin/GrannyGeometries/AFCD2C01-D039-4E21-ACE4-6AA3DB31E0DC,added,,44307,2107-12-31-23-59-56
Universe_mod.pak,bin/GrannyGeometries/B73500FF-1E68-4A94-B46B-84A4F4F019B0,added,,8838,2107-12-31-23-59-56
Universe_mod.pak,bin/GrannyGeometries/C32EFF5B-9B82-4DAF-84C3-969092FE883B,added,,103678,2107-12-31-23-59-56
Universe_mod.pak,bin/GrannyGeometries/C3CD72AC-BF2A-4428-86C2-AA1A5D268B72,added,,78225,2107-12-31-23-59-56
Universe_mod.pak,bin/GrannyGeometries/CAB44719-E4E2-44F0-9B22-6FDED9587BC2,added,,134892,2107-12-31-23-59-56
Universe_mod.pak,bin/GrannyGeometries/CC4804F9-A0DA-4084-83DB-0B845031ADDC,added,,891831,2107-12-31-23-59-56
Universe_mod.pak,bin/GrannyGeometries/D085236A-73B0-418D-BD3D-9064D58E83C3,added,,273620,2107-12-31-23-59-56
Universe_mod.pak,bin/GrannyGeometries/D9CA732E-526C-401A-A57B-FD1FD1FA0C4F,added,,356205,2107-12-31-23-59-56
Universe_mod.pak,bin/GrannyGeometries/DA42A1A8-CC17-4EE7-B5BD-63A200ABA599,added,,91886,2107-12-31-23-59-56
Universe_mod.pak,bin/GrannyGeometries/DB2949AD-50A8-4826-BBE2-AC6FBB4DEF24,added,,178120,2107-12-31-23-59-56
Universe_mod.pak,bin/GrannyGeometries/DD4F0870-E442-4DC5-84D2-B87E4A8ABE4A,added,,33012,2107-12-31-23-59-56
Universe_mod.pak,bin/GrannyGeometries/DFEF5284-050B-4060-9433-4E209991BB7E,added,,31785,2107-12-31-23-59-56
Universe_mod.pak,bin/GrannyGeometries/E1A837A5-3BA7-4955-B550-685DC1708F12,added,,120773,2107-12-31-23-59-56
Universe_mod.pak,bin/GrannyGeometries/E2A54CA2-FDFD-4EBC-9801-EEDCF9103F0D,added,,151171,2107-12-31-23-59-56
Universe_mod.pak,bin/GrannyGeometries/EAD6AA05-716F-4DB0-AECC-BEDB0EE971D5,added,,24870,2107-12-31-23-59-56
Universe_mod.pak,bin/GrannyGeometries/EC384C7F-E159-4CB2-B6C1-0AEADADD98A6,added,,5601,2107-12-31-23-59-56
Universe_mod.pak,bin/GrannyGeometries/F13AE11F-A9AE-463E-AB5A-2CC6EFC838D6,added,,129559,2107-12-31-23-59-56
Universe_mod.pak,bin/GrannyGeometries/F50C9973-76AA-467E-BEEF-20C2B419B981,added,,1084,2107-12-31-23-59-56
Universe_mod.pak,bin/GrannyGeometries/F7210412-31D8-4465-9AD3-92D1256965E3,added,,38939,2107-12-31-23-59-56
Universe_mod.pak,bin/GrannyGeometries/FA413BD2-55B8-45C9-85CC-04E5CC68340D,added,,216046,2107-12-31-23-59-56
Universe_mod.pak,bin/Skeletons/0EAD21CA-02BA-4E24-BC79-7DD4C55EEC8C,added,,4848,2107-12-31-23-59-56
Universe_mod.pak,bin/Skeletons/13492FBA-CE50-4510-88E0-E4C42B219A8C,added,,4988,2107-12-31-23-59-56
Universe_mod.pak,bin/Skeletons/30F8D86E-CB2F-4D5B-9DF1-3494DB0691DE,added,,4876,2107-12-31-23-59-56
Universe_mod.pak,bin/Skeletons/32447549-758D-4ABA-889C-098C35885768,added,,4803,2107-12-31-23-59-56
Universe_mod.pak,bin/Skeletons/3A5B0313-117B-4A66-8D5C-A257560C7725,added,,4911,2107-12-31-23-59-56
Universe_mod.pak,bin/Skeletons/4C34CF3A-E96B-4140-B2E5-97CD8CEFDB95,added,,4919,2107-12-31-23-59-56
Universe_mod.pak,bin/Skeletons/55471FCE-0543-442B-B326-B376CB197052,added,,4846,2107-12-31-23-59-56
Universe_mod.pak,bin/Skeletons/6A34C9C3-2D56-4575-8436-D12114B701E0,added,,4763,2107-12-31-23-59-56
Universe_mod.pak,bin/Skeletons/6CEFAE3C-4921-467B-887B-33462A9693D4,added,,4727,2107-12-31-23-59-56
Universe_mod.pak,bin/Skeletons/6FAD6ADD-7462-4A91-9FFD-D685B72FC36F,added,,4898,2107-12-31-23-59-56
Universe_mod.pak,bin/Skeletons/6FBC54F1-EEC4-41E4-ABCE-D13AFA7B93FC,added,,4897,2107-12-31-23-59-56
Universe_mod.pak,bin/Skeletons/70953CD7-BC3C-483C-A4F6-E3DFA6459770,added,,4796,2107-12-31-23-59-56
Universe_mod.pak,bin/Skeletons/7367ADC5-AC0F-4963-B6FE-C7FB5254467D,added,,4727,2107-12-31-23-59-56
Universe_mod.pak,bin/Skeletons/73BCEC22-FF8D-4BD5-AEF0-D670DC046B15,added,,4903,2107-12-31-23-59-56
Universe_mod.pak,bin/Skeletons/75C40392-3C49-4E0A-816E-795C09946557,added,,4974,2107-12-31-23-59-56
Universe_mod.pak,bin/Skeletons/78B1754B-AC99-42E8-9089-478E02CF8E62,added,,4894,2107-12-31-23-59-56
Universe_mod.pak,bin/Skeletons/7CEF1346-2221-4D9C-B1D4-A29D8E65EFE6,added,,4841,2107-12-31-23-59-56
Universe_mod.pak,bin/Skeletons/7ECF2B46-2010-4335-9591-C23E775E6522,added,,4719,2107-12-31-23-59-56
Universe_mod.pak,bin/Skeletons/84EC994D-9F19-47AA-91ED-8950773422AB,added,,4886,2107-12-31-23-59-56
Universe_mod.pak,bin/Skeletons/8DAEF564-31A6-495F-848A-27E49B470B95,added,,4950,2107-12-31-23-59-56
Universe_mod.pak,bin/Skeletons/8F9483D5-8405-4C14-9D90-A1BA265A7CC5,added,,4785,2107-12-31-23-59-56
Universe_mod.pak,bin/Skeletons/95DE105D-4E80-41F4-B565-AEAFED447860,added,,4943,2107-12-31-23-59-56
Universe_mod.pak,bin/Skeletons/9E4D386C-8C2F-4F29-B047-126E6AA5048E,added,,4863,2107-12-31-23-59-56
Universe_mod.pak,bin/Skeletons/A379EB68-404A-46FF-B26D-32C85576C4C2,added,,4780,2107-12-31-23-59-56
Universe_mod.pak,bin/Skeletons/ACA33190-2BC6-4553-B8FA-3439F2F22D44,added,,4899,2107-12-31-23-59-56
Universe_mod.pak,bin/Skeletons/BF156F46-DF23-4184-947E-722CD4188431,added,,4751,2107-12-31-23-59-56
Universe_mod.pak,bin/Skeletons/C23E8D01-DEDA-408B-A06F-2004527A6BE4,added,,4798,2107-12-31-23-59-56
Universe_mod.pak,bin/Skeletons/C8796EDF-1618-457A-9989-0A337D3C8689,added,,4775,2107-12-31-23-59-56
Universe_mod.pak,bin/Skeletons/C918424A-0C7E-4412-A482-7DE3A6E3CA1B,added,,4821,2107-12-31-23-59-56
Universe_mod.pak,bin/Skeletons/D03AC677-F791-460F-81F5-F115297D14A6,added,,4729,2107-12-31-23-59-56
Universe_mod.pak,bin/Skeletons/D40AE6A7-79F8-4BEC-90EF-C15056187E82,added,,4879,2107-12-31-23-59-56
Universe_mod.pak,bin/Skeletons/D501D0BD-649D-4CBA-ABA2-44DDD4685819,added,,4779,2107-12-31-23-59-56
Universe_mod.pak,bin/Skeletons/D65D11DD-0B79-4770-8297-39F87DD16DD7,added,,4928,2107-12-31-23-59-56
Universe_mod.pak,bin/Skeletons/D8CA2185-E5BE-41D0-94C4-A2A58F6BD031,added,,4916,2107-12-31-23-59-56
Universe_mod.pak,bin/Skeletons/E48D3FA1-BEA4-46EE-ABB2-C7391851FB06,added,,4904,2107-12-31-23-59-56
Universe_mod.pak,bin/Skeletons/E924501D-FE31-45B3-9BCA-CA434C1CD3B8,added,,4854,2107-12-31-23-59-56
Universe_mod.pak,bin/Skeletons/EA229B15-E788-43CA-8B4B-114E34F46CE9,added,,4826,2107-12-31-23-59-56
Universe_mod.pak,bin/Skeletons/EB613553-3AE9-49B9-9D85-3136522B89E7,added,,4902,2107-12-31-23-59-56
Universe_mod.pak,bin/Skeletons/F1792C70-E2EE-4D53-8AFE-AB1F6927DD97,added,,4874,2107-12-31-23-59-56
Universe_mod.pak,bin/Skeletons/F2D312C8-0881-4A69-BEC5-B270BEC2DAB5,added,,4898,2107-12-31-23-59-56
Universe_mod.pak,bin/Skeletons/F50C9973-76AA-467E-BEEF-20C2B419B981,added,,1084,2107-12-31-23-59-56
Universe_mod.pak,bin/Skeletons/F851CA6A-A204-413E-86F8-12644B2B937B,added,,4726,2107-12-31-23-59-56
Universe_mod.pak,bin/Skeletons/F9675C6B-DF4A-48CB-8699-E542F8973E7C,added,,4903,2107-12-31-23-59-56
Universe_mod.pak,Characters/Creatures/Universe_mod/Ancient_wolf/Ancient_wolf-arena-attack00.xdb,added,,710,2107-12-31-23-59-56
Universe_mod.pak,Characters/Creatures/Universe_mod/Ancient_wolf/Ancient_wolf-arena-death.xdb,added,,704,2107-12-31-23-59-56
Universe_mod.pak,Characters/Creatures/Universe_mod/Ancient_wolf/Ancient_wolf-arena-hit.xdb,added,,700,2107-12-31-23-59-56
Universe_mod.pak,Characters/Creatures/Universe_mod/Ancient_wolf/Ancient_wolf-arena-idle00.xdb,added,,681,2107-12-31-23-59-56
Universe_mod.pak,Characters/Creatures/Universe_mod/Ancient_wolf/Ancient_wolf-arena-move.xdb,added,,710,2107-12-31-23-59-56
Universe_mod.pak,Characters/Creatures/Universe_mod/Ancient_wolf/Ancient_wolf-arena-specability.xdb,added,,660,2107-12-31-23-59-56
Universe_mod.pak,Characters/Creatures/Universe_mod/Ancient_wolf/Ancient_wolf.(ArenaModel).xdb,added,,996,2107-12-31-23-59-56
Universe_mod.pak,Characters/Creatures/Universe_mod/Ancient_wolf/Ancient_wolf.(Character).xdb,added,,238,2107-12-31-23-59-56
Universe_mod.pak,Characters/Creatures/Universe_mod/Ancient_wolf/Ancient_wolf.(Material).xdb,added,,952,2107-12-31-23-59-56
Universe_mod.pak,Characters/Creatures/Universe_mod/Ancient_wolf/Ancient_wolf.(Model).xdb,added,,377,2107-12-31-23-59-56
Universe_mod.pak,Characters/Creatures/Universe_mod/Ancient_wolf/Ancient_wolf.(Texture).xdb,added,,559,2107-12-31-23-59-56
Universe_mod.pak,Characters/Creatures/Universe_mod/Ancient_wolf/Ancient_wolf.dds,added,,349680,2107-12-31-23-59-56
Universe_mod.pak,Editor/Builder/ModelBuilder.xdb,changed,data.pak,180,2107-12-31-23-59-56
Universe_mod.pak,Effects/_(Effect)/Buildings/AlchemistLab_Wheels.(ModelInstance).xdb,changed,data.pak,560,2107-12-31-23-59-56
Universe_mod.pak,Effects/_(Effect)/Buildings/AlchemistLab_Wheels_free.(ModelInstance).xdb,changed,data.pak,464,2107-12-31-23-59-56
Universe_mod.pak,Effects/_(Effect)/Buildings/CommonDwellingCastle.xdb,changed,data.pak,2175,2107-12-31-23-59-56
Universe_mod.pak,Effects/_(Effect)/Buildings/FountainOfYouth.xdb,changed,data.pak,2391,2107-12-31-23-59-56
Universe_mod.pak,Effects/_(Effect)/Buildings/GardenOfRevelation.xdb,changed,data.pak,4428,2107-12-31-23-59-56
Universe_mod.pak,Effects/_(Effect)/Buildings/MercenaryCamp.xdb,changed,data.pak,2643,2107-12-31-23-59-56
Universe_mod.pak,Effects/_(Effect)/Buildings/Prison.(Effect).xdb,changed,data.pak,406,2107-12-31-23-59-56
Universe_mod.pak,Effects/_(Effect)/Buildings/ShrineofMagic02.xdb,changed,data.pak,1812,2107-12-31-23-59-56
Universe_mod.pak,Effects/_(Effect)/Buildings/TraidingPost.xdb,changed,data.pak,2064,2107-12-31-23-59-56
Universe_mod.pak,Effects/_(Effect)/Buildings/UniverseFountainOfYouthResize.(ModelInstance).xdb,added,,470,2107-12-31-23-59-56
Universe_mod.pak,Effects/_(Effect)/Buildings/UniverseGardenOfRevelationResize.(ModelInstance).xdb,added,,550,2107-12-31-23-59-56
Universe_mod.pak,Effects/_(Effect)/Buildings/UniverseHavenDwel.(ModelInstance).xdb,added,,488,2107-12-31-23-59-56
Universe_mod.pak,Effects/_(Effect)/Buildings/UniverseMercenaryCampResize.(ModelInstance).xdb,added,,563,2107-12-31-23-59-56
Universe_mod.pak,Effects/_(Effect)/Buildings/UniversePrisonResize.(ModelInstance).xdb,added,,456,2107-12-31-23-59-56
Universe_mod.pak,Effects/_(Effect)/Buildings/UniverseResizeShrineT2.(ModelInstance).xdb,added,,462,2107-12-31-23-59-56
Universe_mod.pak,Effects/_(Effect)/Buildings/UniverseTradingPostResize.(ModelInstance).xdb,added,,479,2107-12-31-23-59-56
Universe_mod.pak,Effects/_(Effect)/Buildings/UniverseWarMachineFactoryResize.(ModelInstance).xdb,added,,467,2107-12-31-23-59-56
Universe_mod.pak,Effects/_(Effect)/Buildings/WarMachineFactory.xdb,changed,data.pak,1833,2107-12-31-23-59-56
Universe_mod.pak,Effects/_(Effect)/Buildings/Dwellings/Academy/CommonDwelling.xdb,changed,data.pak,1825,2107-12-31-23-59-56
Universe_mod.pak,Effects/_(Effect)/Buildings/Dwellings/Academy/UniverseAcademyDwel.(ModelInstance).xdb,added,,576,2107-12-31-23-59-56
Universe_mod.pak,Effects/_(Effect)/Buildings/Dwellings/Dungeon/Military_Post.(Effect).xdb,changed,data.pak,688,2107-12-31-23-59-56
Universe_mod.pak,Effects/_(Effect)/Buildings/Dwellings/Dungeon/UniverseDungeonDwel.(ModelInstance).xdb,added,,473,2107-12-31-23-59-56
Universe_mod.pak,Effects/_(Effect)/Buildings/Dwellings/Dungeon/Military_Post/Cristal.(ModelInstance).xdb,changed,data.pak,514,2107-12-31-23-59-56
Universe_mod.pak,Effects/_(Effect)/Buildings/Dwellings/Dungeon/Military_Post/CristalGlow.(ParticleInstance).xdb,changed,data.pak,923,2107-12-31-23-59-56
Universe_mod.pak,Effects/_(Effect)/Buildings/Dwellings/Dungeon/Military_Post/CristalRay.(ModelInstance).xdb,changed,data.pak,648,2107-12-31-23-59-56
Universe_mod.pak,Effects/_(Effect)/Buildings/Dwellings/Dungeon/Military_Post/Cristal_Down.(ParticleInstance).xdb,changed,data.pak,1082,2107-12-31-23-59-56
Universe_mod.pak,Effects/_(Effect)/Buildings/Dwellings/Inferno/Common_Dwelling_Inferno/Pod.(ModelInstance).xdb,changed,data.pak,510,2107-12-31-23-59-56
Universe_mod.pak,Effects/_(Effect)/Buildings/Dwellings/Inferno/Inferno_Military_Post/smoke.(ParticleInstance).xdb,changed,data.pak,1436,2107-12-31-23-59-56
Universe_mod.pak,Effects/_(Effect)/Buildings/Dwellings/Inferno/Military_Post/InfernoMilitaryPost.(Effect).xdb,same,data.pak,670,2107-12-31-23-59-56
Universe_mod.pak,Effects/_(Effect)/Buildings/Dwellings/Inferno/Military_Post/InfernoMilitaryPostFree.(Effect).xdb,changed,data.pak,606,2107-12-31-23-59-56
Universe_mod.pak,Effects/_(Effect)/Buildings/Dwellings/Inferno/Military_Post/UniverseInfernoDwel.(ModelInstance).xdb,added,,596,2107-12-31-23-59-56
Universe_mod.pak,Effects/_(Effect)/Buildings/Dwellings/Orcs/T4_Dwelling.(Effect).xdb,changed,data.pak,395,2107-12-31-23-59-56
Universe_mod.pak,Effects/_(Effect)/Buildings/Dwellings/Orcs/UniverseOrcsDwel.(ModelInstance).xdb,added,,472,2107-12-31-23-59-56
Universe_mod.pak,Effects/_(Effect)/Buildings/Dwellings/Orcs/T4_Dwelling/Fire/DragonUtopia.(ParticleInstance).xdb,changed,data.pak,1872,2107-12-31-23-59-56
Universe_mod.pak,Effects/_(Effect)/Buildings/Dwellings/Rampart/Preserve_Military_Post.(Effect).xdb,changed,data.pak,594,2107-12-31-23-59-56
Universe_mod.pak,Effects/_(Effect)/Buildings/Dwellings/Rampart/Ring.(ModelInstance).xdb,changed,data.pak,656,2107-12-31-23-59-56
Universe_mod.pak,Effects/_(Effect)/Buildings/Dwellings/Rampart/UniverseSylvantDwelling.(ModelInstance).xdb,added,,482,2107-12-31-23-59-56
Universe_mod.pak,Effects/_(Effect)/Buildings/Dwellings/Rampart/Preserve_Military_Post/Spark.(ParticleInstance).xdb,changed,data.pak,857,2107-12-31-23-59-56
Universe_mod.pak,Effects/_(Effect)/Buildings/Dwellings/Rampart/Preserve_Military_Post/Spark01.(ParticleInstance).xdb,changed,data.pak,855,2107-12-31-23-59-56
Universe_mod.pak,Effects/_(Effect)/Buildings/FPP2/Prison.(ParticleInstance).xdb,changed,data.pak,855,2107-12-31-23-59-56
Universe_mod.pak,Effects/_(Effect)/Buildings/H5A2/House_Of_Astrologer/House_Of_Astrologer.(Effect).xdb,changed,data.pak,393,2107-12-31-23-59-56
Universe_mod.pak,Effects/_(Effect)/Buildings/H5A2/House_Of_Astrologer/UniverseAstrologerResize.(ModelInstance).xdb,added,,549,2107-12-31-23-59-56
Universe_mod.pak,Effects/_(Effect)/Buildings/MercenaryCamp/Fire.(ModelInstance).xdb,changed,data.pak,467,2107-12-31-23-59-56
Universe_mod.pak,Effects/_(Effect)/Buildings/Mines/AlchemistLab_captured.xdb,changed,data.pak,2937,2107-12-31-23-59-56
Universe_mod.pak,Effects/_(Effect)/Buildings/Mines/AlchemistLab_free.(Effect).xdb,changed,data.pak,409,2107-12-31-23-59-56
Universe_mod.pak,Effects/_(Effect)/Buildings/Mines/UniverseAlchemistLabResize.(ModelInstance).xdb,added,,463,2107-12-31-23-59-56
Universe_mod.pak,Effects/_(Effect)/Buildings/Schol_of_Magic/Circle_Root.(ModelInstance).xdb,changed,data.pak,590,2107-12-31-23-59-56
Universe_mod.pak,Effects/_(Effect)/Buildings/Schol_of_Magic/Sphere_Root.(ModelInstance).xdb,changed,data.pak,590,2107-12-31-23-59-56
Universe_mod.pak,Effects/_(Effect)/Buildings/Schol_of_Magic/Windows_Root.(ModelInstance).xdb,changed,data.pak,475,2107-12-31-23-59-56
Universe_mod.pak,Effects/_(Effect)/Towns/Haven/MilitaryPost/Windows.(ModelInstance).xdb,changed,data.pak,495,2107-12-31-23-59-56
Universe_mod.pak,Effects/_(Effect)/Universe_mod/Demonbank.(Effect).xdb,added,,548,2107-12-31-23-59-56
Universe_mod.pak,Effects/_(Effect)/Universe_mod/EnchantedTreasure.(Effect).xdb,added,,347,2107-12-31-23-59-56
Universe_mod.pak,Effects/_(Effect)/Universe_mod/LearningStone_10.xdb,added,,4420,2107-12-31-23-59-56
Universe_mod.pak,Effects/_(Effect)/Universe_mod/LearningStone_5.xdb,added,,4349,2107-12-31-23-59-56
Universe_mod.pak,Effects/_(Effect)/Universe_mod/Monasterybank.(Effect).xdb,added,,318,2107-12-31-23-59-56
Universe_mod.pak,Effects/_(Effect)/Universe_mod/NecroEstate.(Effect).xdb,added,,453,2107-12-31-23-59-56
Universe_mod.pak,Effects/_(Effect)/Universe_mod/UniverseDemonBankSiulfur.(ModelInstance).xdb,added,,457,2107-12-31-23-59-56
Universe_mod.pak,Effects/_(Effect)/Universe_mod/WarcryShrine.(Effect).xdb,added,,4725,2107-12-31-23-59-56
Universe_mod.pak,Effects/_(Effect)/Universe_mod/Static/Birch_2x2_1.(Effect).xdb,added,,448,2107-12-31-23-59-56
Universe_mod.pak,Effects/_(Effect)/Universe_mod/Static/Birch_2x2_2.(Effect).xdb,added,,448,2107-12-31-23-59-56
Universe_mod.pak,Effects/_(Effect)/Universe_mod/Static/Birch_2x2_3.(Effect).xdb,added,,448,2107-12-31-23-59-56
Universe_mod.pak,Effects/_(Effect)/Universe_mod/Static/Birch_2x2_4.(Effect).xdb,added,,448,2107-12-31-23-59-56
Universe_mod.pak,Effects/_(Effect)/Universe_mod/Static/Birch_2x3_1.(Effect).xdb,added,,571,2107-12-31-23-59-56
Universe_mod.pak,Effects/_(Effect)/Universe_mod/Static/Birch_2x3_2.(Effect).xdb,added,,571,2107-12-31-23-59-56
Universe_mod.pak,Effects/_(Effect)/Universe_mod/Static/Oakaut_2x2_1.(Effect).xdb,added,,450,2107-12-31-23-59-56
Universe_mod.pak,Effects/_(Effect)/Universe_mod/Static/Oakaut_2x2_2.(Effect).xdb,added,,450,2107-12-31-23-59-56
Universe_mod.pak,Effects/_(Effect)/Universe_mod/Static/Oakaut_2x2_3.(Effect).xdb,added,,450,2107-12-31-23-59-56
Universe_mod.pak,Effects/_(Effect)/Universe_mod/Static/Oakaut_2x3_1.(Effect).xdb,added,,574,2107-12-31-23-59-56
Universe_mod.pak,Effects/_(Effect)/Universe_mod/Static/Oakaut_2x3_2.(Effect).xdb,added,,574,2107-12-31-23-59-56
Universe_mod.pak,Effects/_(Effect)/Universe_mod/Static/Oak_2x2_1.(Effect).xdb,added,,444,2107-12-31-23-59-56
Universe_mod.pak,Effects/_(Effect)/Universe_mod/Static/Oak_2x2_2.(Effect).xdb,added,,444,2107-12-31-23-59-56
Universe_mod.pak,Effects/_(Effect)/Universe_mod/Static/Oak_2x2_3.(Effect).xdb,added,,444,2107-12-31-23-59-56
Universe_mod.pak,Effects/_(Effect)/Universe_mod/Static/Oak_2x3_1.(Effect).xdb,added,,565,2107-12-31-23-59-56
Universe_mod.pak,Effects/_(Effect)/Universe_mod/Static/Oak_2x3_2.(Effect).xdb,added,,565,2107-12-31-23-59-56
Universe_mod.pak,Effects/_(Effect)/Universe_mod/Static/SnowSpruce_2x2_1.(Effect).xdb,added,,458,2107-12-31-23-59-56
Universe_mod.pak,Effects/_(Effect)/Universe_mod/Static/SnowSpruce_2x2_2.(Effect).xdb,added,,458,2107-12-31-23-59-56
Universe_mod.pak,Effects/_(Effect)/Universe_mod/Static/SnowSpruce_2x3_1.(Effect).xdb,added,,586,2107-12-31-23-59-56
Universe_mod.pak,Effects/_(Effect)/Universe_mod/Static/SnowSpruce_2x3_2.(Effect).xdb,added,,586,2107-12-31-23-59-56
Universe_mod.pak,Effects/_(Effect)/Universe_mod/Static/Spruce_2x2_1.(Effect).xdb,added,,450,2107-12-31-23-59-56
Universe_mod.pak,Effects/_(Effect)/Universe_mod/Static/Spruce_2x2_2.(Effect).xdb,added,,450,2107-12-31-23-59-56
Universe_mod.pak,Effects/_(Effect)/Universe_mod/Static/Spruce_2x3_1.(Effect).xdb,added,,574,2107-12-31-23-59-56
Universe_mod.pak,Effects/_(Effect)/Universe_mod/Static/Spruce_2x3_2.(Effect).xdb,added,,574,2107-12-31-23-59-56
Universe_mod.pak,Effects/_(ModelInstance)/Universe_mod/Demonbank.(ModelInstance).xdb,added,,469,2107-12-31-23-59-56
Universe_mod.pak,Effects/_(ModelInstance)/Universe_mod/EnchantedTreasure.(ModelInstance).xdb,added,,465,2107-12-31-23-59-56
Universe_mod.pak,Effects/_(ModelInstance)/Universe_mod/Monasterybank.(ModelInstance).xdb,added,,465,2107-12-31-23-59-56
Universe_mod.pak,Effects/_(ModelInstance)/Universe_mod/NecroEstate.(ModelInstance).xdb,added,,462,2107-12-31-23-59-56
Universe_mod.pak,Effects/_(ModelInstance)/Universe_mod/WarcryShrine.(ModelInstance).xdb,added,,464,2107-12-31-23-59-56
Universe_mod.pak,Effects/_(ModelInstance)/Universe_mod/Static/Birch_2x2_1_1.(ModelInstance).xdb,added,,479,2107-12-31-23-59-56
Universe_mod.pak,Effects/_(ModelInstance)/Universe_mod/Static/Birch_2x2_1_2.(ModelInstance).xdb,added,,479,2107-12-31-23-59-56
Universe_mod.pak,Effects/_(ModelInstance)/Universe_mod/Static/Birch_2x2_2_1.(ModelInstance).xdb,added,,479,2107-12-31-23-59-56
Universe_mod.pak,Effects/_(ModelInstance)/Universe_mod/Static/Birch_2x2_2_2.(ModelInstance).xdb,added,,479,2107-12-31-23-59-56
Universe_mod.pak,Effects/_(ModelInstance)/Universe_mod/Static/Birch_2x2_3_1.(ModelInstance).xdb,added,,479,2107-12-31-23-59-56
Universe_mod.pak,Effects/_(ModelInstance)/Universe_mod/Static/Birch_2x2_3_2.(ModelInstance).xdb,added,,479,2107-12-31-23-59-56
Universe_mod.pak,Effects/_(ModelInstance)/Universe_mod/Static/Birch_2x2_4_1.(ModelInstance).xdb,added,,479,2107-12-31-23-59-56
Universe_mod.pak,Effects/_(ModelInstance)/Universe_mod/Static/Birch_2x2_4_2.(ModelInstance).xdb,added,,479,2107-12-31-23-59-56
Universe_mod.pak,Effects/_(ModelInstance)/Universe_mod/Static/Birch_2x3_1_1.(ModelInstance).xdb,added,,477,2107-12-31-23-59-56
Universe_mod.pak,Effects/_(ModelInstance)/Universe_mod/Static/Birch_2x3_1_2.(ModelInstance).xdb,added,,480,2107-12-31-23-59-56
Universe_mod.pak,Effects/_(ModelInstance)/Universe_mod/Static/Birch_2x3_1_3.(ModelInstance).xdb,added,,479,2107-12-31-23-59-56
Universe_mod.pak,Effects/_(ModelInstance)/Universe_mod/Static/Birch_2x3_2_1.(ModelInstance).xdb,added,,477,2107-12-31-23-59-56
Universe_mod.pak,Effects/_(ModelInstance)/Universe_mod/Static/Birch_2x3_2_2.(ModelInstance).xdb,added,,478,2107-12-31-23-59-56
Universe_mod.pak,Effects/_(ModelInstance)/Universe_mod/Static/Birch_2x3_2_3.(ModelInstance).xdb,added,,479,2107-12-31-23-59-56
Universe_mod.pak,Effects/_(ModelInstance)/Universe_mod/Static/Oakaut_2x2_1_1.(ModelInstance).xdb,added,,478,2107-12-31-23-59-56
Universe_mod.pak,Effects/_(ModelInstance)/Universe_mod/Static/Oakaut_2x2_1_2.(ModelInstance).xdb,added,,478,2107-12-31-23-59-56
Universe_mod.pak,Effects/_(ModelInstance)/Universe_mod/Static/Oakaut_2x2_2_1.(ModelInstance).xdb,added,,478,2107-12-31-23-59-56
Universe_mod.pak,Effects/_(ModelInstance)/Universe_mod/Static/Oakaut_2x2_2_2.(ModelInstance).xdb,added,,478,2107-12-31-23-59-56
Universe_mod.pak,Effects/_(ModelInstance)/Universe_mod/Static/Oakaut_2x2_3_1.(ModelInstance).xdb,added,,478,2107-12-31-23-59-56
Universe_mod.pak,Effects/_(ModelInstance)/Universe_mod/Static/Oakaut_2x2_3_2.(ModelInstance).xdb,added,,478,2107-12-31-23-59-56
Universe_mod.pak,Effects/_(ModelInstance)/Universe_mod/Static/Oakaut_2x3_1_1.(ModelInstance).xdb,added,,476,2107-12-31-23-59-56
Universe_mod.pak,Effects/_(ModelInstance)/Universe_mod/Static/Oakaut_2x3_1_2.(ModelInstance).xdb,added,,479,2107-12-31-23-59-56
Universe_mod.pak,Effects/_(ModelInstance)/Universe_mod/Static/Oakaut_2x3_1_3.(ModelInstance).xdb,added,,478,2107-12-31-23-59-56
Universe_mod.pak,Effects/_(ModelInstance)/Universe_mod/Static/Oakaut_2x3_2_1.(ModelInstance).xdb,added,,476,2107-12-31-23-59-56
Universe_mod.pak,Effects/_(ModelInstance)/Universe_mod/Static/Oakaut_2x3_2_2.(ModelInstance).xdb,added,,477,2107-12-31-23-59-56
Universe_mod.pak,Effects/_(ModelInstance)/Universe_mod/Static/Oakaut_2x3_2_3.(ModelInstance).xdb,added,,478,2107-12-31-23-59-56
Universe_mod.pak,Effects/_(ModelInstance)/Universe_mod/Static/Oak_2x2_1_1.(ModelInstance).xdb,added,,475,2107-12-31-23-59-56
Universe_mod.pak,Effects/_(ModelInstance)/Universe_mod/Static/Oak_2x2_1_2.(ModelInstance).xdb,added,,475,2107-12-31-23-59-56
Universe_mod.pak,Effects/_(ModelInstance)/Universe_mod/Static/Oak_2x2_2_1.(ModelInstance).xdb,added,,475,2107-12-31-23-59-56
Universe_mod.pak,Effects/_(ModelInstance)/Universe_mod/Static/Oak_2x2_2_2.(ModelInstance).xdb,added,,475,2107-12-31-23-59-56
Universe_mod.pak,Effects/_(ModelInstance)/Universe_mod/Static/Oak_2x2_3_1.(ModelInstance).xdb,added,,475,2107-12-31-23-59-56
Universe_mod.pak,Effects/_(ModelInstance)/Universe_mod/Static/Oak_2x2_3_2.(ModelInstance).xdb,added,,475,2107-12-31-23-59-56
Universe_mod.pak,Effects/_(ModelInstance)/Universe_mod/Static/Oak_2x3_1_1.(ModelInstance).xdb,added,,473,2107-12-31-23-59-56
Universe_mod.pak,Effects/_(ModelInstance)/Universe_mod/Static/Oak_2x3_1_2.(ModelInstance).xdb,added,,476,2107-12-31-23-59-56
Universe_mod.pak,Effects/_(ModelInstance)/Universe_mod/Static/Oak_2x3_1_3.(ModelInstance).xdb,added,,475,2107-12-31-23-59-56
Universe_mod.pak,Effects/_(ModelInstance)/Universe_mod/Static/Oak_2x3_2_1.(ModelInstance).xdb,added,,473,2107-12-31-23-59-56
Universe_mod.pak,Effects/_(ModelInstance)/Universe_mod/Static/Oak_2x3_2_2.(ModelInstance).xdb,added,,474,2107-12-31-23-59-56
Universe_mod.pak,Effects/_(ModelInstance)/Universe_mod/Static/Oak_2x3_2_3.(ModelInstance).xdb,added,,475,2107-12-31-23-59-56
Universe_mod.pak,Effects/_(ModelInstance)/Universe_mod/Static/SnowSpruce_2x2_1_1.(ModelInstance).xdb,added,,469,2107-12-31-23-59-56
Universe_mod.pak,Effects/_(ModelInstance)/Universe_mod/Static/SnowSpruce_2x2_1_2.(ModelInstance).xdb,added,,467,2107-12-31-23-59-56
Universe_mod.pak,Effects/_(ModelInstance)/Universe_mod/Static/SnowSpruce_2x2_2_1.(ModelInstance).xdb,added,,469,2107-12-31-23-59-56
Universe_mod.pak,Effects/_(ModelInstance)/Universe_mod/Static/SnowSpruce_2x2_2_2.(ModelInstance).xdb,added,,469,2107-12-31-23-59-56
Universe_mod.pak,Effects/_(ModelInstance)/Universe_mod/Static/SnowSpruce_2x3_1_1.(ModelInstance).xdb,added,,470,2107-12-31-23-59-56
Universe_mod.pak,Effects/_(ModelInstance)/Universe_mod/Static/SnowSpruce_2x3_1_2.(ModelInstance).xdb,added,,468,2107-12-31-23-59-56
Universe_mod.pak,Effects/_(ModelInstance)/Universe_mod/Static/SnowSpruce_2x3_1_3.(ModelInstance).xdb,added,,465,2107-12-31-23-59-56
Universe_mod.pak,Effects/_(ModelInstance)/Universe_mod/Static/SnowSpruce_2x3_2_1.(ModelInstance).xdb,added,,467,2107-12-31-23-59-56
Universe_mod.pak,Effects/_(ModelInstance)/Universe_mod/Static/SnowSpruce_2x3_2_2.(ModelInstance).xdb,added,,468,2107-12-31-23-59-56
Universe_mod.pak,Effects/_(ModelInstance)/Universe_mod/Static/SnowSpruce_2x3_2_3.(ModelInstance).xdb,added,,467,2107-12-31-23-59-56
Universe_mod.pak,Effects/_(ModelInstance)/Universe_mod/Static/Spruce_2x2_1_1.(ModelInstance).xdb,added,,487,2107-12-31-23-59-56
Universe_mod.pak,Effects/_(ModelInstance)/Universe_mod/Static/Spruce_2x2_1_2.(ModelInstance).xdb,added,,485,2107-12-31-23-59-56
Universe_mod.pak,Effects/_(ModelInstance)/Universe_mod/Static/Spruce_2x2_2_1.(ModelInstance).xdb,added,,487,2107-12-31-23-59-56
Universe_mod.pak,Effects/_(ModelInstance)/Universe_mod/Static/Spruce_2x2_2_2.(ModelInstance).xdb,added,,487,2107-12-31-23-59-56
Universe_mod.pak,Effects/_(ModelInstance)/Universe_mod/Static/Spruce_2x3_1_1.(ModelInstance).xdb,added,,488,2107-12-31-23-59-56
Universe_mod.pak,Effects/_(ModelInstance)/Universe_mod/Static/Spruce_2x3_1_2.(ModelInstance).xdb,added,,486,2107-12-31-23-59-56
Universe_mod.pak,Effects/_(ModelInstance)/Universe_mod/Static/Spruce_2x3_1_3.(ModelInstance).xdb,added,,487,2107-12-31-23-59-56
Universe_mod.pak,Effects/_(ModelInstance)/Universe_mod/Static/Spruce_2x3_2_1.(ModelInstance).xdb,added,,485,2107-12-31-23-59-56
Universe_mod.pak,Effects/_(ModelInstance)/Universe_mod/Static/Spruce_2x3_2_2.(ModelInstance).xdb,added,,486,2107-12-31-23-59-56
Universe_mod.pak,Effects/_(ModelInstance)/Universe_mod/Static/Spruce_2x3_2_3.(ModelInstance).xdb,added,,485,2107-12-31-23-59-56
Universe_mod.pak,Effects/_(ParticleInstance)/Universe_mod/Demonbank.(ParticleInstance).xdb,added,,1716,2107-12-31-23-59-56
Universe_mod.pak,Effects/_(ParticleInstance)/Universe_mod/E_Stone.xdb,added,,1062,2107-12-31-23-59-56
Universe_mod.pak,Effects/_(ParticleInstance)/Universe_mod/NecroEstate.(ParticleInstance).xdb,added,,1392,2107-12-31-23-59-56
Universe_mod.pak,Effects/_(ParticleInstance)/Universe_mod/W_Stone.xdb,added,,1133,2107-12-31-23-59-56
Universe_mod.pak,GameMechanics/Universe_Constants.xdb,added,,627,2107-12-31-23-59-56
Universe_mod.pak,GameMechanics/Creature/Creatures/Academy/Arch_Magi.xdb,changed,data.pak,1897,2107-12-31-23-59-56
Universe_mod.pak,GameMechanics/Creature/Creatures/Academy/Genie.xdb,changed,data.pak,1713,2107-12-31-23-59-56
Universe_mod.pak,GameMechanics/Creature/Creatures/Academy/Giant.xdb,changed,data.pak,1516,2107-12-31-23-59-56
Universe_mod.pak,GameMechanics/Creature/Creatures/Academy/Gremlin.xdb,changed,data.pak,1470,2107-12-31-23-59-56
Universe_mod.pak,GameMechanics/Creature/Creatures/Academy/Iron_Golem.xdb,changed,data.pak,1601,2107-12-31-23-59-56
Universe_mod.pak,GameMechanics/Creature/Creatures/Academy/Magi.xdb,changed,data.pak,1752,2107-12-31-23-59-56
Universe_mod.pak,GameMechanics/Creature/Creatures/Academy/Master_Genie.xdb,changed,data.pak,1641,2107-12-31-23-59-56
Universe_mod.pak,GameMechanics/Creature/Creatures/Academy/Master_Gremlin.xdb,changed,data.pak,1577,2107-12-31-23-59-56
Universe_mod.pak,GameMechanics/Creature/Creatures/Academy/Obsidian_Gargoyle.xdb,changed,data.pak,1607,2107-12-31-23-59-56
Universe_mod.pak,GameMechanics/Creature/Creatures/Academy/Rakshasa.xdb,changed,data.pak,1541,2107-12-31-23-59-56
Universe_mod.pak,GameMechanics/Creature/Creatures/Academy/Rakshasa_Rukh.xdb,changed,data.pak,1596,2107-12-31-23-59-56
Universe_mod.pak,GameMechanics/Creature/Creatures/Academy/Steel_Golem.xdb,changed,data.pak,1561,2107-12-31-23-59-56
Universe_mod.pak,GameMechanics/Creature/Creatures/Academy/Stone_Gargoyle.xdb,changed,data.pak,1611,2107-12-31-23-59-56
Universe_mod.pak,GameMechanics/Creature/Creatures/Academy/Titan.xdb,changed,data.pak,1640,2107-12-31-23-59-56
Universe_mod.pak,GameMechanics/Creature/Creatures/Academy/3rd/CombatMage.xdb,changed,data.pak,1731,2107-12-31-23-59-56
Universe_mod.pak,GameMechanics/Creature/Creatures/Academy/3rd/DjinnVizier.xdb,changed,data.pak,1561,2107-12-31-23-59-56
Universe_mod.pak,GameMechanics/Creature/Creatures/Academy/3rd/GremlinSaboteur.xdb,changed,data.pak,1485,2107-12-31-23-59-56
Universe_mod.pak,GameMechanics/Creature/Creatures/Academy/3rd/MarbleGargoyle.xdb,changed,data.pak,1648,2107-12-31-23-59-56
Universe_mod.pak,GameMechanics/Creature/Creatures/Academy/3rd/ObsidianGolem.xdb,changed,data.pak,1551,2107-12-31-23-59-56
Universe_mod.pak,GameMechanics/Creature/Creatures/Academy/3rd/RakshasaKshatri.xdb,changed,data.pak,1686,2107-12-31-23-59-56
Universe_mod.pak,GameMechanics/Creature/Creatures/Academy/3rd/StormLord.xdb,changed,data.pak,1519,2107-12-31-23-59-56
Universe_mod.pak,GameMechanics/Creature/Creatures/Dungeon/Assassin.xdb,changed,data.pak,1528,2107-12-31-23-59-56
Universe_mod.pak,GameMechanics/Creature/Creatures/Dungeon/Black_Dragon.xdb,changed,data.pak,1565,2107-12-31-23-59-56
Universe_mod.pak,GameMechanics/Creature/Creatures/Dungeon/Blood_Witch.xdb,changed,data.pak,1498,2107-12-31-23-59-56
Universe_mod.pak,GameMechanics/Creature/Creatures/Dungeon/Chaos_Hydra.xdb,changed,data.pak,2850,2107-12-31-23-59-56
Universe_mod.pak,GameMechanics/Creature/Creatures/Dungeon/Deep_Dragon.xdb,changed,data.pak,1607,2107-12-31-23-59-56
Universe_mod.pak,GameMechanics/Creature/Creatures/Dungeon/Hydra.xdb,changed,data.pak,7781,2107-12-31-23-59-56
Universe_mod.pak,GameMechanics/Creature/Creatures/Dungeon/Matriarch.xdb,changed,data.pak,1854,2107-12-31-23-59-56
Universe_mod.pak,GameMechanics/Creature/Creatures/Dungeon/Matron.xdb,changed,data.pak,1797,2107-12-31-23-59-56
Universe_mod.pak,GameMechanics/Creature/Creatures/Dungeon/Minotaur.xdb,changed,data.pak,1541,2107-12-31-23-59-56
Universe_mod.pak,GameMechanics/Creature/Creatures/Dungeon/Minotaur_King.xdb,changed,data.pak,1491,2107-12-31-23-59-56
Universe_mod.pak,GameMechanics/Creature/Creatures/Dungeon/Ravager.xdb,changed,data.pak,1479,2107-12-31-23-59-56
Universe_mod.pak,GameMechanics/Creature/Creatures/Dungeon/Rider.xdb,changed,data.pak,1526,2107-12-31-23-59-56
Universe_mod.pak,GameMechanics/Creature/Creatures/Dungeon/Scout.xdb,changed,data.pak,1565,2107-12-31-23-59-56
Universe_mod.pak,GameMechanics/Creature/Creatures/Dungeon/Witch.xdb,changed,data.pak,1538,2107-12-31-23-59-56
Universe_mod.pak,GameMechanics/Creature/Creatures/Dungeon/3rd/AcidicHydra.xdb,changed,data.pak,1664,2107-12-31-23-59-56
Universe_mod.pak,GameMechanics/Creature/Creatures/Dungeon/3rd/BlackRider.xdb,changed,data.pak,1487,2107-12-31-23-59-56
Universe_mod.pak,GameMechanics/Creature/Creatures/Dungeon/3rd/BloodWitch2.xdb,changed,data.pak,1544,2107-12-31-23-59-56
Universe_mod.pak,GameMechanics/Creature/Creatures/Dungeon/3rd/MinotaurCaptain.xdb,changed,data.pak,1462,2107-12-31-23-59-56
Universe_mod.pak,GameMechanics/Creature/Creatures/Dungeon/3rd/RedDragon.xdb,changed,data.pak,1588,2107-12-31-23-59-56
Universe_mod.pak,GameMechanics/Creature/Creatures/Dungeon/3rd/ShadowMistress.xdb,changed,data.pak,1900,2107-12-31-23-59-56
Universe_mod.pak,GameMechanics/Creature/Creatures/Dungeon/3rd/Stalker.xdb,changed,data.pak,1482,2107-12-31-23-59-56
Universe_mod.pak,GameMechanics/Creature/Creatures/Dwarf/Axe_Fighter.xdb,changed,data.pak,1505,2107-12-31-23-59-56
Universe_mod.pak,GameMechanics/Creature/Creatures/Dwarf/Axe_Thrower.xdb,changed,data.pak,1465,2107-12-31-23-59-56
Universe_mod.pak,GameMechanics/Creature/Creatures/Dwarf/Bear_Raider.xdb,changed,data.pak,1526,2107-12-31-23-59-56
Universe_mod.pak,GameMechanics/Creature/Creatures/Dwarf/Berserker.xdb,changed,data.pak,1594,2107-12-31-23-59-56
Universe_mod.pak,GameMechanics/Creature/Creatures/Dwarf/Blackbear_Raider.xdb,changed,data.pak,1504,2107-12-31-23-59-56
Universe_mod.pak,GameMechanics/Creature/Creatures/Dwarf/Brawler.xdb,changed,data.pak,1518,2107-12-31-23-59-56
Universe_mod.pak,GameMechanics/Creature/Creatures/Dwarf/Defender.xdb,changed,data.pak,1580,2107-12-31-23-59-56
Universe_mod.pak,GameMechanics/Creature/Creatures/Dwarf/Fire_Dragon.xdb,changed,data.pak,1733,2107-12-31-23-59-56
Universe_mod.pak,GameMechanics/Creature/Creatures/Dwarf/Flame_Mage.xdb,changed,data.pak,1813,2107-12-31-23-59-56
Universe_mod.pak,GameMechanics/Creature/Creatures/Dwarf/Magma_Dragon.xdb,changed,data.pak,1650,2107-12-31-23-59-56
Universe_mod.pak,GameMechanics/Creature/Creatures/Dwarf/Rune_Mage.xdb,changed,data.pak,1668,2107-12-31-23-59-56
Universe_mod.pak,GameMechanics/Creature/Creatures/Dwarf/Stout_Defender.xdb,changed,data.pak,1532,2107-12-31-23-59-56
Universe_mod.pak,GameMechanics/Creature/Creatures/Dwarf/Thane.xdb,changed,data.pak,1502,2107-12-31-23-59-56
Universe_mod.pak,GameMechanics/Creature/Creatures/Dwarf/Warlord.xdb,changed,data.pak,1523,2107-12-31-23-59-56
Universe_mod.pak,GameMechanics/Creature/Creatures/Dwarf/3rd/BattleRager.xdb,changed,data.pak,1590,2107-12-31-23-59-56
Universe_mod.pak,GameMechanics/Creature/Creatures/Dwarf/3rd/FlameKeeper.xdb,changed,data.pak,1739,2107-12-31-23-59-56
Universe_mod.pak,GameMechanics/Creature/Creatures/Dwarf/3rd/Harpooner.xdb,changed,data.pak,1510,2107-12-31-23-59-56
Universe_mod.pak,GameMechanics/Creature/Creatures/Dwarf/3rd/LavaDragon.xdb,changed,data.pak,1659,2107-12-31-23-59-56
Universe_mod.pak,GameMechanics/Creature/Creatures/Dwarf/3rd/StoneDefender.xdb,changed,data.pak,1624,2107-12-31-23-59-56
Universe_mod.pak,GameMechanics/Creature/Creatures/Dwarf/3rd/ThunderThane.xdb,changed,data.pak,1555,2107-12-31-23-59-56
Universe_mod.pak,GameMechanics/Creature/Creatures/Dwarf/3rd/WhiteBearRider.xdb,changed,data.pak,1518,2107-12-31-23-59-56
Universe_mod.pak,GameMechanics/Creature/Creatures/Haven/Angel.xdb,changed,data.pak,1469,2107-12-31-23-59-56
Universe_mod.pak,GameMechanics/Creature/Creatures/Haven/Archangel.xdb,changed,data.pak,1572,2107-12-31-23-59-56
Universe_mod.pak,GameMechanics/Creature/Creatures/Haven/Archer.xdb,changed,data.pak,1976,2107-12-31-23-59-56
Universe_mod.pak,GameMechanics/Creature/Creatures/Haven/Cavalier.xdb,changed,data.pak,1520,2107-12-31-23-59-56
Universe_mod.pak,GameMechanics/Creature/Creatures/Haven/Cleric.xdb,changed,data.pak,1739,2107-12-31-23-59-56
Universe_mod.pak,GameMechanics/Creature/Creatures/Haven/Footman.xdb,same,data.pak,1581,2107-12-31-23-59-56
Universe_mod.pak,GameMechanics/Creature/Creatures/Haven/Griffin.xdb,changed,data.pak,1582,2107-12-31-23-59-56
Universe_mod.pak,GameMechanics/Creature/Creatures/Haven/Marksman.xdb,changed,data.pak,1464,2107-12-31-23-59-56
Universe_mod.pak,GameMechanics/Creature/Creatures/Haven/Militiaman.xdb,changed,data.pak,1491,2107-12-31-23-59-56
Universe_mod.pak,GameMechanics/Creature/Creatures/Haven/Paladin.xdb,changed,data.pak,1639,2107-12-31-23-59-56
Universe_mod.pak,GameMechanics/Creature/Creatures/Haven/Peasant.xdb,changed,data.pak,1513,2107-12-31-23-59-56
Universe_mod.pak,GameMechanics/Creature/Creatures/Haven/Priest.xdb,changed,data.pak,1520,2107-12-31-23-59-56
Universe_mod.pak,GameMechanics/Creature/Creatures/Haven/Royal_Griffin.xdb,changed,data.pak,1653,2107-12-31-23-59-56
Universe_mod.pak,GameMechanics/Creature/Creatures/Haven/Swordsman.xdb,changed,data.pak,1536,2107-12-31-23-59-56
Universe_mod.pak,GameMechanics/Creature/Creatures/Haven/Renegates/BattleGriffin.xdb,same,data.pak,1600,2107-12-31-23-59-56
Universe_mod.pak,GameMechanics/Creature/Creatures/Haven/Renegates/Champion.xdb,changed,data.pak,1481,2107-12-31-23-59-56
Universe_mod.pak,GameMechanics/Creature/Creatures/Haven/Renegates/Landlord.xdb,changed,data.pak,1494,2107-12-31-23-59-56
Universe_mod.pak,GameMechanics/Creature/Creatures/Haven/Renegates/Longbowman.xdb,changed,data.pak,1475,2107-12-31-23-59-56
Universe_mod.pak,GameMechanics/Creature/Creatures/Haven/Renegates/Seraph.xdb,changed,data.pak,1629,2107-12-31-23-59-56
Universe_mod.pak,GameMechanics/Creature/Creatures/Haven/Renegates/Vindicator.xdb,changed,data.pak,1535,2107-12-31-23-59-56
Universe_mod.pak,GameMechanics/Creature/Creatures/Haven/Renegates/Zealot.xdb,changed,a2p1-data.pak,1710,2107-12-31-23-59-56
Universe_mod.pak,GameMechanics/Creature/Creatures/Inferno/ArchDevil_.xdb,changed,data.pak,1605,2107-12-31-23-59-56
Universe_mod.pak,GameMechanics/Creature/Creatures/Inferno/Balor.xdb,changed,data.pak,1787,2107-12-31-23-59-56
Universe_mod.pak,GameMechanics/Creature/Creatures/Inferno/Cerberius.xdb,changed,data.pak,4237,2107-12-31-23-59-56
Universe_mod.pak,GameMechanics/Creature/Creatures/Inferno/Demon.xdb,changed,data.pak,1556,2107-12-31-23-59-56
Universe_mod.pak,GameMechanics/Creature/Creatures/Inferno/Devil.xdb,changed,data.pak,1524,2107-12-31-23-59-56
Universe_mod.pak,GameMechanics/Creature/Creatures/Inferno/Familiar.xdb,changed,data.pak,1851,2107-12-31-23-59-56
Universe_mod.pak,GameMechanics/Creature/Creatures/Inferno/FrightfulNightmare.xdb,changed,data.pak,1534,2107-12-31-23-59-56
Universe_mod.pak,GameMechanics/Creature/Creatures/Inferno/HellHound.xdb,changed,data.pak,1530,2107-12-31-23-59-56
Universe_mod.pak,GameMechanics/Creature/Creatures/Inferno/HornedDemon.xdb,changed,data.pak,1625,2107-12-31-23-59-56
Universe_mod.pak,GameMechanics/Creature/Creatures/Inferno/Imp.xdb,changed,data.pak,1768,2107-12-31-23-59-56
Universe_mod.pak,GameMechanics/Creature/Creatures/Inferno/InfernalSuccubus.xdb,changed,data.pak,1563,2107-12-31-23-59-56
Universe_mod.pak,GameMechanics/Creature/Creatures/Inferno/Nightmare.xdb,changed,data.pak,1577,2107-12-31-23-59-56
Universe_mod.pak,GameMechanics/Creature/Creatures/Inferno/PitFiend.xdb,changed,data.pak,1733,2107-12-31-23-59-56
Universe_mod.pak,GameMechanics/Creature/Creatures/Inferno/Succubus.xdb,changed,data.pak,1618,2107-12-31-23-59-56
Universe_mod.pak,GameMechanics/Creature/Creatures/Inferno/3rd/ArchDemon.xdb,changed,data.pak,1585,2107-12-31-23-59-56
Universe_mod.pak,GameMechanics/Creature/Creatures/Inferno/3rd/FirebreatherHound.xdb,changed,data.pak,1677,2107-12-31-23-59-56
Universe_mod.pak,GameMechanics/Creature/Creatures/Inferno/3rd/Hellmare.xdb,changed,data.pak,1514,2107-12-31-23-59-56
Universe_mod.pak,GameMechanics/Creature/Creatures/Inferno/3rd/HornedLeaper.xdb,changed,a2p1-data.pak,1537,2107-12-31-23-59-56
Universe_mod.pak,GameMechanics/Creature/Creatures/Inferno/3rd/PitSpawn.xdb,changed,data.pak,1539,2107-12-31-23-59-56
Universe_mod.pak,GameMechanics/Creature/Creatures/Inferno/3rd/Quasit.xdb,changed,data.pak,1592,2107-12-31-23-59-56
Universe_mod.pak,GameMechanics/Creature/Creatures/Inferno/3rd/SuccubusSeducer.xdb,changed,data.pak,1550,2107-12-31-23-59-56
Universe_mod.pak,GameMechanics/Creature/Creatures/Necropolis/Bone_Dragon.xdb,changed,data.pak,1585,2107-12-31-23-59-56
Universe_mod.pak,GameMechanics/Creature/Creatures/Necropolis/Demilich.xdb,changed,data.pak,1777,2107-12-31-23-59-56
Universe_mod.pak,GameMechanics/Creature/Creatures/Necropolis/Ghosts.xdb,changed,data.pak,1488,2107-12-31-23-59-56
Universe_mod.pak,GameMechanics/Creature/Creatures/Necropolis/Lich.xdb,changed,data.pak,1565,2107-12-31-23-59-56
Universe_mod.pak,GameMechanics/Creature/Creatures/Necropolis/Manes.xdb,changed,data.pak,1537,2107-12-31-23-59-56
Universe_mod.pak,GameMechanics/Creature/Creatures/Necropolis/Shadow_Dragon.xdb,changed,data.pak,1583,2107-12-31-23-59-56
Universe_mod.pak,GameMechanics/Creature/Creatures/Necropolis/Skeleton.xdb,changed,data.pak,1547,2107-12-31-23-59-56
Universe_mod.pak,GameMechanics/Creature/Creatures/Necropolis/Skeleton_Archer.xdb,changed,data.pak,1490,2107-12-31-23-59-56
Universe_mod.pak,GameMechanics/Creature/Creatures/Necropolis/Vampire.xdb,changed,data.pak,1644,2107-12-31-23-59-56
Universe_mod.pak,GameMechanics/Creature/Creatures/Necropolis/Vampire_Lord.xdb,changed,data.pak,1563,2107-12-31-23-59-56
Universe_mod.pak,GameMechanics/Creature/Creatures/Necropolis/Walking_Dead.xdb,changed,data.pak,1568,2107-12-31-23-59-56
Universe_mod.pak,GameMechanics/Creature/Creatures/Necropolis/Wight.xdb,changed,data.pak,1524,2107-12-31-23-59-56
Universe_mod.pak,GameMechanics/Creature/Creatures/Necropolis/Wraith.xdb,changed,data.pak,1601,2107-12-31-23-59-56
Universe_mod.pak,GameMechanics/Creature/Creatures/Necropolis/Zombie.xdb,changed,data.pak,1523,2107-12-31-23-59-56
Universe_mod.pak,GameMechanics/Creature/Creatures/Necropolis/3rd/Banshee.xdb,changed,data.pak,1619,2107-12-31-23-59-56
Universe_mod.pak,GameMechanics/Creature/Creatures/Necropolis/3rd/DiseaseZombie.xdb,changed,data.pak,1545,2107-12-31-23-59-56
Universe_mod.pak,GameMechanics/Creature/Creatures/Necropolis/3rd/HorrorDragon.xdb,changed,data.pak,1547,2107-12-31-23-59-56
Universe_mod.pak,GameMechanics/Creature/Creatures/Necropolis/3rd/LichMaster.xdb,changed,data.pak,1677,2107-12-31-23-59-56
Universe_mod.pak,GameMechanics/Creature/Creatures/Necropolis/3rd/Nosferatu.xdb,changed,data.pak,1566,2107-12-31-23-59-56
Universe_mod.pak,GameMechanics/Creature/Creatures/Necropolis/3rd/Poltergeist.xdb,changed,data.pak,1531,2107-12-31-23-59-56
Universe_mod.pak,GameMechanics/Creature/Creatures/Necropolis/3rd/SkeletonWarrior.xdb,changed,data.pak,1605,2107-12-31-23-59-56
Universe_mod.pak,GameMechanics/Creature/Creatures/Neutrals/Air_Elemental.xdb,changed,data.pak,1569,2107-12-31-23-59-56
Universe_mod.pak,GameMechanics/Creature/Creatures/Neutrals/Black_Knight.xdb,changed,data.pak,1394,2107-12-31-23-59-56
Universe_mod.pak,GameMechanics/Creature/Creatures/Neutrals/Death_Knight.xdb,changed,data.pak,1534,2107-12-31-23-59-56
Universe_mod.pak,GameMechanics/Creature/Creatures/Neutrals/Earth_Elemental.xdb,changed,data.pak,1661,2107-12-31-23-59-56
Universe_mod.pak,GameMechanics/Creature/Creatures/Neutrals/Fire_Elemental.xdb,changed,data.pak,1569,2107-12-31-23-59-56
Universe_mod.pak,GameMechanics/Creature/Creatures/Neutrals/Manticore.xdb,changed,data.pak,1433,2107-12-31-23-59-56
Universe_mod.pak,GameMechanics/Creature/Creatures/Neutrals/Mummy.xdb,changed,data.pak,1665,2107-12-31-23-59-56
Universe_mod.pak,GameMechanics/Creature/Creatures/Neutrals/Phoenix.xdb,changed,data.pak,1527,2107-12-31-23-59-56
Universe_mod.pak,GameMechanics/Creature/Creatures/Neutrals/SnowApe.xdb,changed,data.pak,1490,2107-12-31-23-59-56
Universe_mod.pak,GameMechanics/Creature/Creatures/Neutrals/Water_Elemental.xdb,changed,data.pak,1740,2107-12-31-23-59-56
Universe_mod.pak,GameMechanics/Creature/Creatures/Neutrals/Wolf.xdb,changed,data.pak,1443,2107-12-31-23-59-56
Universe_mod.pak,GameMechanics/Creature/Creatures/Orcs/Centaur1.xdb,changed,data.pak,1556,2107-12-31-23-59-56
Universe_mod.pak,GameMechanics/Creature/Creatures/Orcs/Centaur2.xdb,changed,data.pak,1440,2107-12-31-23-59-56
Universe_mod.pak,GameMechanics/Creature/Creatures/Orcs/Cyclop1.xdb,changed,data.pak,1726,2107-12-31-23-59-56
Universe_mod.pak,GameMechanics/Creature/Creatures/Orcs/Cyclop2.xdb,changed,data.pak,1795,2107-12-31-23-59-56
Universe_mod.pak,GameMechanics/Creature/Creatures/Orcs/Goblin1.xdb,changed,data.pak,1596,2107-12-31-23-59-56
Universe_mod.pak,GameMechanics/Creature/Creatures/Orcs/Goblin2.xdb,changed,data.pak,1614,2107-12-31-23-59-56
Universe_mod.pak,GameMechanics/Creature/Creatures/Orcs/Orc1.xdb,changed,data.pak,1547,2107-12-31-23-59-56
Universe_mod.pak,GameMechanics/Creature/Creatures/Orcs/Orc2.xdb,changed,data.pak,1497,2107-12-31-23-59-56
Universe_mod.pak,GameMechanics/Creature/Creatures/Orcs/OrcChief1.xdb,changed,data.pak,1574,2107-12-31-23-59-56
Universe_mod.pak,GameMechanics/Creature/Creatures/Orcs/OrcChief2.xdb,changed,data.pak,1548,2107-12-31-23-59-56
Universe_mod.pak,GameMechanics/Creature/Creatures/Orcs/Shaman1.xdb,changed,data.pak,1713,2107-12-31-23-59-56
Universe_mod.pak,GameMechanics/Creature/Creatures/Orcs/Shaman2.xdb,changed,data.pak,1864,2107-12-31-23-59-56
Universe_mod.pak,GameMechanics/Creature/Creatures/Orcs/Wyvern1.xdb,changed,data.pak,1510,2107-12-31-23-59-56
Universe_mod.pak,GameMechanics/Creature/Creatures/Orcs/Wyvern2.xdb,changed,data.pak,1467,2107-12-31-23-59-56
Universe_mod.pak,GameMechanics/Creature/Creatures/Orcs/3rd/CentaurMaradeur.xdb,changed,data.pak,1503,2107-12-31-23-59-56
Universe_mod.pak,GameMechanics/Creature/Creatures/Orcs/3rd/CyclopBloodeyed.xdb,changed,data.pak,1878,2107-12-31-23-59-56
Universe_mod.pak,GameMechanics/Creature/Creatures/Orcs/3rd/GoblinDefiler.xdb,changed,data.pak,1523,2107-12-31-23-59-56
Universe_mod.pak,GameMechanics/Creature/Creatures/Orcs/3rd/OrcchiefChieftain.xdb,changed,data.pak,1558,2107-12-31-23-59-56
Universe_mod.pak,GameMechanics/Creature/Creatures/Orcs/3rd/OrcWarmonger.xdb,changed,data.pak,1564,2107-12-31-23-59-56
Universe_mod.pak,GameMechanics/Creature/Creatures/Orcs/3rd/ShamanHag.xdb,changed,data.pak,1863,2107-12-31-23-59-56
Universe_mod.pak,GameMechanics/Creature/Creatures/Orcs/3rd/WyvernPaokai.xdb,changed,data.pak,1664,2107-12-31-23-59-56
Universe_mod.pak,GameMechanics/Creature/Creatures/Preserve/Blade_Juggler.xdb,changed,data.pak,1498,2107-12-31-23-59-56
Universe_mod.pak,GameMechanics/Creature/Creatures/Preserve/Druid.xdb,changed,data.pak,1696,2107-12-31-23-59-56
Universe_mod.pak,GameMechanics/Creature/Creatures/Preserve/Druid_Elder.xdb,changed,data.pak,1864,2107-12-31-23-59-56
Universe_mod.pak,GameMechanics/Creature/Creatures/Preserve/Gold_Dragon.xdb,changed,data.pak,4613,2107-12-31-23-59-56
Universe_mod.pak,GameMechanics/Creature/Creatures/Preserve/Grand_Elf.xdb,changed,data.pak,1530,2107-12-31-23-59-56
Universe_mod.pak,GameMechanics/Creature/Creatures/Preserve/Green_Dragon.xdb,changed,data.pak,4627,2107-12-31-23-59-56
Universe_mod.pak,GameMechanics/Creature/Creatures/Preserve/Pixie.xdb,same,data.pak,4264,2107-12-31-23-59-56
Universe_mod.pak,GameMechanics/Creature/Creatures/Preserve/Sprite.xdb,changed,data.pak,4391,2107-12-31-23-59-56
Universe_mod.pak,GameMechanics/Creature/Creatures/Preserve/Treant.xdb,changed,data.pak,1589,2107-12-31-23-59-56
Universe_mod.pak,GameMechanics/Creature/Creatures/Preserve/Treant_Guardian.xdb,changed,data.pak,1541,2107-12-31-23-59-56
Universe_mod.pak,GameMechanics/Creature/Creatures/Preserve/Unicorn.xdb,changed,data.pak,1558,2107-12-31-23-59-56
Universe_mod.pak,GameMechanics/Creature/Creatures/Preserve/War_Dancer.xdb,changed,data.pak,2481,2107-12-31-23-59-56
Universe_mod.pak,GameMechanics/Creature/Creatures/Preserve/War_Unicorn.xdb,changed,data.pak,1514,2107-12-31-23-59-56
Universe_mod.pak,GameMechanics/Creature/Creatures/Preserve/Wood_Elf.xdb,changed,data.pak,1545,2107-12-31-23-59-56
Universe_mod.pak,GameMechanics/Creature/Creatures/Preserve/3rd/AngerTreant.xdb,changed,data.pak,1624,2107-12-31-23-59-56
Universe_mod.pak,GameMechanics/Creature/Creatures/Preserve/3rd/BladeSinger.xdb,changed,data.pak,1464,2107-12-31-23-59-56
Universe_mod.pak,GameMechanics/Creature/Creatures/Preserve/3rd/Dryad.xdb,changed,data.pak,1600,2107-12-31-23-59-56
Universe_mod.pak,GameMechanics/Creature/Creatures/Preserve/3rd/HighDruid.xdb,changed,data.pak,1573,2107-12-31-23-59-56
Universe_mod.pak,GameMechanics/Creature/Creatures/Preserve/3rd/RainbowDragon.xdb,changed,data.pak,1484,2107-12-31-23-59-56
Universe_mod.pak,GameMechanics/Creature/Creatures/Preserve/3rd/SharpShooter.xdb,changed,data.pak,1544,2107-12-31-23-59-56
Universe_mod.pak,GameMechanics/Creature/Creatures/Preserve/3rd/WhiteUnicorn.xdb,changed,data.pak,1514,2107-12-31-23-59-56
Universe_mod.pak,GameMechanics/CreatureVisual/Creatures/Universe_mod/Ancient_wolf.xdb,added,,1057,2107-12-31-23-59-56
Universe_mod.pak,GameMechanics/MoonCalendar/Default.xdb,changed,data.pak,6296,2107-12-31-23-59-56
Universe_mod.pak,GameMechanics/RefTables/Artifacts.xdb,changed,a2p1-data.pak,96328,2107-12-31-23-59-56
Universe_mod.pak,GameMechanics/RefTables/CombatAbilities.xdb,changed,a2p1-data.pak,66088,2107-12-31-23-59-56
Universe_mod.pak,GameMechanics/RefTables/HeroClass.xdb,changed,a2p1-data.pak,15562,2107-12-31-23-59-56
Universe_mod.pak,GameMechanics/RefTables/MicroArtifactEffects.xdb,changed,data.pak,8257,2107-12-31-23-59-56
Universe_mod.pak,GameMechanics/RefTables/MoonWeeks.xdb,changed,data.pak,34492,2107-12-31-23-59-56
Universe_mod.pak,GameMechanics/RefTables/Skills.xdb,changed,data.pak,636706,2107-12-31-23-59-56
Universe_mod.pak,GameMechanics/RefTables/TownTypesInfo.xdb,changed,data.pak,31331,2107-12-31-23-59-56
Universe_mod.pak,GameMechanics/RefTables/UndividedSpells.xdb,changed,data.pak,61369,2107-12-31-23-59-56
Universe_mod.pak,GameMechanics/RefTables/WarMachines.xdb,changed,data.pak,7199,2107-12-31-23-59-56
Universe_mod.pak,GameMechanics/RPGStats/AvatarOfDeath.xdb,changed,data.pak,1633,2107-12-31-23-59-56
Universe_mod.pak,GameMechanics/RPGStats/DefaultStats.xdb,changed,a2p1-data.pak,312248,2107-12-31-23-59-56
Universe_mod.pak,GameMechanics/RPGStats/RPGRoot.xdb,changed,a2p1-data.pak,50926,2107-12-31-23-59-56
Universe_mod.pak,GameMechanics/Shot/Creatures/Dwarf/StormStrike.xdb,changed,data.pak,938,2107-12-31-23-59-56
Universe_mod.pak,GameMechanics/Shot/Creatures/Inferno/Succubus_First_Stike.xdb,changed,data.pak,1427,2107-12-31-23-59-56
Universe_mod.pak,GameMechanics/Shot/Creatures/Inferno/Succubus_Strike.xdb,changed,data.pak,1319,2107-12-31-23-59-56
Universe_mod.pak,GameMechanics/Shot/Spells/ChainLightning.xdb,changed,data.pak,1008,2107-12-31-23-59-56
Universe_mod.pak,GameMechanics/Spell/Adventure_Spells/DimensionDoor.xdb,changed,data.pak,1236,2107-12-31-23-59-56
Universe_mod.pak,GameMechanics/Spell/Adventure_Spells/Summon_Creatures.xdb,changed,data.pak,1243,2107-12-31-23-59-56
Universe_mod.pak,GameMechanics/Spell/Adventure_Spells/Town_Portal.xdb,changed,data.pak,1220,2107-12-31-23-59-56
Universe_mod.pak,GameMechanics/Spell/Combat_Spells/DarkMagic/Slow.xdb,changed,data.pak,1725,2107-12-31-23-59-56
Universe_mod.pak,GameMechanics/Spell/Combat_Spells/DarkMagic/Unholy_Word.xdb,changed,data.pak,1764,2107-12-31-23-59-56
Universe_mod.pak,GameMechanics/Spell/Combat_Spells/DarkMagic/Vampirism/Vampirism.xdb,changed,data.pak,1752,2107-12-31-23-59-56
Universe_mod.pak,GameMechanics/Spell/Combat_Spells/DestructiveMagic/Armageddon.xdb,changed,data.pak,2056,2107-12-31-23-59-56
Universe_mod.pak,GameMechanics/Spell/Combat_Spells/DestructiveMagic/Empowered_Armageddon.xdb,changed,a2p1-data.pak,1472,2107-12-31-23-59-56
Universe_mod.pak,GameMechanics/Spell/Combat_Spells/LightMagic/Deflect_Arrows.xdb,changed,data.pak,1859,2107-12-31-23-59-56
Universe_mod.pak,GameMechanics/Spell/Combat_Spells/LightMagic/DivineVengeance.xdb,changed,a2p1-data.pak,1489,2107-12-31-23-59-56
Universe_mod.pak,GameMechanics/Spell/Combat_Spells/LightMagic/Haste.xdb,changed,data.pak,1731,2107-12-31-23-59-56
Universe_mod.pak,GameMechanics/Spell/Combat_Spells/LightMagic/Holy_Word.xdb,changed,data.pak,1750,2107-12-31-23-59-56
Universe_mod.pak,GameMechanics/Spell/Combat_Spells/LightMagic/Regeneration.xdb,changed,data.pak,1724,2107-12-31-23-59-56
Universe_mod.pak,GameMechanics/Spell/Combat_Spells/RunicMagic/RuneOfBattleRage.(Spell).xdb,changed,data.pak,1564,2107-12-31-23-59-56
Universe_mod.pak,GameMechanics/Spell/Combat_Spells/RunicMagic/RuneOfBerserking.(Spell).xdb,changed,data.pak,1564,2107-12-31-23-59-56
Universe_mod.pak,GameMechanics/Spell/Combat_Spells/RunicMagic/RuneOfCharge.(Spell).xdb,changed,data.pak,1548,2107-12-31-23-59-56
Universe_mod.pak,GameMechanics/Spell/Combat_Spells/RunicMagic/RuneOfDragonForm.(Spell).xdb,changed,data.pak,1564,2107-12-31-23-59-56
Universe_mod.pak,GameMechanics/Spell/Combat_Spells/RunicMagic/RuneOfElementalImmunity.(Spell).xdb,changed,data.pak,1593,2107-12-31-23-59-56
Universe_mod.pak,GameMechanics/Spell/Combat_Spells/RunicMagic/RuneOfEthrealness.(Spell).xdb,changed,data.pak,1569,2107-12-31-23-59-56
Universe_mod.pak,GameMechanics/Spell/Combat_Spells/RunicMagic/RuneOfExorcism.(Spell).xdb,changed,data.pak,1556,2107-12-31-23-59-56
Universe_mod.pak,GameMechanics/Spell/Combat_Spells/RunicMagic/RuneOfMagicControl.(Spell).xdb,changed,data.pak,1573,2107-12-31-23-59-56
Universe_mod.pak,GameMechanics/Spell/Combat_Spells/RunicMagic/RuneOfRevive.(Spell).xdb,changed,data.pak,1548,2107-12-31-23-59-56
Universe_mod.pak,GameMechanics/Spell/Combat_Spells/RunicMagic/RuneOfStunning.(Spell).xdb,changed,data.pak,1589,2107-12-31-23-59-56
Universe_mod.pak,GameMechanics/Spell/Combat_Spells/SummoningMagic/Animate_Dead.xdb,changed,data.pak,1848,2107-12-31-23-59-56
Universe_mod.pak,GameMechanics/Spell/Combat_Spells/SummoningMagic/BladeBarrier.xdb,changed,data.pak,1853,2107-12-31-23-59-56
Universe_mod.pak,GameMechanics/Spell/Combat_Spells/SummoningMagic/Earthquake.xdb,changed,data.pak,2030,2107-12-31-23-59-56
Universe_mod.pak,GameMechanics/Spell/Combat_Spells/SummoningMagic/Phantom.xdb,changed,data.pak,1602,2107-12-31-23-59-56
Universe_mod.pak,GameMechanics/Spell/Combat_Spells/SummoningMagic/SummonHive.xdb,changed,data.pak,1841,2107-12-31-23-59-56
Universe_mod.pak,GameMechanics/Spell/Combat_Spells/SummoningMagic/Summon_Elementals.xdb,changed,data.pak,1639,2107-12-31-23-59-56
Universe_mod.pak,GameMechanics/Spell/Combat_Spells/SummoningMagic/Wasp_Swarm.xdb,changed,data.pak,1900,2107-12-31-23-59-56
Universe_mod.pak,GameMechanics/Spell/Creature_Abilities/Academy/CallLightning.xdb,changed,data.pak,1265,2107-12-31-23-59-56
Universe_mod.pak,GameMechanics/Spell/Creature_Abilities/War_Machines/FirstAidTent_Plague.xdb,changed,data.pak,1136,2107-12-31-23-59-56
Universe_mod.pak,GameMechanics/Spell/Hero_Abilities/Necromancer/AvatarOfDeath.xdb,changed,data.pak,1950,2107-12-31-23-59-56
Universe_mod.pak,GameMechanics/Spell/Universe_mod/Ancientsmithy.xdb,added,,1037,2107-12-31-23-59-56
Universe_mod.pak,GameMechanics/Spell/Universe_mod/AshaFavorCourage.xdb,added,,995,2107-12-31-23-59-56
Universe_mod.pak,GameMechanics/Spell/Universe_mod/AshaFavorFortitude.xdb,added,,999,2107-12-31-23-59-56
Universe_mod.pak,GameMechanics/Spell/Universe_mod/AshaFavorMastery.xdb,added,,995,2107-12-31-23-59-56
Universe_mod.pak,GameMechanics/Spell/Universe_mod/AshaFavorMight.xdb,added,,991,2107-12-31-23-59-56
Universe_mod.pak,GameMechanics/Spell/Universe_mod/AshaFavorProtection.xdb,added,,1001,2107-12-31-23-59-56
Universe_mod.pak,GameMechanics/Spell/Universe_mod/CallOfTheNature.xdb,added,,1573,2107-12-31-23-59-56
Universe_mod.pak,GameMechanics/Spell/Universe_mod/CallOfTheTomb.xdb,added,,1527,2107-12-31-23-59-56
Universe_mod.pak,GameMechanics/Spell/Universe_mod/DisableSimultaneousTurns.(Texture).dds,added,,21952,2107-12-31-23-59-56
Universe_mod.pak,GameMechanics/Spell/Universe_mod/DisableSimultaneousTurns.(Texture).xdb,added,,591,2107-12-31-23-59-56
Universe_mod.pak,GameMechanics/Spell/Universe_mod/DisableSimultaneousTurns.xdb,added,,1043,2107-12-31-23-59-56
Universe_mod.pak,GameMechanics/Spell/Universe_mod/Emergency.xdb,added,,996,2107-12-31-23-59-56
Universe_mod.pak,GameMechanics/Spell/Universe_mod/Frostbite.xdb,added,,927,2107-12-31-23-59-56
Universe_mod.pak,GameMechanics/Spell/Universe_mod/MagicSchoolAdventure.xdb,added,,965,2107-12-31-23-59-56
Universe_mod.pak,GameMechanics/Spell/Universe_mod/MagicSchoolDark.xdb,added,,955,2107-12-31-23-59-56
Universe_mod.pak,GameMechanics/Spell/Universe_mod/MagicSchoolDestructive.xdb,added,,969,2107-12-31-23-59-56
Universe_mod.pak,GameMechanics/Spell/Universe_mod/MagicSchoolLight.xdb,added,,957,2107-12-31-23-59-56
Universe_mod.pak,GameMechanics/Spell/Universe_mod/MagicSchoolRunic.xdb,added,,957,2107-12-31-23-59-56
Universe_mod.pak,GameMechanics/Spell/Universe_mod/MagicSchoolSpecial.xdb,added,,839,2107-12-31-23-59-56
Universe_mod.pak,GameMechanics/Spell/Universe_mod/MagicSchoolSummoning.xdb,added,,965,2107-12-31-23-59-56
Universe_mod.pak,GameMechanics/Spell/Universe_mod/MagicSchoolWarcries.xdb,added,,959,2107-12-31-23-59-56
Universe_mod.pak,GameMechanics/Spell/Universe_mod/Staticcharge.xdb,added,,1058,2107-12-31-23-59-56
Universe_mod.pak,GameMechanics/Spell/Universe_mod/SummonAirElementals.xdb,added,,1591,2107-12-31-23-59-56
Universe_mod.pak,GameMechanics/Spell/Universe_mod/SummonAirElemsSpell.(Texture).dds,added,,65664,2107-12-31-23-59-56
Universe_mod.pak,GameMechanics/Spell/Universe_mod/SummonAirElemsSpell.(Texture).xdb,added,,590,2107-12-31-23-59-56
Universe_mod.pak,GameMechanics/Spell/Universe_mod/SummonEarthElementals.xdb,added,,1597,2107-12-31-23-59-56
Universe_mod.pak,GameMechanics/Spell/Universe_mod/SummonEarthElemsSpell.(Texture).dds,added,,65664,2107-12-31-23-59-56
Universe_mod.pak,GameMechanics/Spell/Universe_mod/SummonEarthElemsSpell.(Texture).xdb,added,,594,2107-12-31-23-59-56
Universe_mod.pak,GameMechanics/Spell/Universe_mod/SummonFireElementals.xdb,added,,1599,2107-12-31-23-59-56
Universe_mod.pak,GameMechanics/Spell/Universe_mod/SummonFireElementalsSpell.(Texture).dds,added,,65664,2107-12-31-23-59-56
Universe_mod.pak,GameMechanics/Spell/Universe_mod/SummonFireElementalsSpell.(Texture).xdb,added,,597,2107-12-31-23-59-56
Universe_mod.pak,GameMechanics/Spell/Universe_mod/SummonWaterElementals.xdb,added,,1602,2107-12-31-23-59-56
Universe_mod.pak,GameMechanics/Spell/Universe_mod/SummonWaterElementalsSPell.(Texture).dds,added,,65664,2107-12-31-23-59-56
Universe_mod.pak,GameMechanics/Spell/Universe_mod/SummonWaterElementalsSPell.(Texture).xdb,added,,599,2107-12-31-23-59-56
Universe_mod.pak,GameMechanics/Spell/Universe_mod/SummonWolfsSpell.(Texture).dds,added,,65664,2107-12-31-23-59-56
Universe_mod.pak,GameMechanics/Spell/Universe_mod/SummonWolfsSpell.(Texture).xdb,added,,584,2107-12-31-23-59-56
Universe_mod.pak,GameMechanics/Spell/Universe_mod/UniverseMagicSchoolAdventure.(Texture).dds,added,,65664,2107-12-31-23-59-56
Universe_mod.pak,GameMechanics/Spell/Universe_mod/UniverseMagicSchoolAdventure.(Texture).xdb,added,,600,2107-12-31-23-59-56
Universe_mod.pak,GameMechanics/Spell/Universe_mod/UniverseMagicSchoolDark.(Texture).dds,added,,65664,2107-12-31-23-59-56
Universe_mod.pak,GameMechanics/Spell/Universe_mod/UniverseMagicSchoolDark.(Texture).xdb,added,,593,2107-12-31-23-59-56
Universe_mod.pak,GameMechanics/Spell/Universe_mod/UniverseMagicSchoolDestructive.(Texture).dds,added,,65664,2107-12-31-23-59-56
Universe_mod.pak,GameMechanics/Spell/Universe_mod/UniverseMagicSchoolDestructive.(Texture).xdb,added,,601,2107-12-31-23-59-56
Universe_mod.pak,GameMechanics/Spell/Universe_mod/UniverseMagicSchoolLight.(Texture).dds,added,,65664,2107-12-31-23-59-56
Universe_mod.pak,GameMechanics/Spell/Universe_mod/UniverseMagicSchoolLight.(Texture).xdb,added,,595,2107-12-31-23-59-56
Universe_mod.pak,GameMechanics/Spell/Universe_mod/UniverseMagicSchoolRunic.(Texture).dds,added,,65664,2107-12-31-23-59-56
Universe_mod.pak,GameMechanics/Spell/Universe_mod/UniverseMagicSchoolRunic.(Texture).xdb,added,,595,2107-12-31-23-59-56
Universe_mod.pak,GameMechanics/Spell/Universe_mod/UniverseMagicSchoolSummoning.(Texture).dds,added,,65664,2107-12-31-23-59-56
Universe_mod.pak,GameMechanics/Spell/Universe_mod/UniverseMagicSchoolSummoning.(Texture).xdb,added,,598,2107-12-31-23-59-56
Universe_mod.pak,GameMechanics/Spell/Universe_mod/UniverseMagicSchoolWrcr.(Texture).dds,added,,65664,2107-12-31-23-59-56
Universe_mod.pak,GameMechanics/Spell/Universe_mod/UniverseMagicSchoolWrcr.(Texture).xdb,added,,595,2107-12-31-23-59-56
Universe_mod.pak,GameMechanics/Spell/Universe_mod/Universe_Ancient_smithy.xdb,added,,1037,2107-12-31-23-59-56
Universe_mod.pak,GameMechanics/Spell/Universe_mod/AMEffects/Healthbonus.xdb,added,,1035,2107-12-31-23-59-56
Universe_mod.pak,GameMechanics/Spell/Universe_mod/AMEffects/Luckbonus.xdb,added,,1027,2107-12-31-23-59-56
Universe_mod.pak,GameMechanics/Spell/Universe_mod/AMEffects/Luckbonus2.xdb,added,,1029,2107-12-31-23-59-56
Universe_mod.pak,GameMechanics/Spell/Universe_mod/AMEffects/Luckbonus3.xdb,added,,1029,2107-12-31-23-59-56
Universe_mod.pak,GameMechanics/Spell/Universe_mod/AMEffects/Luckpenalty.xdb,added,,1032,2107-12-31-23-59-56
Universe_mod.pak,GameMechanics/Spell/Universe_mod/AMEffects/Luckpenalty2.xdb,added,,1034,2107-12-31-23-59-56
Universe_mod.pak,GameMechanics/Spell/Universe_mod/AMEffects/Luckpenalty3.xdb,added,,1034,2107-12-31-23-59-56
Universe_mod.pak,GameMechanics/Spell/Universe_mod/AMEffects/Moralebonus.xdb,added,,1035,2107-12-31-23-59-56
Universe_mod.pak,GameMechanics/Spell/Universe_mod/AMEffects/Moralebonus2.xdb,added,,1037,2107-12-31-23-59-56
Universe_mod.pak,GameMechanics/Spell/Universe_mod/AMEffects/Moralebonus3.xdb,added,,1037,2107-12-31-23-59-56
Universe_mod.pak,GameMechanics/Spell/Universe_mod/AMEffects/Moralepenalty.xdb,added,,1040,2107-12-31-23-59-56
Universe_mod.pak,GameMechanics/Spell/Universe_mod/AMEffects/Moralepenalty2.xdb,added,,1042,2107-12-31-23-59-56
Universe_mod.pak,GameMechanics/Spell/Universe_mod/AMEffects/Moralepenalty3.xdb,added,,1042,2107-12-31-23-59-56
Universe_mod.pak,GameMechanics/TownBuildingSharedStats/Academy/Dwelling_2/ObsidianParapet.xdb,changed,data.pak,964,2107-12-31-23-59-56
Universe_mod.pak,GameMechanics/TownBuildingSharedStats/Academy/Dwelling_2/StoneParapet.xdb,changed,data.pak,847,2107-12-31-23-59-56
Universe_mod.pak,GameMechanics/TownBuildingSharedStats/Academy/Dwelling_4/ArchmageTower.xdb,changed,data.pak,948,2107-12-31-23-59-56
Universe_mod.pak,GameMechanics/TownBuildingSharedStats/Academy/Dwelling_4/MageTower.xdb,changed,data.pak,983,2107-12-31-23-59-56
Universe_mod.pak,GameMechanics/TownBuildingSharedStats/Academy/Dwelling_5/AltarOfWishes.xdb,changed,data.pak,964,2107-12-31-23-59-56
Universe_mod.pak,GameMechanics/TownBuildingSharedStats/Academy/Dwelling_5/PinnacleOfWishes.xdb,changed,data.pak,844,2107-12-31-23-59-56
Universe_mod.pak,GameMechanics/TownBuildingSharedStats/Academy/Dwelling_6/GoldenPavilion.xdb,changed,data.pak,968,2107-12-31-23-59-56
Universe_mod.pak,GameMechanics/TownBuildingSharedStats/Academy/Dwelling_6/SilverPavilion.xdb,changed,data.pak,861,2107-12-31-23-59-56
Universe_mod.pak,GameMechanics/TownBuildingSharedStats/Academy/Dwelling_7/CloudTemple.xdb,changed,data.pak,838,2107-12-31-23-59-56
Universe_mod.pak,GameMechanics/TownBuildingSharedStats/Academy/Dwelling_7/ThundercloudTemple.xdb,changed,data.pak,946,2107-12-31-23-59-56
Universe_mod.pak,GameMechanics/TownBuildingSharedStats/Academy/Fort/Castle.xdb,changed,data.pak,911,2107-12-31-23-59-56
Universe_mod.pak,GameMechanics/TownBuildingSharedStats/Academy/Fort/Citadel.xdb,changed,data.pak,909,2107-12-31-23-59-56
Universe_mod.pak,GameMechanics/TownBuildingSharedStats/Academy/Fort/Fort.xdb,changed,data.pak,821,2107-12-31-23-59-56
Universe_mod.pak,GameMechanics/TownBuildingSharedStats/Academy/Magic_Guild/Magic_Guild_1.xdb,changed,data.pak,877,2107-12-31-23-59-56
Universe_mod.pak,GameMechanics/TownBuildingSharedStats/Academy/Marketplace/Resource_Silo.xdb,changed,data.pak,967,2107-12-31-23-59-56
Universe_mod.pak,GameMechanics/TownBuildingSharedStats/Academy/Special_1/Library.xdb,changed,data.pak,976,2107-12-31-23-59-56
Universe_mod.pak,GameMechanics/TownBuildingSharedStats/Academy/Special_2/ArcaneForge.xdb,changed,data.pak,786,2107-12-31-23-59-56
Universe_mod.pak,GameMechanics/TownBuildingSharedStats/Academy/Special_3/ArtifactMerchant.xdb,changed,data.pak,978,2107-12-31-23-59-56
Universe_mod.pak,GameMechanics/TownBuildingSharedStats/Academy/Special_4/TreasureCave.xdb,changed,data.pak,978,2107-12-31-23-59-56
Universe_mod.pak,GameMechanics/TownBuildingSharedStats/Academy/TownHall/Capitol.xdb,changed,data.pak,935,2107-12-31-23-59-56
Universe_mod.pak,GameMechanics/TownBuildingSharedStats/Academy/TownHall/CityHall.xdb,changed,data.pak,939,2107-12-31-23-59-56
Universe_mod.pak,GameMechanics/TownBuildingSharedStats/Academy/TownHall/TownHall.xdb,changed,data.pak,873,2107-12-31-23-59-56
Universe_mod.pak,GameMechanics/TownBuildingSharedStats/Dungeon/Blacksmith/Blacksmith.xdb,changed,data.pak,846,2107-12-31-23-59-56
Universe_mod.pak,GameMechanics/TownBuildingSharedStats/Dungeon/Dwelling_2/BloodMemorial.xdb,changed,data.pak,953,2107-12-31-23-59-56
Universe_mod.pak,GameMechanics/TownBuildingSharedStats/Dungeon/Dwelling_2/BloodStone.xdb,changed,data.pak,837,2107-12-31-23-59-56
Universe_mod.pak,GameMechanics/TownBuildingSharedStats/Dungeon/Dwelling_3/Labyrinth.xdb,changed,data.pak,851,2107-12-31-23-59-56
Universe_mod.pak,GameMechanics/TownBuildingSharedStats/Dungeon/Dwelling_3/Maze.xdb,changed,data.pak,951,2107-12-31-23-59-56
Universe_mod.pak,GameMechanics/TownBuildingSharedStats/Dungeon/Dwelling_4/DarkPastures.xdb,changed,data.pak,842,2107-12-31-23-59-56
Universe_mod.pak,GameMechanics/TownBuildingSharedStats/Dungeon/Dwelling_4/WickedPastures.xdb,changed,data.pak,953,2107-12-31-23-59-56
Universe_mod.pak,GameMechanics/TownBuildingSharedStats/Dungeon/Dwelling_5/ChaosCavern.xdb,changed,data.pak,954,2107-12-31-23-59-56
Universe_mod.pak,GameMechanics/TownBuildingSharedStats/Dungeon/Dwelling_5/DampCavern.xdb,changed,data.pak,855,2107-12-31-23-59-56
Universe_mod.pak,GameMechanics/TownBuildingSharedStats/Dungeon/Dwelling_6/MatriarchChambers.xdb,changed,data.pak,961,2107-12-31-23-59-56
Universe_mod.pak,GameMechanics/TownBuildingSharedStats/Dungeon/Dwelling_6/MatronChambers.xdb,changed,data.pak,988,2107-12-31-23-59-56
Universe_mod.pak,GameMechanics/TownBuildingSharedStats/Dungeon/Dwelling_7/DragonLair.xdb,changed,data.pak,986,2107-12-31-23-59-56
Universe_mod.pak,GameMechanics/TownBuildingSharedStats/Dungeon/Dwelling_7/DragonThrone.xdb,changed,data.pak,949,2107-12-31-23-59-56
Universe_mod.pak,GameMechanics/TownBuildingSharedStats/Dungeon/Fort/Castle.xdb,changed,data.pak,911,2107-12-31-23-59-56
Universe_mod.pak,GameMechanics/TownBuildingSharedStats/Dungeon/Fort/Citadel.xdb,changed,data.pak,909,2107-12-31-23-59-56
Universe_mod.pak,GameMechanics/TownBuildingSharedStats/Dungeon/Fort/Fort.xdb,changed,data.pak,821,2107-12-31-23-59-56
Universe_mod.pak,GameMechanics/TownBuildingSharedStats/Dungeon/Magic_Guild/Magic_Guild_1.xdb,same,data.pak,827,2107-12-31-23-59-56
Universe_mod.pak,GameMechanics/TownBuildingSharedStats/Dungeon/Magic_Guild/Magic_Guild_2.xdb,same,data.pak,915,2107-12-31-23-59-56
Universe_mod.pak,GameMechanics/TownBuildingSharedStats/Dungeon/Magic_Guild/Magic_Guild_3.xdb,same,data.pak,915,2107-12-31-23-59-56
Universe_mod.pak,GameMechanics/TownBuildingSharedStats/Dungeon/Magic_Guild/Magic_Guild_4.xdb,same,data.pak,915,2107-12-31-23-59-56
Universe_mod.pak,GameMechanics/TownBuildingSharedStats/Dungeon/Magic_Guild/Magic_Guild_5.xdb,same,data.pak,915,2107-12-31-23-59-56
Universe_mod.pak,GameMechanics/TownBuildingSharedStats/Dungeon/Marketplace/Resource_Silo.xdb,changed,data.pak,973,2107-12-31-23-59-56
Universe_mod.pak,GameMechanics/TownBuildingSharedStats/Dungeon/Special_3/RitualPit.xdb,changed,data.pak,827,2107-12-31-23-59-56
Universe_mod.pak,GameMechanics/TownBuildingSharedStats/Dungeon/Special_4/TradeGuild.xdb,changed,data.pak,982,2107-12-31-23-59-56
Universe_mod.pak,GameMechanics/TownBuildingSharedStats/Dungeon/Special_6/HallOfIntrigue.xdb,changed,data.pak,832,2107-12-31-23-59-56
Universe_mod.pak,GameMechanics/TownBuildingSharedStats/Dungeon/TownHall/Capitol.xdb,changed,data.pak,935,2107-12-31-23-59-56
Universe_mod.pak,GameMechanics/TownBuildingSharedStats/Dungeon/TownHall/CityHall.xdb,changed,data.pak,939,2107-12-31-23-59-56
Universe_mod.pak,GameMechanics/TownBuildingSharedStats/Dungeon/TownHall/TownHall.xdb,changed,data.pak,856,2107-12-31-23-59-56
Universe_mod.pak,GameMechanics/TownBuildingSharedStats/Dwarves/Blacksmith/Blacksmith.xdb,changed,data.pak,899,2107-12-31-23-59-56
Universe_mod.pak,GameMechanics/TownBuildingSharedStats/Dwarves/Dwelling_2/ThrowingRange.xdb,changed,data.pak,1010,2107-12-31-23-59-56
Universe_mod.pak,GameMechanics/TownBuildingSharedStats/Dwarves/Dwelling_2/Woodworks.xdb,changed,data.pak,902,2107-12-31-23-59-56
Universe_mod.pak,GameMechanics/TownBuildingSharedStats/Dwarves/Dwelling_3/BearPens.xdb,changed,data.pak,902,2107-12-31-23-59-56
Universe_mod.pak,GameMechanics/TownBuildingSharedStats/Dwarves/Dwelling_3/BlackbearPens.xdb,changed,data.pak,1020,2107-12-31-23-59-56
Universe_mod.pak,GameMechanics/TownBuildingSharedStats/Dwarves/Dwelling_4/FightingRing.xdb,changed,data.pak,901,2107-12-31-23-59-56
Universe_mod.pak,GameMechanics/TownBuildingSharedStats/Dwarves/Dwelling_4/FightningSquare.xdb,changed,data.pak,1016,2107-12-31-23-59-56
Universe_mod.pak,GameMechanics/TownBuildingSharedStats/Dwarves/Dwelling_5/RunicSeminary.xdb,changed,data.pak,1050,2107-12-31-23-59-56
Universe_mod.pak,GameMechanics/TownBuildingSharedStats/Dwarves/Dwelling_5/RunicUniversity.xdb,changed,data.pak,1019,2107-12-31-23-59-56
Universe_mod.pak,GameMechanics/TownBuildingSharedStats/Dwarves/Dwelling_6/ClansHalls.xdb,changed,data.pak,1039,2107-12-31-23-59-56
Universe_mod.pak,GameMechanics/TownBuildingSharedStats/Dwarves/Dwelling_6/ClansPalace.xdb,changed,data.pak,1011,2107-12-31-23-59-56
Universe_mod.pak,GameMechanics/TownBuildingSharedStats/Dwarves/Dwelling_7/LavaBelch.xdb,changed,data.pak,904,2107-12-31-23-59-56
Universe_mod.pak,GameMechanics/TownBuildingSharedStats/Dwarves/Dwelling_7/MagmaBelch.xdb,changed,data.pak,1011,2107-12-31-23-59-56
Universe_mod.pak,GameMechanics/TownBuildingSharedStats/Dwarves/Fort/Castle.xdb,changed,data.pak,964,2107-12-31-23-59-56
Universe_mod.pak,GameMechanics/TownBuildingSharedStats/Dwarves/Fort/Citadel.xdb,changed,data.pak,963,2107-12-31-23-59-56
Universe_mod.pak,GameMechanics/TownBuildingSharedStats/Dwarves/Fort/Fort.xdb,changed,data.pak,889,2107-12-31-23-59-56
Universe_mod.pak,GameMechanics/TownBuildingSharedStats/Dwarves/Magic_Guild/Magic_Guild_1.xdb,changed,data.pak,933,2107-12-31-23-59-56
Universe_mod.pak,GameMechanics/TownBuildingSharedStats/Dwarves/Marketplace/Resource_Silo.xdb,changed,data.pak,1020,2107-12-31-23-59-56
Universe_mod.pak,GameMechanics/TownBuildingSharedStats/Dwarves/Special_2/Arena.xdb,changed,data.pak,1026,2107-12-31-23-59-56
Universe_mod.pak,GameMechanics/TownBuildingSharedStats/Dwarves/Special_3/GuardPost.xdb,changed,data.pak,1029,2107-12-31-23-59-56
Universe_mod.pak,GameMechanics/TownBuildingSharedStats/Dwarves/Special_4/Stoneworks.xdb,changed,data.pak,1019,2107-12-31-23-59-56
Universe_mod.pak,GameMechanics/TownBuildingSharedStats/Dwarves/Special_5/Runic_Academy.xdb,changed,data.pak,1010,2107-12-31-23-59-56
Universe_mod.pak,GameMechanics/TownBuildingSharedStats/Dwarves/TownHall/Capitol.xdb,changed,data.pak,984,2107-12-31-23-59-56
Universe_mod.pak,GameMechanics/TownBuildingSharedStats/Dwarves/TownHall/CityHall.xdb,changed,data.pak,991,2107-12-31-23-59-56
Universe_mod.pak,GameMechanics/TownBuildingSharedStats/Dwarves/TownHall/TownHall.xdb,changed,data.pak,908,2107-12-31-23-59-56
Universe_mod.pak,GameMechanics/TownBuildingSharedStats/Haven/Dwelling_2/Archer_Tower.xdb,changed,data.pak,828,2107-12-31-23-59-56
Universe_mod.pak,GameMechanics/TownBuildingSharedStats/Haven/Dwelling_2/Marksman_Tower.xdb,changed,data.pak,939,2107-12-31-23-59-56
Universe_mod.pak,GameMechanics/TownBuildingSharedStats/Haven/Dwelling_3/Barracks.xdb,changed,data.pak,845,2107-12-31-23-59-56
Universe_mod.pak,GameMechanics/TownBuildingSharedStats/Haven/Dwelling_4/Griffin_Bastion.xdb,changed,data.pak,953,2107-12-31-23-59-56
Universe_mod.pak,GameMechanics/TownBuildingSharedStats/Haven/Dwelling_4/Griffin_Tower.xdb,changed,data.pak,831,2107-12-31-23-59-56
Universe_mod.pak,GameMechanics/TownBuildingSharedStats/Haven/Dwelling_5/Cathedral.xdb,changed,data.pak,927,2107-12-31-23-59-56
Universe_mod.pak,GameMechanics/TownBuildingSharedStats/Haven/Dwelling_5/Monastery.xdb,changed,data.pak,970,2107-12-31-23-59-56
Universe_mod.pak,GameMechanics/TownBuildingSharedStats/Haven/Dwelling_6/Jousting_Arena.xdb,changed,data.pak,973,2107-12-31-23-59-56
Universe_mod.pak,GameMechanics/TownBuildingSharedStats/Haven/Dwelling_6/Order_of_Paladins.xdb,changed,data.pak,946,2107-12-31-23-59-56
Universe_mod.pak,GameMechanics/TownBuildingSharedStats/Haven/Dwelling_7/Altar_of_Heaven.xdb,changed,data.pak,933,2107-12-31-23-59-56
Universe_mod.pak,GameMechanics/TownBuildingSharedStats/Haven/Dwelling_7/Altar_of_Light.xdb,changed,data.pak,961,2107-12-31-23-59-56
Universe_mod.pak,GameMechanics/TownBuildingSharedStats/Haven/Fort/Castle.xdb,changed,data.pak,908,2107-12-31-23-59-56
Universe_mod.pak,GameMechanics/TownBuildingSharedStats/Haven/Fort/Citadel.xdb,changed,data.pak,906,2107-12-31-23-59-56
Universe_mod.pak,GameMechanics/TownBuildingSharedStats/Haven/Fort/Fort.xdb,changed,data.pak,818,2107-12-31-23-59-56
Universe_mod.pak,GameMechanics/TownBuildingSharedStats/Haven/Magic_Guild/Magic_Guild_1.xdb,changed,data.pak,824,2107-12-31-23-59-56
Universe_mod.pak,GameMechanics/TownBuildingSharedStats/Haven/Marketplace/Resource_Silo.xdb,changed,data.pak,956,2107-12-31-23-59-56
Universe_mod.pak,GameMechanics/TownBuildingSharedStats/Haven/Special_1/Training_Grounds.xdb,changed,data.pak,828,2107-12-31-23-59-56
Universe_mod.pak,GameMechanics/TownBuildingSharedStats/Haven/Special_2/Monument_to_Fallen_Heroes.xdb,changed,data.pak,976,2107-12-31-23-59-56
Universe_mod.pak,GameMechanics/TownBuildingSharedStats/Haven/Special_4/Stables.xdb,changed,data.pak,819,2107-12-31-23-59-56
Universe_mod.pak,GameMechanics/TownBuildingSharedStats/Haven/Special_5/Farms.xdb,changed,data.pak,920,2107-12-31-23-59-56
Universe_mod.pak,GameMechanics/TownBuildingSharedStats/Haven/Town_Hall/Capitol.xdb,changed,data.pak,926,2107-12-31-23-59-56
Universe_mod.pak,GameMechanics/TownBuildingSharedStats/Haven/Town_Hall/City_Hall.xdb,changed,data.pak,846,2107-12-31-23-59-56
Universe_mod.pak,GameMechanics/TownBuildingSharedStats/Haven/Town_Hall/Town_Hall.xdb,changed,data.pak,933,2107-12-31-23-59-56
Universe_mod.pak,GameMechanics/TownBuildingSharedStats/Inferno/Dwelling_2/Demon_Gate.xdb,changed,data.pak,830,2107-12-31-23-59-56
Universe_mod.pak,GameMechanics/TownBuildingSharedStats/Inferno/Dwelling_2/Demon_Portal.xdb,changed,data.pak,948,2107-12-31-23-59-56
Universe_mod.pak,GameMechanics/TownBuildingSharedStats/Inferno/Dwelling_3/Cerberi_Kennels.xdb,changed,data.pak,943,2107-12-31-23-59-56
Universe_mod.pak,GameMechanics/TownBuildingSharedStats/Inferno/Dwelling_3/Kennels.xdb,changed,data.pak,834,2107-12-31-23-59-56
Universe_mod.pak,GameMechanics/TownBuildingSharedStats/Inferno/Dwelling_4/Hall_of_Sins.xdb,changed,data.pak,966,2107-12-31-23-59-56
Universe_mod.pak,GameMechanics/TownBuildingSharedStats/Inferno/Dwelling_4/Hall_of_Temptations.xdb,changed,data.pak,852,2107-12-31-23-59-56
Universe_mod.pak,GameMechanics/TownBuildingSharedStats/Inferno/Dwelling_5/Hell_Chasm.xdb,changed,data.pak,948,2107-12-31-23-59-56
Universe_mod.pak,GameMechanics/TownBuildingSharedStats/Inferno/Dwelling_5/Hell_Hole.xdb,changed,data.pak,833,2107-12-31-23-59-56
Universe_mod.pak,GameMechanics/TownBuildingSharedStats/Inferno/Dwelling_6/Desecrated_Temple.xdb,changed,data.pak,953,2107-12-31-23-59-56
Universe_mod.pak,GameMechanics/TownBuildingSharedStats/Inferno/Dwelling_6/Temple_of_the_Damned.xdb,changed,data.pak,989,2107-12-31-23-59-56
Universe_mod.pak,GameMechanics/TownBuildingSharedStats/Inferno/Dwelling_7/Forsaken_Palace.xdb,changed,data.pak,836,2107-12-31-23-59-56
Universe_mod.pak,GameMechanics/TownBuildingSharedStats/Inferno/Dwelling_7/Sinister_Palace.xdb,changed,data.pak,952,2107-12-31-23-59-56
Universe_mod.pak,GameMechanics/TownBuildingSharedStats/Inferno/Fort/Castle.xdb,changed,data.pak,906,2107-12-31-23-59-56
Universe_mod.pak,GameMechanics/TownBuildingSharedStats/Inferno/Fort/Citadel.xdb,changed,data.pak,904,2107-12-31-23-59-56
Universe_mod.pak,GameMechanics/TownBuildingSharedStats/Inferno/Fort/Fort.xdb,changed,data.pak,816,2107-12-31-23-59-56
Universe_mod.pak,GameMechanics/TownBuildingSharedStats/Inferno/Magic_Guild/Magic_Guild_1.xdb,changed,data.pak,830,2107-12-31-23-59-56
Universe_mod.pak,GameMechanics/TownBuildingSharedStats/Inferno/Marketplace/Resource_Silo.xdb,changed,data.pak,962,2107-12-31-23-59-56
Universe_mod.pak,GameMechanics/TownBuildingSharedStats/Inferno/Special_1/Infernal_Loom.xdb,changed,data.pak,826,2107-12-31-23-59-56
Universe_mod.pak,GameMechanics/TownBuildingSharedStats/Inferno/Special_2/Brimstone_Clouds.xdb,changed,data.pak,991,2107-12-31-23-59-56
Universe_mod.pak,GameMechanics/TownBuildingSharedStats/Inferno/Special_4/Halls_of_Horror.xdb,changed,data.pak,976,2107-12-31-23-59-56
Universe_mod.pak,GameMechanics/TownBuildingSharedStats/Inferno/Special_5/Sacrificial_Pit.xdb,changed,data.pak,833,2107-12-31-23-59-56
Universe_mod.pak,GameMechanics/TownBuildingSharedStats/Inferno/TownHall/Capitol.xdb,changed,data.pak,929,2107-12-31-23-59-56
Universe_mod.pak,GameMechanics/TownBuildingSharedStats/Inferno/TownHall/City_Hall.xdb,changed,data.pak,933,2107-12-31-23-59-56
Universe_mod.pak,GameMechanics/TownBuildingSharedStats/Inferno/TownHall/Town_Hall.xdb,changed,data.pak,849,2107-12-31-23-59-56
Universe_mod.pak,GameMechanics/TownBuildingSharedStats/Necromancy/Dwelling_1/Boneyard.xdb,changed,data.pak,966,2107-12-31-23-59-56
Universe_mod.pak,GameMechanics/TownBuildingSharedStats/Necromancy/Dwelling_1/Graveyard.xdb,changed,data.pak,846,2107-12-31-23-59-56
Universe_mod.pak,GameMechanics/TownBuildingSharedStats/Necromancy/Dwelling_2/DreadedCrypt.xdb,changed,data.pak,956,2107-12-31-23-59-56
Universe_mod.pak,GameMechanics/TownBuildingSharedStats/Necromancy/Dwelling_2/ForgottenCrypt.xdb,changed,data.pak,846,2107-12-31-23-59-56
Universe_mod.pak,GameMechanics/TownBuildingSharedStats/Necromancy/Dwelling_3/HauntedTower.xdb,changed,data.pak,955,2107-12-31-23-59-56
Universe_mod.pak,GameMechanics/TownBuildingSharedStats/Necromancy/Dwelling_3/RuinedTower.xdb,changed,data.pak,846,2107-12-31-23-59-56
Universe_mod.pak,GameMechanics/TownBuildingSharedStats/Necromancy/Dwelling_4/Estate.xdb,changed,data.pak,953,2107-12-31-23-59-56
Universe_mod.pak,GameMechanics/TownBuildingSharedStats/Necromancy/Dwelling_4/Mansion.xdb,changed,data.pak,992,2107-12-31-23-59-56
Universe_mod.pak,GameMechanics/TownBuildingSharedStats/Necromancy/Dwelling_5/GreatMausoleum.xdb,changed,data.pak,956,2107-12-31-23-59-56
Universe_mod.pak,GameMechanics/TownBuildingSharedStats/Necromancy/Dwelling_5/Mausoleum.xdb,changed,data.pak,998,2107-12-31-23-59-56
Universe_mod.pak,GameMechanics/TownBuildingSharedStats/Necromancy/Dwelling_6/DarkCathedral.xdb,changed,data.pak,962,2107-12-31-23-59-56
Universe_mod.pak,GameMechanics/TownBuildingSharedStats/Necromancy/Dwelling_6/HallOfDarkness.xdb,changed,data.pak,854,2107-12-31-23-59-56
Universe_mod.pak,GameMechanics/TownBuildingSharedStats/Necromancy/Dwelling_7/DragonGraveyard.xdb,changed,data.pak,856,2107-12-31-23-59-56
Universe_mod.pak,GameMechanics/TownBuildingSharedStats/Necromancy/Dwelling_7/DragonVault.xdb,changed,data.pak,974,2107-12-31-23-59-56
Universe_mod.pak,GameMechanics/TownBuildingSharedStats/Necromancy/Fort/Castle.xdb,changed,data.pak,920,2107-12-31-23-59-56
Universe_mod.pak,GameMechanics/TownBuildingSharedStats/Necromancy/Fort/Citadel.xdb,changed,data.pak,918,2107-12-31-23-59-56
Universe_mod.pak,GameMechanics/TownBuildingSharedStats/Necromancy/Fort/Fort.xdb,changed,data.pak,830,2107-12-31-23-59-56
Universe_mod.pak,GameMechanics/TownBuildingSharedStats/Necromancy/Magic_Guild/Magic_Guild_1.xdb,changed,data.pak,886,2107-12-31-23-59-56
Universe_mod.pak,GameMechanics/TownBuildingSharedStats/Necromancy/Magic_Guild/Magic_Guild_2.xdb,changed,data.pak,974,2107-12-31-23-59-56
Universe_mod.pak,GameMechanics/TownBuildingSharedStats/Necromancy/Magic_Guild/Magic_Guild_3.xdb,changed,data.pak,974,2107-12-31-23-59-56
Universe_mod.pak,GameMechanics/TownBuildingSharedStats/Necromancy/Magic_Guild/Magic_Guild_4.xdb,changed,data.pak,974,2107-12-31-23-59-56
Universe_mod.pak,GameMechanics/TownBuildingSharedStats/Necromancy/Magic_Guild/Magic_Guild_5.xdb,changed,data.pak,974,2107-12-31-23-59-56
Universe_mod.pak,GameMechanics/TownBuildingSharedStats/Necromancy/Marketplace/Resource_Silo.xdb,changed,data.pak,981,2107-12-31-23-59-56
Universe_mod.pak,GameMechanics/TownBuildingSharedStats/Necromancy/Special_/NecromancyAmplifier.xdb,changed,data.pak,1001,2107-12-31-23-59-56
Universe_mod.pak,GameMechanics/TownBuildingSharedStats/Necromancy/Special_2/unholytemple.xdb,changed,data.pak,845,2107-12-31-23-59-56
Universe_mod.pak,GameMechanics/TownBuildingSharedStats/Necromancy/Special_3/UnearthedGraves.xdb,changed,data.pak,1003,2107-12-31-23-59-56
Universe_mod.pak,GameMechanics/TownBuildingSharedStats/Necromancy/Special_4/DragonTombstone.xdb,changed,data.pak,999,2107-12-31-23-59-56
Universe_mod.pak,GameMechanics/TownBuildingSharedStats/Necromancy/TownHall/Capitol.xdb,changed,data.pak,947,2107-12-31-23-59-56
Universe_mod.pak,GameMechanics/TownBuildingSharedStats/Necromancy/TownHall/City_Hall.xdb,changed,data.pak,951,2107-12-31-23-59-56
Universe_mod.pak,GameMechanics/TownBuildingSharedStats/Necromancy/TownHall/Town_Hall.xdb,changed,data.pak,867,2107-12-31-23-59-56
Universe_mod.pak,GameMechanics/TownBuildingSharedStats/Preserve/Blacksmith/Blacksmith.xdb,changed,data.pak,849,2107-12-31-23-59-56
Universe_mod.pak,GameMechanics/TownBuildingSharedStats/Preserve/Dwelling_1/FaerieTrees.xdb,changed,data.pak,838,2107-12-31-23-59-56
Universe_mod.pak,GameMechanics/TownBuildingSharedStats/Preserve/Dwelling_2/WoodGuardQuarters.xdb,changed,data.pak,846,2107-12-31-23-59-56
Universe_mod.pak,GameMechanics/TownBuildingSharedStats/Preserve/Dwelling_2/WoodGuardTerraces.xdb,changed,data.pak,960,2107-12-31-23-59-56
Universe_mod.pak,GameMechanics/TownBuildingSharedStats/Preserve/Dwelling_3/HighCabins.xdb,changed,data.pak,843,2107-12-31-23-59-56
Universe_mod.pak,GameMechanics/TownBuildingSharedStats/Preserve/Dwelling_3/HighPalace.xdb,changed,data.pak,954,2107-12-31-23-59-56
Universe_mod.pak,GameMechanics/TownBuildingSharedStats/Preserve/Dwelling_4/RingOfStones.xdb,changed,data.pak,989,2107-12-31-23-59-56
Universe_mod.pak,GameMechanics/TownBuildingSharedStats/Preserve/Dwelling_4/Stonehedge.xdb,changed,data.pak,957,2107-12-31-23-59-56
Universe_mod.pak,GameMechanics/TownBuildingSharedStats/Preserve/Dwelling_5/UnicornArena.xdb,changed,data.pak,960,2107-12-31-23-59-56
Universe_mod.pak,GameMechanics/TownBuildingSharedStats/Preserve/Dwelling_5/UnicornGlade.xdb,changed,data.pak,843,2107-12-31-23-59-56
Universe_mod.pak,GameMechanics/TownBuildingSharedStats/Preserve/Dwelling_6/TreantAlcove.xdb,changed,data.pak,962,2107-12-31-23-59-56
Universe_mod.pak,GameMechanics/TownBuildingSharedStats/Preserve/Dwelling_6/TreantArches.xdb,changed,data.pak,843,2107-12-31-23-59-56
Universe_mod.pak,GameMechanics/TownBuildingSharedStats/Preserve/Dwelling_7/ForestNest.xdb,changed,data.pak,849,2107-12-31-23-59-56
Universe_mod.pak,GameMechanics/TownBuildingSharedStats/Preserve/Dwelling_7/GoldenNest.xdb,changed,data.pak,957,2107-12-31-23-59-56
Universe_mod.pak,GameMechanics/TownBuildingSharedStats/Preserve/Fort/Castle.xdb,changed,data.pak,914,2107-12-31-23-59-56
Universe_mod.pak,GameMechanics/TownBuildingSharedStats/Preserve/Fort/Citadel.xdb,changed,data.pak,912,2107-12-31-23-59-56
Universe_mod.pak,GameMechanics/TownBuildingSharedStats/Preserve/Fort/Fort.xdb,changed,data.pak,824,2107-12-31-23-59-56
Universe_mod.pak,GameMechanics/TownBuildingSharedStats/Preserve/MagicGuild/Magic_Guild_1.xdb,changed,data.pak,878,2107-12-31-23-59-56
Universe_mod.pak,GameMechanics/TownBuildingSharedStats/Preserve/MagicGuild/Magic_Guild_2.xdb,changed,data.pak,966,2107-12-31-23-59-56
Universe_mod.pak,GameMechanics/TownBuildingSharedStats/Preserve/MagicGuild/Magic_Guild_3.xdb,changed,data.pak,966,2107-12-31-23-59-56
Universe_mod.pak,GameMechanics/TownBuildingSharedStats/Preserve/MagicGuild/Magic_Guild_4.xdb,changed,data.pak,966,2107-12-31-23-59-56
Universe_mod.pak,GameMechanics/TownBuildingSharedStats/Preserve/MagicGuild/Magic_Guild_5.xdb,changed,data.pak,966,2107-12-31-23-59-56
Universe_mod.pak,GameMechanics/TownBuildingSharedStats/Preserve/MarketPlace/Resource_Silo.xdb,changed,data.pak,970,2107-12-31-23-59-56
Universe_mod.pak,GameMechanics/TownBuildingSharedStats/Preserve/Special_0/AvengersGuild.xdb,changed,data.pak,984,2107-12-31-23-59-56
Universe_mod.pak,GameMechanics/TownBuildingSharedStats/Preserve/Special_1/AvengersBrotherhood.xdb,changed,data.pak,986,2107-12-31-23-59-56
Universe_mod.pak,GameMechanics/TownBuildingSharedStats/Preserve/Special_2/MysticPond.xdb,changed,data.pak,845,2107-12-31-23-59-56
Universe_mod.pak,GameMechanics/TownBuildingSharedStats/Preserve/Special_3/SparklingFountain.xdb,changed,data.pak,995,2107-12-31-23-59-56
Universe_mod.pak,GameMechanics/TownBuildingSharedStats/Preserve/Special_4/BloomingGrove.xdb,changed,data.pak,984,2107-12-31-23-59-56
Universe_mod.pak,GameMechanics/TownBuildingSharedStats/Preserve/Special_5/TreantSamplings.xdb,changed,data.pak,1002,2107-12-31-23-59-56
Universe_mod.pak,GameMechanics/TownBuildingSharedStats/Preserve/TownHall/Capitol.xdb,changed,data.pak,941,2107-12-31-23-59-56
Universe_mod.pak,GameMechanics/TownBuildingSharedStats/Preserve/TownHall/City_Hall.xdb,changed,data.pak,945,2107-12-31-23-59-56
Universe_mod.pak,GameMechanics/TownBuildingSharedStats/Preserve/TownHall/Town_Hall.xdb,changed,data.pak,861,2107-12-31-23-59-56
Universe_mod.pak,GameMechanics/TownBuildingSharedStats/Stronghold/Dwelling_2/CentaurCamp.xdb,changed,data.pak,967,2107-12-31-23-59-56
Universe_mod.pak,GameMechanics/TownBuildingSharedStats/Stronghold/Dwelling_2/CentaurOutpost.xdb,changed,data.pak,847,2107-12-31-23-59-56
Universe_mod.pak,GameMechanics/TownBuildingSharedStats/Stronghold/Dwelling_3/WarPavillion.xdb,changed,data.pak,961,2107-12-31-23-59-56
Universe_mod.pak,GameMechanics/TownBuildingSharedStats/Stronghold/Dwelling_3/WarriorsTents.xdb,changed,data.pak,850,2107-12-31-23-59-56
Universe_mod.pak,GameMechanics/TownBuildingSharedStats/Stronghold/Dwelling_4/HouseOfBones.xdb,changed,data.pak,961,2107-12-31-23-59-56
Universe_mod.pak,GameMechanics/TownBuildingSharedStats/Stronghold/Dwelling_4/HouseOfSpirits.xdb,changed,data.pak,993,2107-12-31-23-59-56
Universe_mod.pak,GameMechanics/TownBuildingSharedStats/Stronghold/Dwelling_5/ChamberOfRage.xdb,changed,data.pak,979,2107-12-31-23-59-56
Universe_mod.pak,GameMechanics/TownBuildingSharedStats/Stronghold/Dwelling_5/ChamberOfWrath.xdb,changed,data.pak,1006,2107-12-31-23-59-56
Universe_mod.pak,GameMechanics/TownBuildingSharedStats/Stronghold/Dwelling_6/WyvernCliff.xdb,changed,data.pak,844,2107-12-31-23-59-56
Universe_mod.pak,GameMechanics/TownBuildingSharedStats/Stronghold/Dwelling_6/WyvernTower.xdb,changed,data.pak,965,2107-12-31-23-59-56
Universe_mod.pak,GameMechanics/TownBuildingSharedStats/Stronghold/Dwelling_7/CyclopAbyss.xdb,changed,data.pak,965,2107-12-31-23-59-56
Universe_mod.pak,GameMechanics/TownBuildingSharedStats/Stronghold/Dwelling_7/CyclopChasm.xdb,changed,data.pak,845,2107-12-31-23-59-56
Universe_mod.pak,GameMechanics/TownBuildingSharedStats/Stronghold/Fort/Castle.xdb,changed,data.pak,908,2107-12-31-23-59-56
Universe_mod.pak,GameMechanics/TownBuildingSharedStats/Stronghold/Fort/Citadel.xdb,changed,data.pak,907,2107-12-31-23-59-56
Universe_mod.pak,GameMechanics/TownBuildingSharedStats/Stronghold/Fort/Fort.xdb,same,data.pak,816,2107-12-31-23-59-56
Universe_mod.pak,GameMechanics/TownBuildingSharedStats/Stronghold/Marketplace/Resource_Silo.xdb,changed,data.pak,964,2107-12-31-23-59-56
Universe_mod.pak,GameMechanics/TownBuildingSharedStats/Stronghold/Special_1/HallOfMastership.xdb,changed,data.pak,973,2107-12-31-23-59-56
Universe_mod.pak,GameMechanics/TownBuildingSharedStats/Stronghold/Special_1/HallOfMight.xdb,changed,data.pak,963,2107-12-31-23-59-56
Universe_mod.pak,GameMechanics/TownBuildingSharedStats/Stronghold/Special_1/HallOfTrial.xdb,changed,data.pak,872,2107-12-31-23-59-56
Universe_mod.pak,GameMechanics/TownBuildingSharedStats/Stronghold/Special_2/GarbagePile.xdb,changed,data.pak,977,2107-12-31-23-59-56
Universe_mod.pak,GameMechanics/TownBuildingSharedStats/Stronghold/Special_3/TravellersShelter.xdb,changed,data.pak,836,2107-12-31-23-59-56
Universe_mod.pak,GameMechanics/TownBuildingSharedStats/Stronghold/Special_4/PileOfOurFoes.xdb,changed,data.pak,836,2107-12-31-23-59-56
Universe_mod.pak,GameMechanics/TownBuildingSharedStats/Stronghold/Special_5/SlaveMarket.xdb,changed,data.pak,831,2107-12-31-23-59-56
Universe_mod.pak,GameMechanics/TownBuildingSharedStats/Stronghold/TownHall/Capitol.xdb,changed,data.pak,929,2107-12-31-23-59-56
Universe_mod.pak,GameMechanics/TownBuildingSharedStats/Stronghold/TownHall/CityHall.xdb,changed,data.pak,935,2107-12-31-23-59-56
Universe_mod.pak,GameMechanics/TownBuildingSharedStats/Stronghold/TownHall/TownHall.xdb,changed,data.pak,852,2107-12-31-23-59-56
Universe_mod.pak,GameMechanics/TownSpecialization/Academy/Random/Alemadros.xdb,changed,data.pak,482,2107-12-31-23-59-56
Universe_mod.pak,GameMechanics/TownSpecialization/Academy/Random/Ayer.xdb,changed,data.pak,461,2107-12-31-23-59-56
Universe_mod.pak,GameMechanics/TownSpecialization/Academy/Random/Batta.xdb,changed,data.pak,459,2107-12-31-23-59-56
Universe_mod.pak,GameMechanics/TownSpecialization/Academy/Random/Casim.xdb,changed,data.pak,468,2107-12-31-23-59-56
Universe_mod.pak,GameMechanics/TownSpecialization/Academy/Random/Davvad.xdb,changed,data.pak,470,2107-12-31-23-59-56
Universe_mod.pak,GameMechanics/TownSpecialization/Academy/Random/Demir.xdb,changed,data.pak,474,2107-12-31-23-59-56
Universe_mod.pak,GameMechanics/TownSpecialization/Academy/Random/Dgoh.xdb,changed,data.pak,461,2107-12-31-23-59-56
Universe_mod.pak,GameMechanics/TownSpecialization/Academy/Random/Efdal.xdb,changed,data.pak,464,2107-12-31-23-59-56
Universe_mod.pak,GameMechanics/TownSpecialization/Academy/Random/Gan.xdb,changed,data.pak,459,2107-12-31-23-59-56
Universe_mod.pak,GameMechanics/TownSpecialization/Academy/Random/Hikm.xdb,changed,data.pak,455,2107-12-31-23-59-56
Universe_mod.pak,GameMechanics/TownSpecialization/Academy/Random/Mahk.xdb,changed,data.pak,455,2107-12-31-23-59-56
Universe_mod.pak,GameMechanics/TownSpecialization/Academy/Random/Mans.xdb,changed,data.pak,463,2107-12-31-23-59-56
Universe_mod.pak,GameMechanics/TownSpecialization/Academy/Random/MinusDefenceOffence.xdb,changed,data.pak,467,2107-12-31-23-59-56
Universe_mod.pak,GameMechanics/TownSpecialization/Academy/Random/Naz.xdb,changed,data.pak,468,2107-12-31-23-59-56
Universe_mod.pak,GameMechanics/TownSpecialization/Academy/Random/Rag.xdb,changed,data.pak,463,2107-12-31-23-59-56
Universe_mod.pak,GameMechanics/TownSpecialization/Academy/Random/Tier4.xdb,changed,data.pak,455,2107-12-31-23-59-56
Universe_mod.pak,GameMechanics/TownSpecialization/Academy/Random/Tirith.xdb,changed,data.pak,476,2107-12-31-23-59-56
Universe_mod.pak,GameMechanics/TownSpecialization/Academy/Random/Towers.xdb,changed,data.pak,439,2107-12-31-23-59-56
Universe_mod.pak,GameMechanics/TownSpecialization/Academy/Random/Umar.xdb,changed,data.pak,473,2107-12-31-23-59-56
Universe_mod.pak,GameMechanics/TownSpecialization/Academy/Random/Zeid.xdb,changed,data.pak,459,2107-12-31-23-59-56
Universe_mod.pak,GameMechanics/TownSpecialization/Academy/Script/Alemadros.xdb,changed,data.pak,488,2107-12-31-23-59-56
Universe_mod.pak,GameMechanics/TownSpecialization/Academy/Script/Davvad.xdb,changed,data.pak,475,2107-12-31-23-59-56
Universe_mod.pak,GameMechanics/TownSpecialization/Academy/Script/Hikm.xdb,changed,data.pak,460,2107-12-31-23-59-56
Universe_mod.pak,GameMechanics/TownSpecialization/Academy/Script/Insar.xdb,changed,data.pak,464,2107-12-31-23-59-56
Universe_mod.pak,GameMechanics/TownSpecialization/Academy/Script/Lal.xdb,changed,data.pak,402,2107-12-31-23-59-56
Universe_mod.pak,GameMechanics/TownSpecialization/Academy/Script/Lorekeep.xdb,changed,data.pak,362,2107-12-31-23-59-56
Universe_mod.pak,GameMechanics/TownSpecialization/Academy/Script/Say_in_3_campany.xdb,changed,data.pak,515,2107-12-31-23-59-56
Universe_mod.pak,GameMechanics/TownSpecialization/Academy/Script/Say_in_6_campany.xdb,changed,data.pak,515,2107-12-31-23-59-56
Universe_mod.pak,GameMechanics/TownSpecialization/Dungeon/Random/Alklomed.xdb,changed,data.pak,463,2107-12-31-23-59-56
Universe_mod.pak,GameMechanics/TownSpecialization/Dungeon/Random/Angband.xdb,changed,data.pak,479,2107-12-31-23-59-56
Universe_mod.pak,GameMechanics/TownSpecialization/Dungeon/Random/Balvalak.xdb,changed,data.pak,461,2107-12-31-23-59-56
Universe_mod.pak,GameMechanics/TownSpecialization/Dungeon/Random/Dolnur.xdb,changed,data.pak,467,2107-12-31-23-59-56
Universe_mod.pak,GameMechanics/TownSpecialization/Dungeon/Random/Efelgul.xdb,changed,data.pak,469,2107-12-31-23-59-56
Universe_mod.pak,GameMechanics/TownSpecialization/Dungeon/Random/Firingil.xdb,changed,data.pak,465,2107-12-31-23-59-56
Universe_mod.pak,GameMechanics/TownSpecialization/Dungeon/Random/Gibirlad.xdb,changed,data.pak,481,2107-12-31-23-59-56
Universe_mod.pak,GameMechanics/TownSpecialization/Dungeon/Random/Gortadan.xdb,changed,data.pak,469,2107-12-31-23-59-56
Universe_mod.pak,GameMechanics/TownSpecialization/Dungeon/Random/Himannun.xdb,changed,data.pak,475,2107-12-31-23-59-56
Universe_mod.pak,GameMechanics/TownSpecialization/Dungeon/Random/Ilutang.xdb,changed,data.pak,467,2107-12-31-23-59-56
Universe_mod.pak,GameMechanics/TownSpecialization/Dungeon/Random/Kirirat.xdb,changed,data.pak,463,2107-12-31-23-59-56
Universe_mod.pak,GameMechanics/TownSpecialization/Dungeon/Random/Laskurun.xdb,changed,data.pak,467,2107-12-31-23-59-56
Universe_mod.pak,GameMechanics/TownSpecialization/Dungeon/Random/Mitbarad.xdb,changed,data.pak,481,2107-12-31-23-59-56
Universe_mod.pak,GameMechanics/TownSpecialization/Dungeon/Random/Narmor.xdb,changed,data.pak,489,2107-12-31-23-59-56
Universe_mod.pak,GameMechanics/TownSpecialization/Dungeon/Random/Nazhir.xdb,changed,data.pak,471,2107-12-31-23-59-56
Universe_mod.pak,GameMechanics/TownSpecialization/Dungeon/Random/Pelduat.xdb,changed,data.pak,479,2107-12-31-23-59-56
Universe_mod.pak,GameMechanics/TownSpecialization/Dungeon/Random/Rogmir.xdb,changed,data.pak,477,2107-12-31-23-59-56
Universe_mod.pak,GameMechanics/TownSpecialization/Dungeon/Random/Tondnor.xdb,changed,data.pak,471,2107-12-31-23-59-56
Universe_mod.pak,GameMechanics/TownSpecialization/Dungeon/Random/Torondir.xdb,changed,data.pak,479,2107-12-31-23-59-56
Universe_mod.pak,GameMechanics/TownSpecialization/Dungeon/Random/Vinhit.xdb,changed,data.pak,459,2107-12-31-23-59-56
Universe_mod.pak,GameMechanics/TownSpecialization/Dungeon/Script/Aanhost.xdb,changed,data.pak,466,2107-12-31-23-59-56
Universe_mod.pak,GameMechanics/TownSpecialization/Dungeon/Script/Balnur.xdb,changed,data.pak,462,2107-12-31-23-59-56
Universe_mod.pak,GameMechanics/TownSpecialization/Dungeon/Script/Dolnur .xdb,changed,data.pak,452,2107-12-31-23-59-56
Universe_mod.pak,GameMechanics/TownSpecialization/Dungeon/Script/Eahost.xdb,changed,data.pak,464,2107-12-31-23-59-56
Universe_mod.pak,GameMechanics/TownSpecialization/Dungeon/Script/Efelnur.xdb,changed,data.pak,474,2107-12-31-23-59-56
Universe_mod.pak,GameMechanics/TownSpecialization/Dungeon/Script/Fouhost.xdb,changed,data.pak,466,2107-12-31-23-59-56
Universe_mod.pak,GameMechanics/TownSpecialization/Dungeon/Script/Gibirnur.xdb,changed,data.pak,486,2107-12-31-23-59-56
Universe_mod.pak,GameMechanics/TownSpecialization/Dungeon/Script/Gortadan.xdb,changed,data.pak,474,2107-12-31-23-59-56
Universe_mod.pak,GameMechanics/TownSpecialization/Dungeon/Script/Himannur.xdb,changed,data.pak,480,2107-12-31-23-59-56
Universe_mod.pak,GameMechanics/TownSpecialization/Dungeon/Script/Iarvain .xdb,changed,data.pak,458,2107-12-31-23-59-56
Universe_mod.pak,GameMechanics/TownSpecialization/Dungeon/Script/Ilunur.xdb,changed,data.pak,470,2107-12-31-23-59-56
Universe_mod.pak,GameMechanics/TownSpecialization/Dungeon/Script/Miahost.xdb,changed,data.pak,466,2107-12-31-23-59-56
Universe_mod.pak,GameMechanics/TownSpecialization/Dungeon/Script/Narmor.xdb,changed,data.pak,474,2107-12-31-23-59-56
Universe_mod.pak,GameMechanics/TownSpecialization/Dungeon/Script/Pelnur.xdb,changed,data.pak,482,2107-12-31-23-59-56
Universe_mod.pak,GameMechanics/TownSpecialization/Dungeon/Script/Seahost.xdb,changed,data.pak,466,2107-12-31-23-59-56
Universe_mod.pak,GameMechanics/TownSpecialization/Dungeon/Script/Toahost.xdb,changed,data.pak,466,2107-12-31-23-59-56
Universe_mod.pak,GameMechanics/TownSpecialization/Dungeon/Script/Tondnur.xdb,changed,data.pak,476,2107-12-31-23-59-56
Universe_mod.pak,GameMechanics/TownSpecialization/Dungeon/Script/Vesteyn.xdb,changed,data.pak,339,2107-12-31-23-59-56
Universe_mod.pak,GameMechanics/TownSpecialization/Dungeon/Script/Waahost.xdb,changed,data.pak,466,2107-12-31-23-59-56
Universe_mod.pak,GameMechanics/TownSpecialization/Dungeon/Script/Ziahost.xdb,changed,data.pak,466,2107-12-31-23-59-56
Universe_mod.pak,GameMechanics/TownSpecialization/Fortress/Test.xdb,changed,data.pak,484,2107-12-31-23-59-56
Universe_mod.pak,GameMechanics/TownSpecialization/Fortress/Random/AmmoCart.xdb,changed,data.pak,480,2107-12-31-23-59-56
Universe_mod.pak,GameMechanics/TownSpecialization/Fortress/Random/Crystals.xdb,changed,data.pak,478,2107-12-31-23-59-56
Universe_mod.pak,GameMechanics/TownSpecialization/Fortress/Random/Defence2.xdb,changed,data.pak,495,2107-12-31-23-59-56
Universe_mod.pak,GameMechanics/TownSpecialization/Fortress/Random/ExtraOre.xdb,changed,data.pak,476,2107-12-31-23-59-56
Universe_mod.pak,GameMechanics/TownSpecialization/Fortress/Random/ExtraWood.xdb,changed,data.pak,482,2107-12-31-23-59-56
Universe_mod.pak,GameMechanics/TownSpecialization/Fortress/Random/FirstAidTent.xdb,changed,data.pak,486,2107-12-31-23-59-56
Universe_mod.pak,GameMechanics/TownSpecialization/Fortress/Random/Gems.xdb,changed,data.pak,470,2107-12-31-23-59-56
Universe_mod.pak,GameMechanics/TownSpecialization/Fortress/Random/Gold250.xdb,changed,data.pak,476,2107-12-31-23-59-56
Universe_mod.pak,GameMechanics/TownSpecialization/Fortress/Random/Heroes.xdb,changed,data.pak,474,2107-12-31-23-59-56
Universe_mod.pak,GameMechanics/TownSpecialization/Fortress/Random/Luck.xdb,changed,data.pak,477,2107-12-31-23-59-56
Universe_mod.pak,GameMechanics/TownSpecialization/Fortress/Random/Market.xdb,changed,data.pak,486,2107-12-31-23-59-56
Universe_mod.pak,GameMechanics/TownSpecialization/Fortress/Random/Morale.xdb,changed,data.pak,482,2107-12-31-23-59-56
Universe_mod.pak,GameMechanics/TownSpecialization/Fortress/Random/Offence2.xdb,changed,data.pak,492,2107-12-31-23-59-56
Universe_mod.pak,GameMechanics/TownSpecialization/Fortress/Random/Thieves.xdb,changed,data.pak,484,2107-12-31-23-59-56
Universe_mod.pak,GameMechanics/TownSpecialization/Fortress/Random/Tier1.xdb,changed,data.pak,484,2107-12-31-23-59-56
Universe_mod.pak,GameMechanics/TownSpecialization/Fortress/Random/Tier2.xdb,changed,data.pak,488,2107-12-31-23-59-56
Universe_mod.pak,GameMechanics/TownSpecialization/Fortress/Random/Tier3.xdb,changed,data.pak,490,2107-12-31-23-59-56
Universe_mod.pak,GameMechanics/TownSpecialization/Fortress/Random/Tier4.xdb,changed,data.pak,488,2107-12-31-23-59-56
Universe_mod.pak,GameMechanics/TownSpecialization/Fortress/Random/Towers.xdb,changed,data.pak,474,2107-12-31-23-59-56
Universe_mod.pak,GameMechanics/TownSpecialization/Fortress/Random/Walls.xdb,changed,data.pak,470,2107-12-31-23-59-56
Universe_mod.pak,GameMechanics/TownSpecialization/Fortress/Script/AmmoCart.xdb,changed,data.pak,448,2107-12-31-23-59-56
Universe_mod.pak,GameMechanics/TownSpecialization/Fortress/Script/Crystals.xdb,changed,data.pak,446,2107-12-31-23-59-56
Universe_mod.pak,GameMechanics/TownSpecialization/Fortress/Script/Defence2.xdb,changed,data.pak,463,2107-12-31-23-59-56
Universe_mod.pak,GameMechanics/TownSpecialization/Fortress/Script/ExtraOre.xdb,changed,data.pak,487,2107-12-31-23-59-56
Universe_mod.pak,GameMechanics/TownSpecialization/Fortress/Script/ExtraWood.xdb,changed,data.pak,450,2107-12-31-23-59-56
Universe_mod.pak,GameMechanics/TownSpecialization/Fortress/Script/FirstAidTent.xdb,changed,data.pak,458,2107-12-31-23-59-56
Universe_mod.pak,GameMechanics/TownSpecialization/Fortress/Script/Gems.xdb,changed,data.pak,471,2107-12-31-23-59-56
Universe_mod.pak,GameMechanics/TownSpecialization/Fortress/Script/Gold250.xdb,changed,data.pak,481,2107-12-31-23-59-56
Universe_mod.pak,GameMechanics/TownSpecialization/Fortress/Script/Heroes.xdb,changed,data.pak,442,2107-12-31-23-59-56
Universe_mod.pak,GameMechanics/TownSpecialization/Fortress/Script/Luck.xdb,changed,data.pak,482,2107-12-31-23-59-56
Universe_mod.pak,GameMechanics/TownSpecialization/Fortress/Script/Market.xdb,changed,data.pak,491,2107-12-31-23-59-56
Universe_mod.pak,GameMechanics/TownSpecialization/Fortress/Script/Market_1.xdb,changed,data.pak,358,2107-12-31-23-59-56
Universe_mod.pak,GameMechanics/TownSpecialization/Fortress/Script/Morale.xdb,changed,data.pak,452,2107-12-31-23-59-56
Universe_mod.pak,GameMechanics/TownSpecialization/Fortress/Script/Offence2.xdb,changed,data.pak,456,2107-12-31-23-59-56
Universe_mod.pak,GameMechanics/TownSpecialization/Fortress/Script/Thieves.xdb,changed,data.pak,485,2107-12-31-23-59-56
Universe_mod.pak,GameMechanics/TownSpecialization/Fortress/Script/Tier1.xdb,changed,data.pak,458,2107-12-31-23-59-56
Universe_mod.pak,GameMechanics/TownSpecialization/Fortress/Script/Tier2.xdb,changed,data.pak,493,2107-12-31-23-59-56
Universe_mod.pak,GameMechanics/TownSpecialization/Fortress/Script/Tier3.xdb,changed,data.pak,458,2107-12-31-23-59-56
Universe_mod.pak,GameMechanics/TownSpecialization/Fortress/Script/Tier4.xdb,changed,data.pak,493,2107-12-31-23-59-56
Universe_mod.pak,GameMechanics/TownSpecialization/Fortress/Script/Towers.xdb,changed,data.pak,475,2107-12-31-23-59-56
Universe_mod.pak,GameMechanics/TownSpecialization/Fortress/Script/Walls.xdb,changed,data.pak,440,2107-12-31-23-59-56
Universe_mod.pak,GameMechanics/TownSpecialization/Haven/Random/Alexandretta.xdb,changed,data.pak,468,2107-12-31-23-59-56
Universe_mod.pak,GameMechanics/TownSpecialization/Haven/Random/Bailey.xdb,changed,data.pak,466,2107-12-31-23-59-56
Universe_mod.pak,GameMechanics/TownSpecialization/Haven/Random/Castlegate.xdb,changed,data.pak,462,2107-12-31-23-59-56
Universe_mod.pak,GameMechanics/TownSpecialization/Haven/Random/Chillbury.xdb,changed,data.pak,467,2107-12-31-23-59-56
Universe_mod.pak,GameMechanics/TownSpecialization/Haven/Random/Claxton.xdb,changed,data.pak,464,2107-12-31-23-59-56
Universe_mod.pak,GameMechanics/TownSpecialization/Haven/Random/Devicey.xdb,changed,data.pak,472,2107-12-31-23-59-56
Universe_mod.pak,GameMechanics/TownSpecialization/Haven/Random/Dunhart.xdb,changed,data.pak,462,2107-12-31-23-59-56
Universe_mod.pak,GameMechanics/TownSpecialization/Haven/Random/ExtraOre.xdb,changed,data.pak,448,2107-12-31-23-59-56
Universe_mod.pak,GameMechanics/TownSpecialization/Haven/Random/FirstAidTent.xdb,changed,data.pak,458,2107-12-31-23-59-56
Universe_mod.pak,GameMechanics/TownSpecialization/Haven/Random/Glenheim.xdb,changed,data.pak,476,2107-12-31-23-59-56
Universe_mod.pak,GameMechanics/TownSpecialization/Haven/Random/Kildersom.xdb,changed,data.pak,464,2107-12-31-23-59-56
Universe_mod.pak,GameMechanics/TownSpecialization/Haven/Random/Merlon.xdb,changed,data.pak,472,2107-12-31-23-59-56
Universe_mod.pak,GameMechanics/TownSpecialization/Haven/Random/Millfield.xdb,changed,data.pak,478,2107-12-31-23-59-56
Universe_mod.pak,GameMechanics/TownSpecialization/Haven/Random/Ships.xdb,changed,data.pak,438,2107-12-31-23-59-56
Universe_mod.pak,GameMechanics/TownSpecialization/Haven/Random/Sorreth.xdb,changed,data.pak,467,2107-12-31-23-59-56
Universe_mod.pak,GameMechanics/TownSpecialization/Haven/Random/Stormdale.xdb,changed,data.pak,489,2107-12-31-23-59-56
Universe_mod.pak,GameMechanics/TownSpecialization/Haven/Random/Sulfur.xdb,changed,data.pak,438,2107-12-31-23-59-56
Universe_mod.pak,GameMechanics/TownSpecialization/Haven/Random/Tier4.xdb,changed,data.pak,462,2107-12-31-23-59-56
Universe_mod.pak,GameMechanics/TownSpecialization/Haven/Random/Timberwood.xdb,changed,data.pak,473,2107-12-31-23-59-56
Universe_mod.pak,GameMechanics/TownSpecialization/Haven/Random/Walls.xdb,changed,data.pak,440,2107-12-31-23-59-56
Universe_mod.pak,GameMechanics/TownSpecialization/Haven/Script/Abyss.xdb,changed,data.pak,437,2107-12-31-23-59-56
Universe_mod.pak,GameMechanics/TownSpecialization/Haven/Script/Barrington.xdb,changed,data.pak,468,2107-12-31-23-59-56
Universe_mod.pak,GameMechanics/TownSpecialization/Haven/Script/Bayworth.xdb,changed,data.pak,464,2107-12-31-23-59-56
Universe_mod.pak,GameMechanics/TownSpecialization/Haven/Script/Chertles.xdb,changed,data.pak,464,2107-12-31-23-59-56
Universe_mod.pak,GameMechanics/TownSpecialization/Haven/Script/Chillbury.xdb,changed,data.pak,473,2107-12-31-23-59-56
Universe_mod.pak,GameMechanics/TownSpecialization/Haven/Script/Dummar.xdb,changed,data.pak,391,2107-12-31-23-59-56
Universe_mod.pak,GameMechanics/TownSpecialization/Haven/Script/Eterdef.xdb,changed,data.pak,459,2107-12-31-23-59-56
Universe_mod.pak,GameMechanics/TownSpecialization/Haven/Script/Exeter.xdb,changed,data.pak,460,2107-12-31-23-59-56
Universe_mod.pak,GameMechanics/TownSpecialization/Haven/Script/Fair.xdb,changed,data.pak,447,2107-12-31-23-59-56
Universe_mod.pak,GameMechanics/TownSpecialization/Haven/Script/Flarhole .xdb,changed,data.pak,445,2107-12-31-23-59-56
Universe_mod.pak,GameMechanics/TownSpecialization/Haven/Script/Fork.xdb,changed,data.pak,441,2107-12-31-23-59-56
Universe_mod.pak,GameMechanics/TownSpecialization/Haven/Script/Graceville.xdb,changed,data.pak,468,2107-12-31-23-59-56
Universe_mod.pak,GameMechanics/TownSpecialization/Haven/Script/Gryphonhill.xdb,changed,data.pak,488,2107-12-31-23-59-56
Universe_mod.pak,GameMechanics/TownSpecialization/Haven/Script/Horncrest.xdb,changed,data.pak,445,2107-12-31-23-59-56
Universe_mod.pak,GameMechanics/TownSpecialization/Haven/Script/Hunt.xdb,changed,data.pak,474,2107-12-31-23-59-56
Universe_mod.pak,GameMechanics/TownSpecialization/Haven/Script/Lenceros.xdb,changed,data.pak,464,2107-12-31-23-59-56
Universe_mod.pak,GameMechanics/TownSpecialization/Haven/Script/Millfield.xdb,changed,data.pak,483,2107-12-31-23-59-56
Universe_mod.pak,GameMechanics/TownSpecialization/Haven/Script/Miracl.xdb,changed,data.pak,407,2107-12-31-23-59-56
Universe_mod.pak,GameMechanics/TownSpecialization/Haven/Script/Mistlake.xdb,changed,data.pak,445,2107-12-31-23-59-56
Universe_mod.pak,GameMechanics/TownSpecialization/Haven/Script/Newpost.xdb,changed,data.pak,464,2107-12-31-23-59-56
Universe_mod.pak,GameMechanics/TownSpecialization/Haven/Script/Paledon.xdb,changed,data.pak,462,2107-12-31-23-59-56
Universe_mod.pak,GameMechanics/TownSpecialization/Haven/Script/Providence.xdb,changed,data.pak,468,2107-12-31-23-59-56
Universe_mod.pak,GameMechanics/TownSpecialization/Haven/Script/Retoral.xdb,changed,data.pak,445,2107-12-31-23-59-56
Universe_mod.pak,GameMechanics/TownSpecialization/Haven/Script/Shaderock.xdb,changed,data.pak,468,2107-12-31-23-59-56
Universe_mod.pak,GameMechanics/TownSpecialization/Haven/Script/Sheller.xdb,changed,data.pak,449,2107-12-31-23-59-56
Universe_mod.pak,GameMechanics/TownSpecialization/Haven/Script/Solitude.xdb,changed,data.pak,459,2107-12-31-23-59-56
Universe_mod.pak,GameMechanics/TownSpecialization/Haven/Script/Sorreth.xdb,changed,data.pak,473,2107-12-31-23-59-56
Universe_mod.pak,GameMechanics/TownSpecialization/Haven/Script/Talonguard.xdb,changed,data.pak,374,2107-12-31-23-59-56
Universe_mod.pak,GameMechanics/TownSpecialization/Haven/Script/Tradeville.xdb,changed,data.pak,480,2107-12-31-23-59-56
Universe_mod.pak,GameMechanics/TownSpecialization/Inferno/Random/Abaddon.xdb,changed,data.pak,474,2107-12-31-23-59-56
Universe_mod.pak,GameMechanics/TownSpecialization/Inferno/Random/Acheron.xdb,changed,data.pak,462,2107-12-31-23-59-56
Universe_mod.pak,GameMechanics/TownSpecialization/Inferno/Random/Azog.xdb,changed,data.pak,443,2107-12-31-23-59-56
Universe_mod.pak,GameMechanics/TownSpecialization/Inferno/Random/Blackburn.xdb,changed,data.pak,468,2107-12-31-23-59-56
Universe_mod.pak,GameMechanics/TownSpecialization/Inferno/Random/Burden.xdb,changed,data.pak,445,2107-12-31-23-59-56
Universe_mod.pak,GameMechanics/TownSpecialization/Inferno/Random/Candent.xdb,changed,data.pak,480,2107-12-31-23-59-56
Universe_mod.pak,GameMechanics/TownSpecialization/Inferno/Random/Deht.xdb,changed,data.pak,462,2107-12-31-23-59-56
Universe_mod.pak,GameMechanics/TownSpecialization/Inferno/Random/Devur.xdb,changed,data.pak,447,2107-12-31-23-59-56
Universe_mod.pak,GameMechanics/TownSpecialization/Inferno/Random/Furf.xdb,changed,data.pak,472,2107-12-31-23-59-56
Universe_mod.pak,GameMechanics/TownSpecialization/Inferno/Random/Furnace.xdb,changed,data.pak,491,2107-12-31-23-59-56
Universe_mod.pak,GameMechanics/TownSpecialization/Inferno/Random/Gehenna.xdb,changed,data.pak,480,2107-12-31-23-59-56
Universe_mod.pak,GameMechanics/TownSpecialization/Inferno/Random/Gradl.xdb,changed,data.pak,476,2107-12-31-23-59-56
Universe_mod.pak,GameMechanics/TownSpecialization/Inferno/Random/Habor.xdb,changed,data.pak,456,2107-12-31-23-59-56
Universe_mod.pak,GameMechanics/TownSpecialization/Inferno/Random/Hellwind.xdb,changed,data.pak,482,2107-12-31-23-59-56
Universe_mod.pak,GameMechanics/TownSpecialization/Inferno/Random/Mavoyr.xdb,changed,data.pak,472,2107-12-31-23-59-56
Universe_mod.pak,GameMechanics/TownSpecialization/Inferno/Random/Mulciber.xdb,changed,data.pak,464,2107-12-31-23-59-56
Universe_mod.pak,GameMechanics/TownSpecialization/Inferno/Random/Splinter.xdb,changed,data.pak,472,2107-12-31-23-59-56
Universe_mod.pak,GameMechanics/TownSpecialization/Inferno/Random/Styx.xdb,changed,data.pak,464,2107-12-31-23-59-56
Universe_mod.pak,GameMechanics/TownSpecialization/Inferno/Random/Tartaros.xdb,changed,data.pak,466,2107-12-31-23-59-56
Universe_mod.pak,GameMechanics/TownSpecialization/Inferno/Random/Uphir.xdb,changed,data.pak,476,2107-12-31-23-59-56
Universe_mod.pak,GameMechanics/TownSpecialization/Inferno/Script/Abaddon.xdb,changed,data.pak,479,2107-12-31-23-59-56
Universe_mod.pak,GameMechanics/TownSpecialization/Inferno/Script/Asmar.xdb,changed,data.pak,461,2107-12-31-23-59-56
Universe_mod.pak,GameMechanics/TownSpecialization/Inferno/Script/Burden.xdb,changed,data.pak,471,2107-12-31-23-59-56
Universe_mod.pak,GameMechanics/TownSpecialization/Inferno/Script/Canhol .xdb,changed,data.pak,462,2107-12-31-23-59-56
Universe_mod.pak,GameMechanics/TownSpecialization/Inferno/Script/Devur.xdb,changed,data.pak,473,2107-12-31-23-59-56
Universe_mod.pak,GameMechanics/TownSpecialization/Inferno/Script/Dis.xdb,changed,data.pak,456,2107-12-31-23-59-56
Universe_mod.pak,GameMechanics/TownSpecialization/Inferno/Script/Furnace .xdb,changed,data.pak,475,2107-12-31-23-59-56
Universe_mod.pak,GameMechanics/TownSpecialization/Inferno/Script/Habor .xdb,changed,data.pak,440,2107-12-31-23-59-56
Universe_mod.pak,GameMechanics/TownSpecialization/Inferno/Script/Mammon.xdb,changed,data.pak,477,2107-12-31-23-59-56
Universe_mod.pak,GameMechanics/TownSpecialization/Inferno/Script/Nebircias.xdb,changed,data.pak,479,2107-12-31-23-59-56
Universe_mod.pak,GameMechanics/TownSpecialization/Inferno/Script/Tartaros.xdb,changed,data.pak,471,2107-12-31-23-59-56
Universe_mod.pak,GameMechanics/TownSpecialization/Inferno/Script/Waalag.xdb,changed,data.pak,467,2107-12-31-23-59-56
Universe_mod.pak,GameMechanics/TownSpecialization/Necropolis/Random/Animus.xdb,changed,data.pak,487,2107-12-31-23-59-56
Universe_mod.pak,GameMechanics/TownSpecialization/Necropolis/Random/Cerebrum.xdb,changed,data.pak,479,2107-12-31-23-59-56
Universe_mod.pak,GameMechanics/TownSpecialization/Necropolis/Random/Corporis.xdb,changed,data.pak,491,2107-12-31-23-59-56
Universe_mod.pak,GameMechanics/TownSpecialization/Necropolis/Random/Decus.xdb,changed,data.pak,469,2107-12-31-23-59-56
Universe_mod.pak,GameMechanics/TownSpecialization/Necropolis/Random/Famulus.xdb,changed,data.pak,483,2107-12-31-23-59-56
Universe_mod.pak,GameMechanics/TownSpecialization/Necropolis/Random/Fodin.xdb,changed,data.pak,473,2107-12-31-23-59-56
Universe_mod.pak,GameMechanics/TownSpecialization/Necropolis/Random/Inhumatio.xdb,changed,data.pak,493,2107-12-31-23-59-56
Universe_mod.pak,GameMechanics/TownSpecialization/Necropolis/Random/Lapis.xdb,changed,data.pak,467,2107-12-31-23-59-56
Universe_mod.pak,GameMechanics/TownSpecialization/Necropolis/Random/Latro.xdb,changed,data.pak,462,2107-12-31-23-59-56
Universe_mod.pak,GameMechanics/TownSpecialization/Necropolis/Random/Loculus.xdb,changed,data.pak,500,2107-12-31-23-59-56
Universe_mod.pak,GameMechanics/TownSpecialization/Necropolis/Random/Manus.xdb,changed,data.pak,477,2107-12-31-23-59-56
Universe_mod.pak,GameMechanics/TownSpecialization/Necropolis/Random/Metus.xdb,changed,data.pak,479,2107-12-31-23-59-56
Universe_mod.pak,GameMechanics/TownSpecialization/Necropolis/Random/Porta.xdb,changed,data.pak,475,2107-12-31-23-59-56
Universe_mod.pak,GameMechanics/TownSpecialization/Necropolis/Random/Putor.xdb,changed,data.pak,448,2107-12-31-23-59-56
Universe_mod.pak,GameMechanics/TownSpecialization/Necropolis/Random/Sanctum.xdb,changed,data.pak,477,2107-12-31-23-59-56
Universe_mod.pak,GameMechanics/TownSpecialization/Necropolis/Random/Sepulcrum.xdb,changed,data.pak,452,2107-12-31-23-59-56
Universe_mod.pak,GameMechanics/TownSpecialization/Necropolis/Random/Spes.xdb,changed,data.pak,452,2107-12-31-23-59-56
Universe_mod.pak,GameMechanics/TownSpecialization/Necropolis/Random/Telum.xdb,changed,data.pak,475,2107-12-31-23-59-56
Universe_mod.pak,GameMechanics/TownSpecialization/Necropolis/Random/Terminus.xdb,changed,data.pak,491,2107-12-31-23-59-56
Universe_mod.pak,GameMechanics/TownSpecialization/Necropolis/Random/Trabs.xdb,changed,data.pak,467,2107-12-31-23-59-56
Universe_mod.pak,GameMechanics/TownSpecialization/Necropolis/Script/Alemadrum.xdb,changed,data.pak,480,2107-12-31-23-59-56
Universe_mod.pak,GameMechanics/TownSpecialization/Necropolis/Script/Animus.xdb,changed,data.pak,492,2107-12-31-23-59-56
Universe_mod.pak,GameMechanics/TownSpecialization/Necropolis/Script/Corporis.xdb,changed,data.pak,496,2107-12-31-23-59-56
Universe_mod.pak,GameMechanics/TownSpecialization/Necropolis/Script/Davves.xdb,changed,data.pak,474,2107-12-31-23-59-56
Universe_mod.pak,GameMechanics/TownSpecialization/Necropolis/Script/Decus.xdb,changed,data.pak,474,2107-12-31-23-59-56
Universe_mod.pak,GameMechanics/TownSpecialization/Necropolis/Script/Famulus.xdb,changed,data.pak,488,2107-12-31-23-59-56
Universe_mod.pak,GameMechanics/TownSpecialization/Necropolis/Script/Inhumatio.xdb,changed,data.pak,498,2107-12-31-23-59-56
Universe_mod.pak,GameMechanics/TownSpecialization/Necropolis/Script/Initium.xdb,changed,data.pak,486,2107-12-31-23-59-56
Universe_mod.pak,GameMechanics/TownSpecialization/Necropolis/Script/Insarius.xdb,changed,data.pak,478,2107-12-31-23-59-56
Universe_mod.pak,GameMechanics/TownSpecialization/Necropolis/Script/Lalum.xdb,changed,data.pak,391,2107-12-31-23-59-56
Universe_mod.pak,GameMechanics/TownSpecialization/Necropolis/Script/Latro.xdb,changed,data.pak,488,2107-12-31-23-59-56
Universe_mod.pak,GameMechanics/TownSpecialization/Necropolis/Script/NarAnkar.xdb,changed,data.pak,429,2107-12-31-23-59-56
Universe_mod.pak,GameMechanics/TownSpecialization/Necropolis/Script/Necorrum.xdb,changed,data.pak,510,2107-12-31-23-59-56
Universe_mod.pak,GameMechanics/TownSpecialization/Necropolis/Script/Putor.xdb,changed,data.pak,474,2107-12-31-23-59-56
Universe_mod.pak,GameMechanics/TownSpecialization/Necropolis/Script/Sanctum.xdb,changed,data.pak,482,2107-12-31-23-59-56
Universe_mod.pak,GameMechanics/TownSpecialization/Necropolis/Script/Sepulcrum.xdb,changed,data.pak,478,2107-12-31-23-59-56
Universe_mod.pak,GameMechanics/TownSpecialization/Necropolis/Script/Spes.xdb,changed,data.pak,478,2107-12-31-23-59-56
Universe_mod.pak,GameMechanics/TownSpecialization/Necropolis/Script/Telum.xdb,changed,data.pak,480,2107-12-31-23-59-56
Universe_mod.pak,GameMechanics/TownSpecialization/Necropolis/Script/Terminus.xdb,changed,data.pak,496,2107-12-31-23-59-56
Universe_mod.pak,GameMechanics/TownSpecialization/Preserve/Random/Damlad.xdb,changed,data.pak,465,2107-12-31-23-59-56
Universe_mod.pak,GameMechanics/TownSpecialization/Preserve/Random/Duagor.xdb,changed,data.pak,481,2107-12-31-23-59-56
Universe_mod.pak,GameMechanics/TownSpecialization/Preserve/Random/Erewel.xdb,changed,data.pak,469,2107-12-31-23-59-56
Universe_mod.pak,GameMechanics/TownSpecialization/Preserve/Random/Eteramon.xdb,changed,data.pak,475,2107-12-31-23-59-56
Universe_mod.pak,GameMechanics/TownSpecialization/Preserve/Random/Giadan.xdb,changed,data.pak,469,2107-12-31-23-59-56
Universe_mod.pak,GameMechanics/TownSpecialization/Preserve/Random/Gonarest.xdb,changed,data.pak,446,2107-12-31-23-59-56
Universe_mod.pak,GameMechanics/TownSpecialization/Preserve/Random/Holin.xdb,changed,data.pak,472,2107-12-31-23-59-56
Universe_mod.pak,GameMechanics/TownSpecialization/Preserve/Random/Keenlin.xdb,changed,data.pak,462,2107-12-31-23-59-56
Universe_mod.pak,GameMechanics/TownSpecialization/Preserve/Random/Ladefalot.xdb,changed,data.pak,466,2107-12-31-23-59-56
Universe_mod.pak,GameMechanics/TownSpecialization/Preserve/Random/Luvin.xdb,changed,data.pak,468,2107-12-31-23-59-56
Universe_mod.pak,GameMechanics/TownSpecialization/Preserve/Random/Menelfor.xdb,changed,data.pak,485,2107-12-31-23-59-56
Universe_mod.pak,GameMechanics/TownSpecialization/Preserve/Random/Nantour.xdb,changed,data.pak,473,2107-12-31-23-59-56
Universe_mod.pak,GameMechanics/TownSpecialization/Preserve/Random/Ngaurash.xdb,changed,data.pak,469,2107-12-31-23-59-56
Universe_mod.pak,GameMechanics/TownSpecialization/Preserve/Random/Pelarber.xdb,changed,data.pak,467,2107-12-31-23-59-56
Universe_mod.pak,GameMechanics/TownSpecialization/Preserve/Random/Perael.xdb,changed,data.pak,469,2107-12-31-23-59-56
Universe_mod.pak,GameMechanics/TownSpecialization/Preserve/Random/Reuteern.xdb,changed,data.pak,479,2107-12-31-23-59-56
Universe_mod.pak,GameMechanics/TownSpecialization/Preserve/Random/Routmit.xdb,changed,data.pak,460,2107-12-31-23-59-56
Universe_mod.pak,GameMechanics/TownSpecialization/Preserve/Random/Rovadell.xdb,changed,data.pak,497,2107-12-31-23-59-56
Universe_mod.pak,GameMechanics/TownSpecialization/Preserve/Random/Tirnbes.xdb,changed,data.pak,467,2107-12-31-23-59-56
Universe_mod.pak,GameMechanics/TownSpecialization/Preserve/Random/Verlirn.xdb,changed,data.pak,475,2107-12-31-23-59-56
Universe_mod.pak,GameMechanics/TownSpecialization/Preserve/Script/Giadan.xdb,changed,data.pak,474,2107-12-31-23-59-56
Universe_mod.pak,GameMechanics/TownSpecialization/Preserve/Script/Gonarest.xdb,changed,data.pak,472,2107-12-31-23-59-56
Universe_mod.pak,GameMechanics/TownSpecialization/Preserve/Script/Holin.xdb,changed,data.pak,477,2107-12-31-23-59-56
Universe_mod.pak,GameMechanics/TownSpecialization/Preserve/Script/Imarium.xdb,changed,data.pak,486,2107-12-31-23-59-56
Universe_mod.pak,GameMechanics/TownSpecialization/Preserve/Script/Keenlin.xdb,changed,data.pak,488,2107-12-31-23-59-56
Universe_mod.pak,GameMechanics/TownSpecialization/Preserve/Script/Ladefalot.xdb,changed,data.pak,492,2107-12-31-23-59-56
Universe_mod.pak,GameMechanics/TownSpecialization/Preserve/Script/Ngaurash.xdb,changed,data.pak,474,2107-12-31-23-59-56
Universe_mod.pak,GameMechanics/TownSpecialization/Preserve/Script/Perael.xdb,changed,data.pak,474,2107-12-31-23-59-56
Universe_mod.pak,GameMechanics/TownSpecialization/Preserve/Script/Routmit.xdb,changed,data.pak,486,2107-12-31-23-59-56
Universe_mod.pak,GameMechanics/TownSpecialization/Preserve/Script/Rovadell.xdb,changed,data.pak,502,2107-12-31-23-59-56
Universe_mod.pak,GameMechanics/TownSpecialization/Stronghold/Random/Arankard.(TownSpecialization).xdb,changed,data.pak,466,2107-12-31-23-59-56
Universe_mod.pak,GameMechanics/TownSpecialization/Stronghold/Random/Arshtan.(TownSpecialization).xdb,changed,data.pak,468,2107-12-31-23-59-56
Universe_mod.pak,GameMechanics/TownSpecialization/Stronghold/Random/Ar_Raman.(TownSpecialization).xdb,changed,data.pak,466,2107-12-31-23-59-56
Universe_mod.pak,GameMechanics/TownSpecialization/Stronghold/Random/Chadrak_Kush.(TownSpecialization).xdb,changed,data.pak,452,2107-12-31-23-59-56
Universe_mod.pak,GameMechanics/TownSpecialization/Stronghold/Random/Chet_Gnaal.(TownSpecialization).xdb,changed,data.pak,470,2107-12-31-23-59-56
Universe_mod.pak,GameMechanics/TownSpecialization/Stronghold/Random/Gotdyyn_Noor.(TownSpecialization).xdb,changed,data.pak,450,2107-12-31-23-59-56
Universe_mod.pak,GameMechanics/TownSpecialization/Stronghold/Random/Kir_shaiden.(TownSpecialization).xdb,changed,data.pak,461,2107-12-31-23-59-56
Universe_mod.pak,GameMechanics/TownSpecialization/Stronghold/Random/Kuntanaar.(TownSpecialization).xdb,changed,data.pak,454,2107-12-31-23-59-56
Universe_mod.pak,GameMechanics/TownSpecialization/Stronghold/Random/Kurtan-Ugr.(TownSpecialization).xdb,changed,data.pak,456,2107-12-31-23-59-56
Universe_mod.pak,GameMechanics/TownSpecialization/Stronghold/Random/Magrindar.(TownSpecialization).xdb,changed,data.pak,472,2107-12-31-23-59-56
Universe_mod.pak,GameMechanics/TownSpecialization/Stronghold/Random/Mairgar.(TownSpecialization).xdb,changed,data.pak,458,2107-12-31-23-59-56
Universe_mod.pak,GameMechanics/TownSpecialization/Stronghold/Random/Or_Gdan.(TownSpecialization).xdb,changed,data.pak,474,2107-12-31-23-59-56
Universe_mod.pak,GameMechanics/TownSpecialization/Stronghold/Random/Rash_Navul.(TownSpecialization).xdb,changed,data.pak,450,2107-12-31-23-59-56
Universe_mod.pak,GameMechanics/TownSpecialization/Stronghold/Random/RoshNaul.(TownSpecialization).xdb,changed,data.pak,464,2107-12-31-23-59-56
Universe_mod.pak,GameMechanics/TownSpecialization/Stronghold/Random/Rufnorrot.(TownSpecialization).xdb,changed,data.pak,454,2107-12-31-23-59-56
Universe_mod.pak,GameMechanics/TownSpecialization/Stronghold/Random/Sarraba.(TownSpecialization).xdb,changed,data.pak,458,2107-12-31-23-59-56
Universe_mod.pak,GameMechanics/TownSpecialization/Stronghold/Random/Shantar_ra.(TownSpecialization).xdb,changed,data.pak,459,2107-12-31-23-59-56
Universe_mod.pak,GameMechanics/TownSpecialization/Stronghold/Random/Taurot.(TownSpecialization).xdb,changed,data.pak,468,2107-12-31-23-59-56
Universe_mod.pak,GameMechanics/TownSpecialization/Stronghold/Random/Ukkar_Aan.(TownSpecialization).xdb,changed,data.pak,450,2107-12-31-23-59-56
Universe_mod.pak,GameMechanics/TownSpecialization/Stronghold/Random/Ushdan_tar.(TownSpecialization).xdb,changed,data.pak,460,2107-12-31-23-59-56
Universe_mod.pak,GameMechanics/TownSpecialization/Stronghold/Script/fake.xdb,changed,data.pak,371,2107-12-31-23-59-56
Universe_mod.pak,MapObjects/Abandoned_Mine.(AdvMapAbanMineShared).xdb,changed,data.pak,3429,2107-12-31-23-59-56
Universe_mod.pak,MapObjects/Alchemist_Lab.(AdvMapMineShared).xdb,changed,data.pak,1628,2107-12-31-23-59-56
Universe_mod.pak,MapObjects/Alchemist_Lab_Snow.(AdvMapMineShared).xdb,changed,data.pak,1574,2107-12-31-23-59-56
Universe_mod.pak,MapObjects/Crypt.(AdvMapBuildingShared).xdb,changed,data.pak,2212,2107-12-31-23-59-56
Universe_mod.pak,MapObjects/DwarvenTreasury.(AdvMapBuildingShared).xdb,changed,data.pak,2034,2107-12-31-23-59-56
Universe_mod.pak,MapObjects/Fountain_Of_Youth.(AdvMapBuildingShared) (2).xdb,changed,data.pak,1441,2107-12-31-23-59-56
Universe_mod.pak,MapObjects/Fountain_Of_Youth.(AdvMapBuildingShared).xdb,changed,data.pak,1441,2107-12-31-23-59-56
Universe_mod.pak,MapObjects/Garden_Of_Revelation.(AdvMapBuildingShared).xdb,changed,data.pak,1398,2107-12-31-23-59-56
Universe_mod.pak,MapObjects/MagiVault.xdb,changed,data.pak,2099,2107-12-31-23-59-56
Universe_mod.pak,MapObjects/Mercenary_Camp.(AdvMapBuildingShared).xdb,changed,data.pak,1613,2107-12-31-23-59-56
Universe_mod.pak,MapObjects/Mystical_Garden_Snow.xdb,changed,data.pak,1612,2107-12-31-23-59-56
Universe_mod.pak,MapObjects/Prison.(AdvMapPrisonShared).xdb,changed,data.pak,1249,2107-12-31-23-59-56
Universe_mod.pak,MapObjects/SchoolofMagic.(AdvMapBuildingShared).xdb,changed,data.pak,1645,2107-12-31-23-59-56
Universe_mod.pak,MapObjects/School_of_Magic_Snow.(AdvMapBuildingShared).xdb,changed,data.pak,1480,2107-12-31-23-59-56
Universe_mod.pak,MapObjects/Shrine_Of_Magic_2.(AdvMapShrineShared).xdb,changed,data.pak,1708,2107-12-31-23-59-56
Universe_mod.pak,MapObjects/Trading_Post.(AdvMapBuildingShared).xdb,changed,data.pak,1470,2107-12-31-23-59-56
Universe_mod.pak,MapObjects/TreantThicket.(AdvMapBuildingShared).xdb,changed,data.pak,2382,2107-12-31-23-59-56
Universe_mod.pak,MapObjects/UniverseAlchiemistSNOWLabCaptured.(Effect).xdb,added,,2304,2107-12-31-23-59-56
Universe_mod.pak,MapObjects/UniverseAlchiemistSnowLabCaptured.(ModelInstance).xdb,added,,470,2107-12-31-23-59-56
Universe_mod.pak,MapObjects/UniverseResizeMagicSchool.(Effect).xdb,added,,649,2107-12-31-23-59-56
Universe_mod.pak,MapObjects/UniverseResizeMagicSchool.(ModelInstance).xdb,added,,461,2107-12-31-23-59-56
Universe_mod.pak,MapObjects/UniverseResizeMagicSchoolAllTera.(Effect).xdb,added,,656,2107-12-31-23-59-56
Universe_mod.pak,MapObjects/UniverseResizeMagicSchoolAllTera.(ModelInstance).xdb,added,,462,2107-12-31-23-59-56
Universe_mod.pak,MapObjects/UniverseSnowAlchiemistLabResize.(Effect).xdb,added,,414,2107-12-31-23-59-56
Universe_mod.pak,MapObjects/UniverseSnowAlchiemistLabResize.(ModelInstance).xdb,added,,470,2107-12-31-23-59-56
Universe_mod.pak,MapObjects/WitchBank.(AdvMapBuildingShared) (2).xdb,changed,data.pak,2497,2107-12-31-23-59-56
Universe_mod.pak,MapObjects/WitchBank.(AdvMapBuildingShared).xdb,changed,data.pak,2493,2107-12-31-23-59-56
Universe_mod.pak,MapObjects/Witch_Hut.(AdvMapBuildingShared).xdb,changed,data.pak,1967,2107-12-31-23-59-56
Universe_mod.pak,MapObjects/Academy/Academy_Military_Post.xdb,changed,data.pak,2273,2107-12-31-23-59-56
Universe_mod.pak,MapObjects/Academy/Astral.(AdvMapHeroShared).xdb,changed,data.pak,3304,2107-12-31-23-59-56
Universe_mod.pak,MapObjects/Academy/Faiz.(AdvMapHeroShared).xdb,changed,data.pak,3299,2107-12-31-23-59-56
Universe_mod.pak,MapObjects/Academy/Havez.(AdvMapHeroShared).xdb,changed,data.pak,3232,2107-12-31-23-59-56
Universe_mod.pak,MapObjects/Academy/Isher.(AdvMapHeroShared).xdb,changed,data.pak,3282,2107-12-31-23-59-56
Universe_mod.pak,MapObjects/Academy/Nur.(AdvMapHeroShared).xdb,changed,data.pak,3321,2107-12-31-23-59-56
Universe_mod.pak,MapObjects/Academy/Razzak.(AdvMapHeroShared).xdb,changed,data.pak,3282,2107-12-31-23-59-56
Universe_mod.pak,MapObjects/Academy/Sufi.(AdvMapHeroShared).xdb,changed,data.pak,3304,2107-12-31-23-59-56
Universe_mod.pak,MapObjects/Academy/Tan.(AdvMapHeroShared).xdb,changed,data.pak,3284,2107-12-31-23-59-56
Universe_mod.pak,MapObjects/Artifacts/H5A1/ScullOfMarkal.(AdvMapArtifactShared).xdb,changed,data.pak,1228,2107-12-31-23-59-56
Universe_mod.pak,MapObjects/Dungeon/Almegir.(AdvMapHeroShared).xdb,changed,data.pak,3339,2107-12-31-23-59-56
Universe_mod.pak,MapObjects/Dungeon/Dalom.(AdvMapHeroShared).xdb,changed,data.pak,3314,2107-12-31-23-59-56
Universe_mod.pak,MapObjects/Dungeon/Dungeon_Military_Post.xdb,changed,data.pak,2292,2107-12-31-23-59-56
Universe_mod.pak,MapObjects/Dungeon/Eruina.(AdvMapHeroShared).xdb,changed,data.pak,3399,2107-12-31-23-59-56
Universe_mod.pak,MapObjects/Dungeon/Eruina_A1.(AdvMapHeroShared).xdb,changed,data.pak,3347,2107-12-31-23-59-56
Universe_mod.pak,MapObjects/Dungeon/Ferigl.(AdvMapHeroShared).xdb,changed,data.pak,3219,2107-12-31-23-59-56
Universe_mod.pak,MapObjects/Dungeon/Inagost.(AdvMapHeroShared).xdb,changed,data.pak,3359,2107-12-31-23-59-56
Universe_mod.pak,MapObjects/Dungeon/Kelodin.(AdvMapHeroShared).xdb,changed,data.pak,3268,2107-12-31-23-59-56
Universe_mod.pak,MapObjects/Dungeon/Menel.(AdvMapHeroShared).xdb,changed,data.pak,3276,2107-12-31-23-59-56
Universe_mod.pak,MapObjects/Dungeon/Ohtar.(AdvMapHeroShared).xdb,changed,data.pak,3177,2107-12-31-23-59-56
Universe_mod.pak,MapObjects/Dungeon/Ohtarig.(AdvMapHeroShared).xdb,changed,data.pak,3312,2107-12-31-23-59-56
Universe_mod.pak,MapObjects/Dungeon/Raelag.(AdvMapHeroShared).xdb,changed,data.pak,3288,2107-12-31-23-59-56
Universe_mod.pak,MapObjects/Dungeon/Raelag_A1.(AdvMapHeroShared).xdb,changed,data.pak,3142,2107-12-31-23-59-56
Universe_mod.pak,MapObjects/Dungeon/Segref.(AdvMapHeroShared).xdb,changed,data.pak,3280,2107-12-31-23-59-56
Universe_mod.pak,MapObjects/Dungeon/Shadwyn.(AdvMapHeroShared).xdb,changed,data.pak,3171,2107-12-31-23-59-56
Universe_mod.pak,MapObjects/Dungeon/Thralsai.(AdvMapHeroShared).xdb,changed,data.pak,3202,2107-12-31-23-59-56
Universe_mod.pak,MapObjects/Dungeon/Urunir.(AdvMapHeroShared).xdb,changed,data.pak,3306,2107-12-31-23-59-56
Universe_mod.pak,MapObjects/Dwarven/DwarvenDwelling04.(AdvMapDwellingShared) (2).xdb,changed,data.pak,2578,2107-12-31-23-59-56
Universe_mod.pak,MapObjects/Dwarven/DwarvenDwelling04.(AdvMapDwellingShared).xdb,changed,data.pak,2201,2107-12-31-23-59-56
Universe_mod.pak,MapObjects/Dwarven/UniverseDwarvenDwel.(ModelInstance).xdb,added,,490,2107-12-31-23-59-56
Universe_mod.pak,MapObjects/Dwarven/UniverseDwarvenResize.(Effect).xdb,added,,285,2107-12-31-23-59-56
Universe_mod.pak,MapObjects/Dwarves/Bersy.(AdvMapHeroShared).xdb,changed,data.pak,3354,2107-12-31-23-59-56
Universe_mod.pak,MapObjects/Dwarves/Brand.(AdvMapHeroShared).xdb,changed,data.pak,3170,2107-12-31-23-59-56
Universe_mod.pak,MapObjects/Dwarves/Egil.(AdvMapHeroShared).xdb,changed,data.pak,3259,2107-12-31-23-59-56
Universe_mod.pak,MapObjects/Dwarves/Ingvar.(AdvMapHeroShared).xdb,changed,data.pak,3289,2107-12-31-23-59-56
Universe_mod.pak,MapObjects/Dwarves/Ottar.(AdvMapHeroShared).xdb,changed,data.pak,3372,2107-12-31-23-59-56
Universe_mod.pak,MapObjects/Dwarves/Skeggy.(AdvMapHeroShared).xdb,changed,data.pak,3372,2107-12-31-23-59-56
Universe_mod.pak,MapObjects/Dwarves/Una.(AdvMapHeroShared).xdb,changed,data.pak,3274,2107-12-31-23-59-56
Universe_mod.pak,MapObjects/Dwarves/Vegeyr.(AdvMapHeroShared).xdb,changed,data.pak,3486,2107-12-31-23-59-56
Universe_mod.pak,MapObjects/Grass/Tree/Oak/Effect_Oak5x4_1.xdb,added,,264,2107-12-31-23-59-56
Universe_mod.pak,MapObjects/Grass/Tree/Oak/Model_Oak5x4_1.xdb,added,,471,2107-12-31-23-59-56
Universe_mod.pak,MapObjects/Grass/Tree/Oak/Oak5x4_1.(AdvMapStaticShared).xdb,changed,data.pak,1362,2107-12-31-23-59-56
Universe_mod.pak,MapObjects/H5A2/House_Of_Astrologer.(AdvMapBuildingShared).xdb,changed,data.pak,1412,2107-12-31-23-59-56
Universe_mod.pak,MapObjects/Haven/ancientwolf.(AdvMapMonsterShared).xdb,added,,858,2107-12-31-23-59-56
Universe_mod.pak,MapObjects/Haven/Brem.(AdvMapHeroShared).xdb,changed,data.pak,3371,2107-12-31-23-59-56
Universe_mod.pak,MapObjects/Haven/Christian.(AdvMapHeroShared).xdb,changed,data.pak,3370,2107-12-31-23-59-56
Universe_mod.pak,MapObjects/Haven/Heaven_Military_Post.(AdvMapDwellingShared).xdb,changed,data.pak,2361,2107-12-31-23-59-56
Universe_mod.pak,MapObjects/Haven/Maeve.(AdvMapHeroShared).xdb,changed,data.pak,3225,2107-12-31-23-59-56
Universe_mod.pak,MapObjects/Haven/Mardigo.(AdvMapHeroShared).xdb,changed,data.pak,3367,2107-12-31-23-59-56
Universe_mod.pak,MapObjects/Haven/Nathaniel.(AdvMapHeroShared).xdb,changed,data.pak,3347,2107-12-31-23-59-56
Universe_mod.pak,MapObjects/Haven/Orrin.(AdvMapHeroShared).xdb,changed,data.pak,3355,2107-12-31-23-59-56
Universe_mod.pak,MapObjects/Haven/Sarge.(AdvMapHeroShared).xdb,changed,data.pak,3331,2107-12-31-23-59-56
Universe_mod.pak,MapObjects/Haven/Ving.(AdvMapHeroShared).xdb,changed,data.pak,3354,2107-12-31-23-59-56
Universe_mod.pak,MapObjects/Inferno/Biara.(AdvMapHeroShared).xdb,changed,data.pak,3442,2107-12-31-23-59-56
Universe_mod.pak,MapObjects/Inferno/Calid.(AdvMapHeroShared).xdb,changed,data.pak,3358,2107-12-31-23-59-56
Universe_mod.pak,MapObjects/Inferno/Deleb.(AdvMapHeroShared).xdb,changed,data.pak,3254,2107-12-31-23-59-56
Universe_mod.pak,MapObjects/Inferno/Efion.(AdvMapHeroShared).xdb,changed,data.pak,3342,2107-12-31-23-59-56
Universe_mod.pak,MapObjects/Inferno/Erasial.(AdvMapHeroShared).xdb,changed,data.pak,3176,2107-12-31-23-59-56
Universe_mod.pak,MapObjects/Inferno/Gamor.(AdvMapHeroShared).xdb,changed,data.pak,3300,2107-12-31-23-59-56
Universe_mod.pak,MapObjects/Inferno/Grok.(AdvMapHeroShared).xdb,changed,data.pak,3318,2107-12-31-23-59-56
Universe_mod.pak,MapObjects/Inferno/Guarg.(AdvMapHeroShared).xdb,changed,data.pak,3300,2107-12-31-23-59-56
Universe_mod.pak,MapObjects/Inferno/InfernoMilitaryPost.(AdvMapDwellingShared).xdb,changed,data.pak,2418,2107-12-31-23-59-56
Universe_mod.pak,MapObjects/Inferno/Jazaz.(AdvMapHeroShared).xdb,changed,data.pak,3343,2107-12-31-23-59-56
Universe_mod.pak,MapObjects/Inferno/Marder.(AdvMapHeroShared).xdb,changed,data.pak,3304,2107-12-31-23-59-56
Universe_mod.pak,MapObjects/Inferno/Nymus.(AdvMapHeroShared).xdb,changed,data.pak,3310,2107-12-31-23-59-56
Universe_mod.pak,MapObjects/Inferno/Oddrema.(AdvMapHeroShared).xdb,changed,data.pak,3284,2107-12-31-23-59-56
Universe_mod.pak,MapObjects/Inferno/Sovereign.(AdvMapHeroShared).xdb,changed,data.pak,3453,2107-12-31-23-59-56
Universe_mod.pak,MapObjects/Necropolis/Aberrar.(AdvMapHeroShared).xdb,changed,data.pak,3323,2107-12-31-23-59-56
Universe_mod.pak,MapObjects/Necropolis/Effig.(AdvMapHeroShared).xdb,changed,data.pak,3402,2107-12-31-23-59-56
Universe_mod.pak,MapObjects/Necropolis/Gles.(AdvMapHeroShared).xdb,changed,data.pak,3360,2107-12-31-23-59-56
Universe_mod.pak,MapObjects/Necropolis/Muscip.(AdvMapHeroShared).xdb,changed,data.pak,3394,2107-12-31-23-59-56
Universe_mod.pak,MapObjects/Necropolis/Necropolis_Military_Post.(AdvMapDwellingShared).xdb,changed,data.pak,2237,2107-12-31-23-59-56
Universe_mod.pak,MapObjects/Necropolis/Nemor.(AdvMapHeroShared).xdb,changed,data.pak,3390,2107-12-31-23-59-56
Universe_mod.pak,MapObjects/Necropolis/Pelt.(AdvMapHeroShared).xdb,changed,data.pak,3389,2107-12-31-23-59-56
Universe_mod.pak,MapObjects/Necropolis/Straker.(AdvMapHeroShared).xdb,changed,data.pak,3380,2107-12-31-23-59-56
Universe_mod.pak,MapObjects/Necropolis/Tamika.(AdvMapHeroShared).xdb,changed,data.pak,3399,2107-12-31-23-59-56
Universe_mod.pak,MapObjects/Necropolis/UniverseNecropolisDwel.(ModelInstance).xdb,added,,489,2107-12-31-23-59-56
Universe_mod.pak,MapObjects/Necropolis/UniverseNecropolisResize.(Effect).xdb,added,,288,2107-12-31-23-59-56
Universe_mod.pak,MapObjects/Neutral/ShowApe.(AdvMapMonsterShared).xdb,changed,data.pak,1002,2107-12-31-23-59-56
Universe_mod.pak,MapObjects/Objects-All-Terra/War_Machine_Factory.(AdvMapBuildingShared).xdb,changed,data.pak,1702,2107-12-31-23-59-56
Universe_mod.pak,MapObjects/Orcs/OrcishDwelling04.(AdvMapDwellingShared).xdb,changed,data.pak,2330,2107-12-31-23-59-56
Universe_mod.pak,MapObjects/Preserve/Diraya.(AdvMapHeroShared).xdb,changed,data.pak,3394,2107-12-31-23-59-56
Universe_mod.pak,MapObjects/Preserve/Elleshar.(AdvMapHeroShared).xdb,changed,data.pak,3255,2107-12-31-23-59-56
Universe_mod.pak,MapObjects/Preserve/Gillion.(AdvMapHeroShared).xdb,changed,data.pak,3288,2107-12-31-23-59-56
Universe_mod.pak,MapObjects/Preserve/Itil.(AdvMapHeroShared).xdb,changed,data.pak,3233,2107-12-31-23-59-56
Universe_mod.pak,MapObjects/Preserve/Linaas.(AdvMapHeroShared).xdb,changed,data.pak,3262,2107-12-31-23-59-56
Universe_mod.pak,MapObjects/Preserve/Metlirn.(AdvMapHeroShared).xdb,changed,data.pak,3179,2107-12-31-23-59-56
Universe_mod.pak,MapObjects/Preserve/Nadaur.(AdvMapHeroShared).xdb,changed,data.pak,3179,2107-12-31-23-59-56
Universe_mod.pak,MapObjects/Preserve/Ossir.(AdvMapHeroShared).xdb,changed,data.pak,3246,2107-12-31-23-59-56
Universe_mod.pak,MapObjects/Preserve/Preserve_Military_Post.xdb,changed,data.pak,2319,2107-12-31-23-59-56
Universe_mod.pak,MapObjects/Special/RefugeeCamp.xdb,changed,data.pak,4221,2107-12-31-23-59-56
Universe_mod.pak,MapObjects/Stronghold/Hero1.(AdvMapHeroShared).xdb,changed,data.pak,3356,2107-12-31-23-59-56
Universe_mod.pak,MapObjects/Stronghold/Hero2.(AdvMapHeroShared).xdb,changed,data.pak,3339,2107-12-31-23-59-56
Universe_mod.pak,MapObjects/Stronghold/Hero3.(AdvMapHeroShared).xdb,changed,data.pak,3365,2107-12-31-23-59-56
Universe_mod.pak,MapObjects/Stronghold/Hero4.(AdvMapHeroShared).xdb,changed,data.pak,3247,2107-12-31-23-59-56
Universe_mod.pak,MapObjects/Stronghold/Hero5.(AdvMapHeroShared).xdb,changed,data.pak,3353,2107-12-31-23-59-56
Universe_mod.pak,MapObjects/Stronghold/Hero6.(AdvMapHeroShared).xdb,changed,data.pak,3375,2107-12-31-23-59-56
Universe_mod.pak,MapObjects/Stronghold/Hero7.(AdvMapHeroShared).xdb,changed,data.pak,3393,2107-12-31-23-59-56
Universe_mod.pak,MapObjects/Stronghold/Hero8.(AdvMapHeroShared).xdb,changed,data.pak,3314,2107-12-31-23-59-56
Universe_mod.pak,MapObjects/Stronghold/Hero9.(AdvMapHeroShared).xdb,changed,data.pak,3368,2107-12-31-23-59-56
Universe_mod.pak,MapObjects/Subterra/Crystal04.(AdvMapStaticShared).xdb,changed,data.pak,723,2107-12-31-23-59-56
Universe_mod.pak,MapObjects/Universe_mod/AdventureShrine.(AdvMapShrineShared).xdb,added,,1506,2107-12-31-23-59-56
Universe_mod.pak,MapObjects/Universe_mod/AdventureShrine_2.(AdvMapShrineShared).xdb,added,,1558,2107-12-31-23-59-56
Universe_mod.pak,MapObjects/Universe_mod/Demonbank.(AdvMapBuildingShared).xdb,added,,1696,2107-12-31-23-59-56
Universe_mod.pak,MapObjects/Universe_mod/EnchantedTreasure.(AdvMapBuildingShared).xdb,added,,1308,2107-12-31-23-59-56
Universe_mod.pak,MapObjects/Universe_mod/Enlightenment_Stone.(AdvMapBuildingShared).xdb,added,,1420,2107-12-31-23-59-56
Universe_mod.pak,MapObjects/Universe_mod/MagmaShrine.(AdvMapShrineShared).xdb,added,,3177,2107-12-31-23-59-56
Universe_mod.pak,MapObjects/Universe_mod/MagmaShrine_2.(AdvMapShrineShared).xdb,added,,3177,2107-12-31-23-59-56
Universe_mod.pak,MapObjects/Universe_mod/MagmaShrine_3.(AdvMapShrineShared).xdb,added,,3177,2107-12-31-23-59-56
Universe_mod.pak,MapObjects/Universe_mod/MagmaShrine_4.(AdvMapShrineShared).xdb,added,,3177,2107-12-31-23-59-56
Universe_mod.pak,MapObjects/Universe_mod/MagmaShrine_5.(AdvMapShrineShared).xdb,added,,3177,2107-12-31-23-59-56
Universe_mod.pak,MapObjects/Universe_mod/Monasterybank.(AdvMapBuildingShared).xdb,added,,2010,2107-12-31-23-59-56
Universe_mod.pak,MapObjects/Universe_mod/NecroEstate.(AdvMapBuildingShared).xdb,added,,1947,2107-12-31-23-59-56
Universe_mod.pak,MapObjects/Universe_mod/Sphinx.(AdvMapBuildingShared).xdb,added,,1356,2107-12-31-23-59-56
Universe_mod.pak,MapObjects/Universe_mod/WarcryShrine.(AdvMapShrineShared).xdb,added,,1548,2107-12-31-23-59-56
Universe_mod.pak,MapObjects/Universe_mod/WarcryShrine_2.(AdvMapShrineShared).xdb,added,,1548,2107-12-31-23-59-56
Universe_mod.pak,MapObjects/Universe_mod/WarcryShrine_3.(AdvMapShrineShared).xdb,added,,1548,2107-12-31-23-59-56
Universe_mod.pak,MapObjects/Universe_mod/Wisdom_Stone.(AdvMapBuildingShared).xdb,added,,1394,2107-12-31-23-59-56
Universe_mod.pak,MapObjects/Universe_mod/Artifacts/Ring_of_Silence.xdb,added,,1267,2107-12-31-23-59-56
Universe_mod.pak,MapObjects/Universe_mod/Static/Snow/Stones/BigStone_01.xdb,added,,1582,2107-12-31-23-59-56
Universe_mod.pak,MapObjects/Universe_mod/Static/Snow/Stones/BigStone_01_Effect.xdb,added,,470,2107-12-31-23-59-56
Universe_mod.pak,MapObjects/Universe_mod/Static/Snow/Stones/BigStone_02.xdb,added,,1582,2107-12-31-23-59-56
Universe_mod.pak,MapObjects/Universe_mod/Static/Snow/Stones/BigStone_02_Effect.xdb,added,,470,2107-12-31-23-59-56
Universe_mod.pak,MapObjects/Universe_mod/Static/Snow/Stones/Effect_Snowstones5x4_1.xdb,added,,604,2107-12-31-23-59-56
Universe_mod.pak,MapObjects/Universe_mod/Static/Snow/Stones/Effect_Snowstones5x4_2.xdb,added,,607,2107-12-31-23-59-56
Universe_mod.pak,MapObjects/Universe_mod/Static/Snow/Stones/Model_BigStone_01_1.xdb,added,,471,2107-12-31-23-59-56
Universe_mod.pak,MapObjects/Universe_mod/Static/Snow/Stones/Model_BigStone_01_2.xdb,added,,467,2107-12-31-23-59-56
Universe_mod.pak,MapObjects/Universe_mod/Static/Snow/Stones/Model_BigStone_01_3.xdb,added,,469,2107-12-31-23-59-56
Universe_mod.pak,MapObjects/Universe_mod/Static/Snow/Stones/Model_BigStone_01_4.xdb,added,,467,2107-12-31-23-59-56
Universe_mod.pak,MapObjects/Universe_mod/Static/Snow/Stones/Model_BigStone_02_1.xdb,added,,471,2107-12-31-23-59-56
Universe_mod.pak,MapObjects/Universe_mod/Static/Snow/Stones/Model_BigStone_02_2.xdb,added,,469,2107-12-31-23-59-56
Universe_mod.pak,MapObjects/Universe_mod/Static/Snow/Stones/Model_BigStone_02_3.xdb,added,,467,2107-12-31-23-59-56
Universe_mod.pak,MapObjects/Universe_mod/Static/Snow/Stones/Model_BigStone_02_4.xdb,added,,470,2107-12-31-23-59-56
Universe_mod.pak,MapObjects/Universe_mod/Static/Snow/Stones/Model_Snow_stones_1.xdb,added,,464,2107-12-31-23-59-56
Universe_mod.pak,MapObjects/Universe_mod/Static/Snow/Stones/Model_Snow_stones_10.xdb,added,,467,2107-12-31-23-59-56
Universe_mod.pak,MapObjects/Universe_mod/Static/Snow/Stones/Model_Snow_stones_11.xdb,added,,469,2107-12-31-23-59-56
Universe_mod.pak,MapObjects/Universe_mod/Static/Snow/Stones/Model_Snow_stones_12.xdb,added,,469,2107-12-31-23-59-56
Universe_mod.pak,MapObjects/Universe_mod/Static/Snow/Stones/Model_Snow_stones_2.xdb,added,,469,2107-12-31-23-59-56
Universe_mod.pak,MapObjects/Universe_mod/Static/Snow/Stones/Model_Snow_stones_3.xdb,added,,469,2107-12-31-23-59-56
Universe_mod.pak,MapObjects/Universe_mod/Static/Snow/Stones/Model_Snow_stones_4.xdb,added,,469,2107-12-31-23-59-56
Universe_mod.pak,MapObjects/Universe_mod/Static/Snow/Stones/Model_Snow_stones_5.xdb,added,,469,2107-12-31-23-59-56
Universe_mod.pak,MapObjects/Universe_mod/Static/Snow/Stones/Model_Snow_stones_6.xdb,added,,469,2107-12-31-23-59-56
Universe_mod.pak,MapObjects/Universe_mod/Static/Snow/Stones/Model_Snow_stones_7.xdb,added,,466,2107-12-31-23-59-56
Universe_mod.pak,MapObjects/Universe_mod/Static/Snow/Stones/Model_Snow_stones_8.xdb,added,,467,2107-12-31-23-59-56
Universe_mod.pak,MapObjects/Universe_mod/Static/Snow/Stones/Model_Snow_stones_9.xdb,added,,470,2107-12-31-23-59-56
Universe_mod.pak,MapObjects/Universe_mod/Static/Snow/Stones/Snowstones5x4_1.(AdvMapStaticShared).xdb,added,,1268,2107-12-31-23-59-56
Universe_mod.pak,MapObjects/Universe_mod/Static/Snow/Stones/Snowstones5x4_2.(AdvMapStaticShared).xdb,added,,1268,2107-12-31-23-59-56
Universe_mod.pak,MapObjects/Universe_mod/Static/Snow/Trees/Spruces/Effect_Snowspruce6x5_3.xdb,added,,344,2107-12-31-23-59-56
Universe_mod.pak,MapObjects/Universe_mod/Static/Snow/Trees/Spruces/Effect_Snowspruce6x5_4.xdb,added,,344,2107-12-31-23-59-56
Universe_mod.pak,MapObjects/Universe_mod/Static/Snow/Trees/Spruces/Model_Snowspruce6x5_3_1.xdb,added,,466,2107-12-31-23-59-56
Universe_mod.pak,MapObjects/Universe_mod/Static/Snow/Trees/Spruces/Model_Snowspruce6x5_3_2.xdb,added,,466,2107-12-31-23-59-56
Universe_mod.pak,MapObjects/Universe_mod/Static/Snow/Trees/Spruces/Model_Snowspruce6x5_4_1.xdb,added,,465,2107-12-31-23-59-56
Universe_mod.pak,MapObjects/Universe_mod/Static/Snow/Trees/Spruces/Model_Snowspruce6x5_4_2.xdb,added,,466,2107-12-31-23-59-56
Universe_mod.pak,MapObjects/Universe_mod/Static/Snow/Trees/Spruces/Snowspruce6x5_1.(AdvMapStaticShared).xdb,added,,1795,2107-12-31-23-59-56
Universe_mod.pak,MapObjects/Universe_mod/Static/Snow/Trees/Spruces/Snowspruce6x5_2.(AdvMapStaticShared).xdb,added,,1790,2107-12-31-23-59-56
Universe_mod.pak,MapObjects/Universe_mod/Static/Snow/Trees/Spruces/Snowspruce6x5_3.(AdvMapStaticShared).xdb,added,,1826,2107-12-31-23-59-56
Universe_mod.pak,MapObjects/Universe_mod/Static/Snow/Trees/Spruces/Snowspruce6x5_4.(AdvMapStaticShared).xdb,added,,1821,2107-12-31-23-59-56
Universe_mod.pak,RMG/CustomArmyTemplates/SimpleTemplates/AutoTemplates/TestTemplateGroup.(RMGSimpleCustomArmyTemplateGroup).xdb,changed,a2p1-data.pak,26358037,2107-12-31-23-59-56
Universe_mod.pak,RMG/Params/Default.xdb,changed,a2p1-data.pak,6702,2107-12-31-23-59-56
Universe_mod.pak,RMG/Templates/S0-1P2Z2K3.1T.xdb,changed,a2p1-data.pak,4460,2107-12-31-23-59-56
Universe_mod.pak,RMG/Templates/S0-1P2Z2K3.2T.xdb,changed,a2p1-data.pak,6281,2107-12-31-23-59-56
Universe_mod.pak,RMG/Templates/S0-1P2Z2K3T.xdb,changed,a2p1-data.pak,3003,2107-12-31-23-59-56
Universe_mod.pak,RMG/Templates/S1-2P2-4Z4K1S.xdb,changed,data.pak,6432,2107-12-31-23-59-56
Universe_mod.pak,RMG/Templates/S1-2P2-8Z8K2S.xdb,changed,data.pak,11850,2107-12-31-23-59-56
Universe_mod.pak,RMG/Templates/S1-2P2Z7V2.xdb,changed,data.pak,10512,2107-12-31-23-59-56
Universe_mod.pak,RMG/Templates/S1-3P2-4Z5V.xdb,changed,data.pak,7662,2107-12-31-23-59-56
Universe_mod.pak,RMG/Templates/S1-3P2Z7V3.xdb,changed,data.pak,10257,2107-12-31-23-59-56
Universe_mod.pak,RMG/Templates/S1P2Z2M1.xdb,changed,data.pak,6175,2107-12-31-23-59-56
Universe_mod.pak,RMG/Templates/S1P2Z3K5.1.xdb,changed,data.pak,4457,2107-12-31-23-59-56
Universe_mod.pak,RMG/Templates/S2-3P2Z7N2.xdb,changed,data.pak,10619,2107-12-31-23-59-56
Universe_mod.pak,RMG/Templates/S2-4P2Z7B2.xdb,changed,data.pak,11061,2107-12-31-23-59-56
Universe_mod.pak,RMG/Templates/S3-4P2-4Z4K1M.xdb,changed,data.pak,6521,2107-12-31-23-59-56
Universe_mod.pak,RMG/Templates/S3-5P2-8Z8K2M.xdb,changed,a2p1-data.pak,12079,2107-12-31-23-59-56
Universe_mod.pak,RMG/Templates/S3-5P2Z7N2.2.xdb,changed,data.pak,10633,2107-12-31-23-59-56
Universe_mod.pak,RMG/Templates/S3-5P4Z12B4.xdb,changed,data.pak,18293,2107-12-31-23-59-56
Universe_mod.pak,RMG/Templates/S3-6P2-4Z9B3.xdb,changed,data.pak,14456,2107-12-31-23-59-56
Universe_mod.pak,RMG/Templates/S4-6P2-8Z8K2L.xdb,changed,data.pak,11874,2107-12-31-23-59-56
Universe_mod.pak,RMG/Templates/S6-11P2-8Z8K2.4a.xdb,changed,data.pak,11896,2107-12-31-23-59-56
Universe_mod.pak,RMG/Templates/S6-11P2-8Z8K2XL.xdb,changed,data.pak,11894,2107-12-31-23-59-56
Universe_mod.pak,RMG/Templates/S7-15P2-8Z9K2.4b.xdb,changed,data.pak,13160,2107-12-31-23-59-56
Universe_mod.pak,RMG/Templates/S7-22P2-8Z15K2.4c.xdb,changed,data.pak,22068,2107-12-31-23-59-56
Universe_mod.pak,RMG/Templates/Split+(Outcast).xdb,added,,10273,2107-12-31-23-59-56
Universe_mod.pak,RMG/Templates/[S2]Miniverse.xdb,added,,7216,2107-12-31-23-59-56
Universe_mod.pak,RMG/Templates/[S2]Pulsar.xdb,added,,5602,2107-12-31-23-59-56
Universe_mod.pak,RMG/Templates/[S2]Sky (Outcast).xdb,added,,11677,2107-12-31-23-59-56
Universe_mod.pak,RMG/Templates/[S3]Axis.xdb,added,,17420,2107-12-31-23-59-56
Universe_mod.pak,RMG/Templates/[S3]Echo.xdb,added,,26585,2107-12-31-23-59-56
Universe_mod.pak,RMG/Templates/[S3]Eclipse.xdb,added,,16935,2107-12-31-23-59-56
Universe_mod.pak,RMG/Templates/[S3]Galaxy.xdb,added,,12876,2107-12-31-23-59-56
Universe_mod.pak,RMG/Templates/[S3]Nova.xdb,added,,17385,2107-12-31-23-59-56
Universe_mod.pak,RMG/Templates/[S3]Nova_U.xdb,added,,17365,2107-12-31-23-59-56
Universe_mod.pak,RMG/Templates/[S3]Pulsar_U.xdb,added,,5606,2107-12-31-23-59-56
Universe_mod.pak,RMG/Templates/[S3]Solar.xdb,added,,7649,2107-12-31-23-59-56
Universe_mod.pak,RMG/Templates/[S3]Split (Outcast).xdb,added,,7757,2107-12-31-23-59-56
Universe_mod.pak,RMG/Templates/[S3]Summer.xdb,added,,13691,2107-12-31-23-59-56
Universe_mod.pak,RMG/Templates/[S3]Union.xdb,added,,12808,2107-12-31-23-59-56
Universe_mod.pak,RMG/Templates/[S3]Universe.xdb,added,,12884,2107-12-31-23-59-56
Universe_mod.pak,RMG/Templates/[S3]Universe_S.xdb,added,,21150,2107-12-31-23-59-56
Universe_mod.pak,RMG/Templates/[S4]Axis.xdb,added,,11248,2107-12-31-23-59-56
Universe_mod.pak,RMG/Templates/[S4]Eclipse.xdb,added,,13282,2107-12-31-23-59-56
Universe_mod.pak,RMG/Templates/[S4]Jebus.xdb,added,,20387,2107-12-31-23-59-56
Universe_mod.pak,RMG/Templates/[S4]Moon.xdb,added,,43458,2107-12-31-23-59-56
Universe_mod.pak,RMG/Templates/[S4]Plasma.xdb,added,,38799,2107-12-31-23-59-56
Universe_mod.pak,RMG/Templates/[S4]Solar.xdb,added,,7658,2107-12-31-23-59-56
Universe_mod.pak,RMG/Templates/[S4]Union.xdb,added,,12804,2107-12-31-23-59-56
Universe_mod.pak,RMG/Templates/[S4]Universe.xdb,added,,9202,2107-12-31-23-59-56
Universe_mod.pak,RMG/Templates/[S4]Winter.xdb,added,,28525,2107-12-31-23-59-56
Universe_mod.pak,RMG/Templates/[S7]Infinity.xdb,added,,32787,2107-12-31-23-59-56
Universe_mod.pak,RMG/Tiles/Academy/Sand_Cracked.xdb,changed,a2p1-data.pak,627,2107-12-31-23-59-56
Universe_mod.pak,RMG/Tiles/Academy/Sand_Wet.xdb,added,,619,2107-12-31-23-59-56
Universe_mod.pak,RMG/Tiles/Haven/Orc_Dirt_Sec_Road.(AdvMapTile).xdb,changed,a2p1-data.pak,557,2107-12-31-23-59-56
Universe_mod.pak,RMG/Tiles/Inferno/Dead_Land.xdb,changed,a2p1-data.pak,636,2107-12-31-23-59-56
Universe_mod.pak,RMG/Tiles/Inferno/Dead_Land_4.xdb,changed,a2p1-data.pak,651,2107-12-31-23-59-56
Universe_mod.pak,RMG/Tiles/Inferno/Road.xdb,added,,654,2107-12-31-23-59-56
Universe_mod.pak,RMG/Tiles/Necropolis/Ground_Road.xdb,added,,647,2107-12-31-23-59-56
Universe_mod.pak,RMG/Tiles/Preserve/Grass_Road.xdb,added,,660,2107-12-31-23-59-56
Universe_mod.pak,RMG/Tiles/Taiga/Mossy_Rock.xdb,changed,a2p1-data.pak,644,2107-12-31-23-59-56
Universe_mod.pak,RMG/Tiles/Taiga/Nidle_Dirt_Road.(AdvMapTile).xdb,changed,a2p1-data.pak,583,2107-12-31-23-59-56
Universe_mod.pak,scripts/advmap-common.lua,changed,a2p1-data.pak,2183,2107-12-31-23-59-56
Universe_mod.pak,scripts/RMG/MapScript.lua,added,,270,2107-12-31-23-59-56
Universe_mod.pak,scripts/RMG/MapScript.xdb,added,,112,2107-12-31-23-59-56
Universe_mod.pak,Textures/HeroScreen/Specializations/Preserve/Elven_Fury.dds,changed,data.pak,16512,2107-12-31-23-59-56
Universe_mod.pak,Textures/HeroScreen/Specializations/Preserve/Elven_Fury.xdb,changed,data.pak,598,2107-12-31-23-59-56
Universe_mod.pak,Textures/Interface/HavenTraining/Background.(Texture).dds,changed,data.pak,1905408,2107-12-31-23-59-56
Universe_mod.pak,Textures/Interface/HavenTraining/Background.(Texture).xdb,changed,data.pak,613,2107-12-31-23-59-56
Universe_mod.pak,Textures/Interface/Lobby/Main/Players/Back.(Texture).dds,changed,data.pak,262272,2107-12-31-23-59-56
Universe_mod.pak,Textures/Interface/MPCreate/Back.(Texture).dds,changed,data.pak,4194432,2107-12-31-23-59-56
Universe_mod.pak,Textures/Interface/MPCreate/Back.(Texture).xdb,changed,data.pak,606,2107-12-31-23-59-56
Universe_mod.pak,Textures/Interface/MPCreate/Menu/Back.(Texture).dds,changed,data.pak,238292,2107-12-31-23-59-56
Universe_mod.pak,Textures/Interface/MPCreate/Menu/Back.(Texture).xdb,changed,data.pak,603,2107-12-31-23-59-56
Universe_mod.pak,UI/AdventureScreen-Heavy.(WindowScreen).xdb,same,a2p1-data.pak,1521,2107-12-31-23-59-56
Universe_mod.pak,UI/AdventureScreen-Heavy.(WindowScreenShared).xdb,changed,data.pak,3958,2107-12-31-23-59-56
Universe_mod.pak,UI/AgWindowMain.(WindowSimple).xdb,added,,1491,2107-12-31-23-59-56
Universe_mod.pak,UI/AgWindowMain.(WindowSimpleShared).xdb,added,,1116,2107-12-31-23-59-56
Universe_mod.pak,UI/CLOSEMAIN.(UISSendUIMessage).xdb,added,,507,2107-12-31-23-59-56
Universe_mod.pak,UI/CombatScreen-Heavy.(WindowScreenShared).xdb,changed,data.pak,2764,2107-12-31-23-59-56
Universe_mod.pak,UI/CreaturesWindowMain.(WindowSimple).xdb,added,,1506,2107-12-31-23-59-56
Universe_mod.pak,UI/CreaturesWindowMain.(WindowSimpleShared).xdb,added,,1116,2107-12-31-23-59-56
Universe_mod.pak,UI/Esc_MAINRMG.(UISSendUIMessage).xdb,added,,509,2107-12-31-23-59-56
Universe_mod.pak,UI/HavenTraining.(WindowScreenShared).xdb,same,a2p1-data.pak,1051,2107-12-31-23-59-56
Universe_mod.pak,UI/HideButton.(Texture).dds,added,,1152,2107-12-31-23-59-56
Universe_mod.pak,UI/HideButton.(Texture).xdb,added,,576,2107-12-31-23-59-56
Universe_mod.pak,UI/HideButton_Hide.(UISSendUIMessage).xdb,added,,512,2107-12-31-23-59-56
Universe_mod.pak,UI/HideButton_view.(UISSendUIMessage).xdb,added,,512,2107-12-31-23-59-56
Universe_mod.pak,UI/HIDEGLOW.(BackgroundSimpleTexture).xdb,added,,286,2107-12-31-23-59-56
Universe_mod.pak,UI/HIDEGLOW.(Texture).dds,added,,16720,2107-12-31-23-59-56
Universe_mod.pak,UI/HIDEGLOW.(Texture).xdb,added,,594,2107-12-31-23-59-56
Universe_mod.pak,UI/HidePanel_02.(BackgroundSimpleScallingTexture).xdb,added,,281,2107-12-31-23-59-56
Universe_mod.pak,UI/HidePanel_02.(Texture).dds,added,,1152,2107-12-31-23-59-56
Universe_mod.pak,UI/HidePanel_02.(Texture).xdb,added,,581,2107-12-31-23-59-56
Universe_mod.pak,UI/MainMenu2.(WindowScreenShared).xdb,same,data.pak,1698,2107-12-31-23-59-56
Universe_mod.pak,UI/MPCreate.(WindowScreenShared).xdb,same,a2p1-data.pak,1439,2107-12-31-23-59-56
Universe_mod.pak,UI/PanelHide.(UISSendUIMessage).xdb,added,,503,2107-12-31-23-59-56
Universe_mod.pak,UI/PlayerTimerRow.(WindowSimpleShared).xdb,added,,1377,2107-12-31-23-59-56
Universe_mod.pak,UI/Player_01_Timer.(WindowSimple).xdb,added,,1119,2107-12-31-23-59-56
Universe_mod.pak,UI/Player_02_Timer.(WindowSimple).xdb,added,,1122,2107-12-31-23-59-56
Universe_mod.pak,UI/Player_03_Timer.(WindowSimple).xdb,added,,1120,2107-12-31-23-59-56
Universe_mod.pak,UI/Player_04_Timer.(WindowSimple).xdb,added,,1120,2107-12-31-23-59-56
Universe_mod.pak,UI/Player_05_Timer.(WindowSimple).xdb,added,,1120,2107-12-31-23-59-56
Universe_mod.pak,UI/Player_06_Timer.(WindowSimple).xdb,added,,1121,2107-12-31-23-59-56
Universe_mod.pak,UI/Player_07_Timer.(WindowSimple).xdb,added,,1121,2107-12-31-23-59-56
Universe_mod.pak,UI/Player_08_Timer.(WindowSimple).xdb,added,,1121,2107-12-31-23-59-56
Universe_mod.pak,UI/RMGBUTTONGLOWED.(BackgroundSimpleTexture).xdb,added,,293,2107-12-31-23-59-56
Universe_mod.pak,UI/RMGBUTTONGLOWED.(Texture).dds,added,,16720,2107-12-31-23-59-56
Universe_mod.pak,UI/RMGBUTTONGLOWED.(Texture).xdb,added,,594,2107-12-31-23-59-56
Universe_mod.pak,UI/StrongholdSlaveMarket.(WindowScreen).xdb,same,a2p1-data.pak,1407,2107-12-31-23-59-56
Universe_mod.pak,UI/StrongholdSlaveMarket.(WindowScreenShared).xdb,same,data.pak,1897,2107-12-31-23-59-56
Universe_mod.pak,UI/TownBuildNew.(WindowScreenShared).xdb,changed,data.pak,1497,2107-12-31-23-59-56
Universe_mod.pak,UI/uiconsts.(UIGameConstsH5).xdb,changed,a2p1-data.pak,80894,2107-12-31-23-59-56
Universe_mod.pak,UI/UIGameRoot.(UIGameRoot).xdb,changed,a2p1-data.pak,177385,2107-12-31-23-59-56
Universe_mod.pak,UI/UniArtsMain.(WindowSimple).xdb,added,,1494,2107-12-31-23-59-56
Universe_mod.pak,UI/UniArtsMain.(WindowSimpleShared).xdb,added,,1107,2107-12-31-23-59-56
Universe_mod.pak,UI/UniBlackBackground.(BackgroundSimpleTexture).xdb,added,,294,2107-12-31-23-59-56
Universe_mod.pak,UI/UniBlackBackground.(Texture).dds,added,,20792,2107-12-31-23-59-56
Universe_mod.pak,UI/UniBlackBackground.(Texture).xdb,added,,593,2107-12-31-23-59-56
Universe_mod.pak,UI/UniPanelView.(UISSendUIMessage).xdb,added,,503,2107-12-31-23-59-56
Universe_mod.pak,UI/UniRmgMainWindow.(WindowSimple).xdb,added,,1501,2107-12-31-23-59-56
Universe_mod.pak,UI/UniRmgMainWindow.(WindowSimpleShared).xdb,added,,1150,2107-12-31-23-59-56
Universe_mod.pak,UI/UniTimersWindow.(WindowSimple).xdb,added,,1128,2107-12-31-23-59-56
Universe_mod.pak,UI/UniTimersWindow.(WindowSimpleShared).xdb,added,,1557,2107-12-31-23-59-56
Universe_mod.pak,UI/UniversePanel.(BackgroundSimpleTexture).xdb,added,,291,2107-12-31-23-59-56
Universe_mod.pak,UI/UniversePanel.(Texture).dds,added,,41128,2107-12-31-23-59-56
Universe_mod.pak,UI/UniversePanel.(Texture).xdb,added,,591,2107-12-31-23-59-56
Universe_mod.pak,UI/UniversePanelHideButton.(BackgroundSimpleScallingTexture).xdb,added,,279,2107-12-31-23-59-56
Universe_mod.pak,UI/UniversePanelHideButton.(Texture).xdb,added,,525,2107-12-31-23-59-56
Universe_mod.pak,UI/UniversePanelHideButton.(WindowMSButton).xdb,added,,2063,2107-12-31-23-59-56
Universe_mod.pak,UI/UniversePanelHideButton.(WindowMSButtonShared).xdb,added,,2342,2107-12-31-23-59-56
Universe_mod.pak,UI/UniversePanelOpenButton.(WindowMSButton).xdb,added,,2051,2107-12-31-23-59-56
Universe_mod.pak,UI/UniversePanelOpenButton.(WindowMSButtonShared).xdb,added,,2577,2107-12-31-23-59-56
Universe_mod.pak,UI/UNIVERSERMG.(WindowMSButton).xdb,added,,2517,2107-12-31-23-59-56
Universe_mod.pak,UI/UNIVERSERMG.(WindowMSButtonShared).xdb,added,,3808,2107-12-31-23-59-56
Universe_mod.pak,UI/UNIVERSERMG_CLOSE.(WindowMSButton).xdb,added,,2520,2107-12-31-23-59-56
Universe_mod.pak,UI/UniverseTownLevel.(WindowTooltip).xdb,added,,1157,2107-12-31-23-59-56
Universe_mod.pak,UI/UniverseTownLevel.(WindowTooltipShared).xdb,added,,1047,2107-12-31-23-59-56
Universe_mod.pak,UI/UNIVERSE_PANEL.(WindowSimple).xdb,added,,1139,2107-12-31-23-59-56
Universe_mod.pak,UI/UNIVERSE_PANEL.(WindowSimpleShared).xdb,added,,1458,2107-12-31-23-59-56
Universe_mod.pak,UI/AdventureScreen/EnemyTurnBox/EnemyTurnBox.(WindowSimple).xdb,changed,a2p1-data.pak,1219,2107-12-31-23-59-56
Universe_mod.pak,UI/AdventureScreen/Notifications/FormatFile.txt,added,,10,2107-12-31-23-59-56
Universe_mod.pak,UI/AdventureScreen/Notifications/NotificationHide.(UISSendUIMessage).xdb,added,,454,2107-12-31-23-59-56
Universe_mod.pak,UI/AdventureScreen/Notifications/NotificationLine.txt,added,,138,2107-12-31-23-59-56
Universe_mod.pak,UI/AdventureScreen/Notifications/NotificationShow.(UISSendUIMessage).xdb,added,,454,2107-12-31-23-59-56
Universe_mod.pak,UI/AdventureScreen/Notifications/UniNotificationLine1.(WindowTextView).xdb,added,,1326,2107-12-31-23-59-56
Universe_mod.pak,UI/AdventureScreen/Notifications/UniNotificationLine2.(WindowTextView).xdb,added,,1326,2107-12-31-23-59-56
Universe_mod.pak,UI/AdventureScreen/Notifications/UniNotificationLine3.(WindowTextView).xdb,added,,1325,2107-12-31-23-59-56
Universe_mod.pak,UI/AdventureScreen/Notifications/UniNotificationRoot.(WindowSimple).xdb,added,,1134,2107-12-31-23-59-56
Universe_mod.pak,UI/AdventureScreen/Notifications/UniNotificationRoot.(WindowSimpleShared).xdb,added,,1197,2107-12-31-23-59-56
Universe_mod.pak,UI/AdventureScreen/Notifications/UniNotificationsTextFormat.(TextFormat).xdb,added,,800,2107-12-31-23-59-56
Universe_mod.pak,UI/AdventureScreen/Notifications/UniNotificationToggle.(WindowMSButton).xdb,added,,2540,2107-12-31-23-59-56
Universe_mod.pak,UI/AdventureScreen/TurnTimeNotify/CombatTimerTooltip.txt,added,,54,2107-12-31-23-59-56
Universe_mod.pak,UI/AdventureScreen/TurnTimeNotify/MainTimerPanel.(WindowSimple).xdb,added,,1132,2107-12-31-23-59-56
Universe_mod.pak,UI/AdventureScreen/TurnTimeNotify/MainTimerPanel.(WindowSimpleShared).xdb,added,,913,2107-12-31-23-59-56
Universe_mod.pak,UI/AdventureScreen/TurnTimeNotify/MainTimerTooltip.txt,added,,48,2107-12-31-23-59-56
Universe_mod.pak,UI/AdventureScreen/TurnTimeNotify/PlayerCombatTimerText.(WindowTextView).xdb,added,,1301,2107-12-31-23-59-56
Universe_mod.pak,UI/AdventureScreen/TurnTimeNotify/PlayerMainTimerText.(WindowTextView).xdb,added,,1297,2107-12-31-23-59-56
Universe_mod.pak,UI/AdventureScreen/TurnTimeNotify/PlayerName.txt,added,,106,2107-12-31-23-59-56
Universe_mod.pak,UI/AdventureScreen/TurnTimeNotify/PlayerNameText.(WindowTextView).xdb,added,,1291,2107-12-31-23-59-56
Universe_mod.pak,UI/AdventureScreen/TurnTimeNotify/PlayerTooltip.txt,added,,30,2107-12-31-23-59-56
Universe_mod.pak,UI/AdventureScreen/TurnTimeNotify/Timer.(WindowSimple).xdb,changed,a2p1-data.pak,1146,2107-12-31-23-59-56
Universe_mod.pak,UI/AdventureScreen/TurnTimeNotify/Timer.(WindowSimpleShared).xdb,changed,data.pak,1120,2107-12-31-23-59-56
Universe_mod.pak,UI/AdventureScreen/TurnTimeNotify/TimeView.(WindowTextViewShared).xdb,changed,data.pak,1043,2107-12-31-23-59-56
Universe_mod.pak,UI/AdventureScreen/TurnTimeNotify/UniBlackBack_Combat.(BackgroundSimpleTexture).xdb,added,,295,2107-12-31-23-59-56
Universe_mod.pak,UI/AdventureScreen/TurnTimeNotify/UniBlackBack_Combat.(Texture).dds,added,,4748,2107-12-31-23-59-56
Universe_mod.pak,UI/AdventureScreen/TurnTimeNotify/UniBlackBack_Combat.(Texture).xdb,added,,597,2107-12-31-23-59-56
Universe_mod.pak,UI/AdventureScreen-heavy/HotSeatBlackBg.(WindowSimple).xdb,changed,data.pak,1119,2107-12-31-23-59-56
Universe_mod.pak,UI/AdventureScreen-heavy/HotSeatBlackBg.(WindowSimpleShared).xdb,changed,data.pak,929,2107-12-31-23-59-56
Universe_mod.pak,UI/AdventureScreen-heavy/Minimap-heavy.(WindowSimple).xdb,changed,a2p1-data.pak,1310,2107-12-31-23-59-56
Universe_mod.pak,UI/AdventureScreen-heavy/Minimize.(WindowMSButton).xdb,changed,a2p1-data.pak,2839,2107-12-31-23-59-56
Universe_mod.pak,UI/AdventureScreen-heavy/Minimize_2.(WindowMSButton).xdb,changed,a2p1-data.pak,2662,2107-12-31-23-59-56
Universe_mod.pak,UI/AdventureScreen-heavy/OnJog-Scenario.(WindowMSButton).xdb,same,a2p1-data.pak,3070,2107-12-31-23-59-56
Universe_mod.pak,UI/AdventureScreen-heavy/OnJog-Spellbook.(WindowMSButton).xdb,same,a2p1-data.pak,2663,2107-12-31-23-59-56
Universe_mod.pak,UI/AdventureScreen-heavy/TownHeroPanel/TownHeroPanel.(WindowSimple).xdb,changed,a2p1-data.pak,1122,2107-12-31-23-59-56
Universe_mod.pak,UI/AGINFO/0101N1.(BackgroundTiledTexture).xdb,added,,2386,2107-12-31-23-59-56
Universe_mod.pak,UI/AGINFO/01view.(BackgroundSimpleTexture).xdb,added,,284,2107-12-31-23-59-56
Universe_mod.pak,UI/AGINFO/01view.(Texture).dds,added,,670128,2107-12-31-23-59-56
Universe_mod.pak,UI/AGINFO/01view.(Texture).xdb,added,,571,2107-12-31-23-59-56
Universe_mod.pak,UI/AGINFO/02view.(BackgroundSimpleTexture).xdb,added,,284,2107-12-31-23-59-56
Universe_mod.pak,UI/AGINFO/02view.(Texture).dds,added,,670128,2107-12-31-23-59-56
Universe_mod.pak,UI/AGINFO/02view.(Texture).xdb,added,,571,2107-12-31-23-59-56
Universe_mod.pak,UI/AGINFO/03view.(BackgroundSimpleTexture).xdb,added,,284,2107-12-31-23-59-56
Universe_mod.pak,UI/AGINFO/03view.(Texture).dds,added,,670128,2107-12-31-23-59-56
Universe_mod.pak,UI/AGINFO/03view.(Texture).xdb,added,,571,2107-12-31-23-59-56
Universe_mod.pak,UI/AGINFO/04view.(BackgroundSimpleTexture).xdb,added,,284,2107-12-31-23-59-56
Universe_mod.pak,UI/AGINFO/04view.(Texture).dds,added,,670128,2107-12-31-23-59-56
Universe_mod.pak,UI/AGINFO/04view.(Texture).xdb,added,,571,2107-12-31-23-59-56
Universe_mod.pak,UI/AGINFO/05view.(BackgroundSimpleTexture).xdb,added,,284,2107-12-31-23-59-56
Universe_mod.pak,UI/AGINFO/05view.(Texture).dds,added,,670128,2107-12-31-23-59-56
Universe_mod.pak,UI/AGINFO/05view.(Texture).xdb,added,,571,2107-12-31-23-59-56
Universe_mod.pak,UI/AGINFO/06view.(BackgroundSimpleTexture).xdb,added,,284,2107-12-31-23-59-56
Universe_mod.pak,UI/AGINFO/06view.(Texture).dds,added,,670128,2107-12-31-23-59-56
Universe_mod.pak,UI/AGINFO/06view.(Texture).xdb,added,,571,2107-12-31-23-59-56
Universe_mod.pak,UI/AGINFO/07view.(BackgroundSimpleTexture).xdb,added,,284,2107-12-31-23-59-56
Universe_mod.pak,UI/AGINFO/07view.(Texture).dds,added,,670128,2107-12-31-23-59-56
Universe_mod.pak,UI/AGINFO/07view.(Texture).xdb,added,,587,2107-12-31-23-59-56
Universe_mod.pak,UI/AGINFO/08view.(BackgroundSimpleTexture).xdb,added,,284,2107-12-31-23-59-56
Universe_mod.pak,UI/AGINFO/08view.(Texture).dds,added,,670128,2107-12-31-23-59-56
Universe_mod.pak,UI/AGINFO/08view.(Texture).xdb,added,,571,2107-12-31-23-59-56
Universe_mod.pak,UI/AGINFO/09view.(BackgroundSimpleTexture).xdb,added,,284,2107-12-31-23-59-56
Universe_mod.pak,UI/AGINFO/09view.(Texture).dds,added,,670128,2107-12-31-23-59-56
Universe_mod.pak,UI/AGINFO/09view.(Texture).xdb,added,,571,2107-12-31-23-59-56
Universe_mod.pak,UI/AGINFO/1.(BackgroundSimpleTexture).xdb,added,,279,2107-12-31-23-59-56
Universe_mod.pak,UI/AGINFO/1.(Texture).dds,added,,670128,2107-12-31-23-59-56
Universe_mod.pak,UI/AGINFO/1.(Texture).xdb,added,,565,2107-12-31-23-59-56
Universe_mod.pak,UI/AGINFO/10view.(BackgroundSimpleTexture).xdb,added,,284,2107-12-31-23-59-56
Universe_mod.pak,UI/AGINFO/10view.(Texture).dds,added,,670128,2107-12-31-23-59-56
Universe_mod.pak,UI/AGINFO/10view.(Texture).xdb,added,,571,2107-12-31-23-59-56
Universe_mod.pak,UI/AGINFO/11view.(BackgroundSimpleTexture).xdb,added,,284,2107-12-31-23-59-56
Universe_mod.pak,UI/AGINFO/11view.(Texture).dds,added,,670128,2107-12-31-23-59-56
Universe_mod.pak,UI/AGINFO/11view.(Texture).xdb,added,,571,2107-12-31-23-59-56
Universe_mod.pak,UI/AGINFO/12.(BackgroundSimpleTexture).xdb,added,,280,2107-12-31-23-59-56
Universe_mod.pak,UI/AGINFO/12.(Texture).dds,added,,670128,2107-12-31-23-59-56
Universe_mod.pak,UI/AGINFO/12.(Texture).xdb,added,,566,2107-12-31-23-59-56
Universe_mod.pak,UI/AGINFO/12view.(BackgroundSimpleTexture).xdb,added,,284,2107-12-31-23-59-56
Universe_mod.pak,UI/AGINFO/12view.(Texture).dds,added,,670128,2107-12-31-23-59-56
Universe_mod.pak,UI/AGINFO/12view.(Texture).xdb,added,,571,2107-12-31-23-59-56
Universe_mod.pak,UI/AGINFO/13view.(BackgroundSimpleTexture).xdb,added,,284,2107-12-31-23-59-56
Universe_mod.pak,UI/AGINFO/13view.(Texture).dds,added,,670128,2107-12-31-23-59-56
Universe_mod.pak,UI/AGINFO/13view.(Texture).xdb,added,,607,2107-12-31-23-59-56
Universe_mod.pak,UI/AGINFO/1N.(BackgroundSimpleTexture).xdb,added,,280,2107-12-31-23-59-56
Universe_mod.pak,UI/AGINFO/1N.(Texture).dds,added,,3728,2107-12-31-23-59-56
Universe_mod.pak,UI/AGINFO/1N.(Texture).xdb,added,,571,2107-12-31-23-59-56
Universe_mod.pak,UI/AGINFO/1P.(BackgroundSimpleTexture).xdb,added,,280,2107-12-31-23-59-56
Universe_mod.pak,UI/AGINFO/1P.(Texture).dds,added,,3264,2107-12-31-23-59-56
Universe_mod.pak,UI/AGINFO/1P.(Texture).xdb,added,,571,2107-12-31-23-59-56
Universe_mod.pak,UI/AGINFO/2N.(BackgroundSimpleTexture).xdb,added,,280,2107-12-31-23-59-56
Universe_mod.pak,UI/AGINFO/2N.(Texture).dds,added,,3728,2107-12-31-23-59-56
Universe_mod.pak,UI/AGINFO/2N.(Texture).xdb,added,,571,2107-12-31-23-59-56
Universe_mod.pak,UI/AGINFO/2P.(BackgroundSimpleTexture).xdb,added,,280,2107-12-31-23-59-56
Universe_mod.pak,UI/AGINFO/2P.(Texture).dds,added,,3264,2107-12-31-23-59-56
Universe_mod.pak,UI/AGINFO/2P.(Texture).xdb,added,,571,2107-12-31-23-59-56
Universe_mod.pak,UI/AGINFO/3N.(BackgroundSimpleTexture).xdb,added,,280,2107-12-31-23-59-56
Universe_mod.pak,UI/AGINFO/3N.(Texture).dds,added,,3728,2107-12-31-23-59-56
Universe_mod.pak,UI/AGINFO/3N.(Texture).xdb,added,,571,2107-12-31-23-59-56
Universe_mod.pak,UI/AGINFO/3P.(BackgroundSimpleTexture).xdb,added,,280,2107-12-31-23-59-56
Universe_mod.pak,UI/AGINFO/3P.(Texture).dds,added,,3264,2107-12-31-23-59-56
Universe_mod.pak,UI/AGINFO/3P.(Texture).xdb,added,,571,2107-12-31-23-59-56
Universe_mod.pak,UI/AGINFO/4N.(BackgroundSimpleTexture).xdb,added,,280,2107-12-31-23-59-56
Universe_mod.pak,UI/AGINFO/4N.(Texture).dds,added,,3728,2107-12-31-23-59-56
Universe_mod.pak,UI/AGINFO/4N.(Texture).xdb,added,,571,2107-12-31-23-59-56
Universe_mod.pak,UI/AGINFO/4P.(BackgroundSimpleTexture).xdb,added,,280,2107-12-31-23-59-56
Universe_mod.pak,UI/AGINFO/4P.(Texture).dds,added,,3264,2107-12-31-23-59-56
Universe_mod.pak,UI/AGINFO/4P.(Texture).xdb,added,,571,2107-12-31-23-59-56
Universe_mod.pak,UI/AGINFO/5N.(BackgroundSimpleTexture).xdb,added,,280,2107-12-31-23-59-56
Universe_mod.pak,UI/AGINFO/5N.(Texture).dds,added,,3728,2107-12-31-23-59-56
Universe_mod.pak,UI/AGINFO/5N.(Texture).xdb,added,,571,2107-12-31-23-59-56
Universe_mod.pak,UI/AGINFO/5P.(BackgroundSimpleTexture).xdb,added,,280,2107-12-31-23-59-56
Universe_mod.pak,UI/AGINFO/5p.(Texture).dds,added,,3264,2107-12-31-23-59-56
Universe_mod.pak,UI/AGINFO/5p.(Texture).xdb,added,,571,2107-12-31-23-59-56
Universe_mod.pak,UI/AGINFO/AG700.(BackgroundSimpleTexture).xdb,added,,283,2107-12-31-23-59-56
Universe_mod.pak,UI/AGINFO/AG700.(Texture).dds,added,,1960128,2107-12-31-23-59-56
Universe_mod.pak,UI/AGINFO/AG700.(Texture).xdb,added,,574,2107-12-31-23-59-56
Universe_mod.pak,UI/AGINFO/AGBANK.(WindowTextViewShared).xdb,added,,1110,2107-12-31-23-59-56
Universe_mod.pak,UI/AGINFO/AGBANK1.(UISSendUIMessage).xdb,added,,496,2107-12-31-23-59-56
Universe_mod.pak,UI/AGINFO/AGBANK1.(WindowStaticText).xdb,added,,1032,2107-12-31-23-59-56
Universe_mod.pak,UI/AGINFO/AGBANK1.(WindowTextView).xdb,added,,1321,2107-12-31-23-59-56
Universe_mod.pak,UI/AGINFO/AGBANK10.(UISSendUIMessage).xdb,added,,497,2107-12-31-23-59-56
Universe_mod.pak,UI/AGINFO/AGBANK10.(WindowTextView).xdb,added,,1256,2107-12-31-23-59-56
Universe_mod.pak,UI/AGINFO/AGBANK10.(WindowTextViewShared).xdb,added,,1110,2107-12-31-23-59-56
Universe_mod.pak,UI/AGINFO/AGBANK11.(UISSendUIMessage).xdb,added,,497,2107-12-31-23-59-56
Universe_mod.pak,UI/AGINFO/AGBANK11.(WindowTextView).xdb,added,,1256,2107-12-31-23-59-56
Universe_mod.pak,UI/AGINFO/AGBANK11.(WindowTextViewShared).xdb,added,,1110,2107-12-31-23-59-56
Universe_mod.pak,UI/AGINFO/AGBANK12.(UISSendUIMessage).xdb,added,,497,2107-12-31-23-59-56
Universe_mod.pak,UI/AGINFO/AGBANK12.(WindowTextView).xdb,added,,1256,2107-12-31-23-59-56
Universe_mod.pak,UI/AGINFO/AGBANK12.(WindowTextViewShared).xdb,added,,1110,2107-12-31-23-59-56
Universe_mod.pak,UI/AGINFO/AGBANK13.(UISSendUIMessage).xdb,added,,497,2107-12-31-23-59-56
Universe_mod.pak,UI/AGINFO/AGBANK13.(WindowTextView).xdb,added,,1256,2107-12-31-23-59-56
Universe_mod.pak,UI/AGINFO/AGBANK13.(WindowTextViewShared).xdb,added,,1110,2107-12-31-23-59-56
Universe_mod.pak,UI/AGINFO/AGBANK2.(UISSendUIMessage).xdb,added,,496,2107-12-31-23-59-56
Universe_mod.pak,UI/AGINFO/AGBANK2.(WindowStaticText).xdb,added,,1032,2107-12-31-23-59-56
Universe_mod.pak,UI/AGINFO/AGBANK2.(WindowTextView).xdb,added,,1241,2107-12-31-23-59-56
Universe_mod.pak,UI/AGINFO/AGBANK2.(WindowTextViewShared).xdb,added,,1110,2107-12-31-23-59-56
Universe_mod.pak,UI/AGINFO/AGBANK3.(UISSendUIMessage).xdb,added,,496,2107-12-31-23-59-56
Universe_mod.pak,UI/AGINFO/AGBANK3.(WindowTextView).xdb,added,,1251,2107-12-31-23-59-56
Universe_mod.pak,UI/AGINFO/AGBANK3.(WindowTextViewShared).xdb,added,,1110,2107-12-31-23-59-56
Universe_mod.pak,UI/AGINFO/AGBANK4.(UISSendUIMessage).xdb,added,,496,2107-12-31-23-59-56
Universe_mod.pak,UI/AGINFO/AGBANK4.(WindowTextView).xdb,added,,1255,2107-12-31-23-59-56
Universe_mod.pak,UI/AGINFO/AGBANK4.(WindowTextViewShared).xdb,added,,1110,2107-12-31-23-59-56
Universe_mod.pak,UI/AGINFO/AGBANK5.(UISSendUIMessage).xdb,added,,496,2107-12-31-23-59-56
Universe_mod.pak,UI/AGINFO/AGBANK5.(WindowTextView).xdb,added,,1255,2107-12-31-23-59-56
Universe_mod.pak,UI/AGINFO/AGBANK5.(WindowTextViewShared).xdb,added,,1110,2107-12-31-23-59-56
Universe_mod.pak,UI/AGINFO/AGBANK6.(UISSendUIMessage).xdb,added,,496,2107-12-31-23-59-56
Universe_mod.pak,UI/AGINFO/AGBANK6.(WindowTextView).xdb,added,,1255,2107-12-31-23-59-56
Universe_mod.pak,UI/AGINFO/AGBANK6.(WindowTextViewShared).xdb,added,,1110,2107-12-31-23-59-56
Universe_mod.pak,UI/AGINFO/AGBANK7.(UISSendUIMessage).xdb,added,,496,2107-12-31-23-59-56
Universe_mod.pak,UI/AGINFO/AGBANK7.(WindowTextView).xdb,added,,1255,2107-12-31-23-59-56
Universe_mod.pak,UI/AGINFO/AGBANK7.(WindowTextViewShared).xdb,added,,1110,2107-12-31-23-59-56
Universe_mod.pak,UI/AGINFO/AGBANK8.(UISSendUIMessage).xdb,added,,496,2107-12-31-23-59-56
Universe_mod.pak,UI/AGINFO/AGBANK8.(WindowTextView).xdb,added,,1255,2107-12-31-23-59-56
Universe_mod.pak,UI/AGINFO/AGBANK8.(WindowTextViewShared).xdb,added,,1110,2107-12-31-23-59-56
Universe_mod.pak,UI/AGINFO/AGBANK9.(UISSendUIMessage).xdb,added,,496,2107-12-31-23-59-56
Universe_mod.pak,UI/AGINFO/AGBANK9.(WindowTextView).xdb,added,,1255,2107-12-31-23-59-56
Universe_mod.pak,UI/AGINFO/AGBANK9.(WindowTextViewShared).xdb,added,,1110,2107-12-31-23-59-56
Universe_mod.pak,UI/AGINFO/AGBANKSISE_VIEW_01_01.(WindowSimple).xdb,added,,1126,2107-12-31-23-59-56
Universe_mod.pak,UI/AGINFO/AGBANKSISE_VIEW_01_01.(WindowSimpleShared).xdb,added,,1079,2107-12-31-23-59-56
Universe_mod.pak,UI/AGINFO/AGBANKSISE_VIEW_01_02.(WindowSimple).xdb,added,,1126,2107-12-31-23-59-56
Universe_mod.pak,UI/AGINFO/AGBANKSISE_VIEW_01_02.(WindowSimpleShared).xdb,added,,1079,2107-12-31-23-59-56
Universe_mod.pak,UI/AGINFO/AGBANKSISE_VIEW_01_03.(WindowSimple).xdb,added,,1126,2107-12-31-23-59-56
Universe_mod.pak,UI/AGINFO/AGBANKSISE_VIEW_01_03.(WindowSimpleShared).xdb,added,,1079,2107-12-31-23-59-56
Universe_mod.pak,UI/AGINFO/AGBANKSISE_VIEW_01_04.(WindowSimple).xdb,added,,1126,2107-12-31-23-59-56
Universe_mod.pak,UI/AGINFO/AGBANKSISE_VIEW_01_04.(WindowSimpleShared).xdb,added,,1079,2107-12-31-23-59-56
Universe_mod.pak,UI/AGINFO/AGBANKSISE_VIEW_02_01.(WindowSimple).xdb,added,,1126,2107-12-31-23-59-56
Universe_mod.pak,UI/AGINFO/AGBANKSISE_VIEW_02_01.(WindowSimpleShared).xdb,added,,1079,2107-12-31-23-59-56
Universe_mod.pak,UI/AGINFO/AGBANKSISE_VIEW_02_02.(WindowSimple).xdb,added,,1126,2107-12-31-23-59-56
Universe_mod.pak,UI/AGINFO/AGBANKSISE_VIEW_02_02.(WindowSimpleShared).xdb,added,,1079,2107-12-31-23-59-56
Universe_mod.pak,UI/AGINFO/AGBANKSISE_VIEW_02_03.(WindowSimple).xdb,added,,1126,2107-12-31-23-59-56
Universe_mod.pak,UI/AGINFO/AGBANKSISE_VIEW_02_03.(WindowSimpleShared).xdb,added,,1079,2107-12-31-23-59-56
Universe_mod.pak,UI/AGINFO/AGBANKSISE_VIEW_02_04.(WindowSimple).xdb,added,,1126,2107-12-31-23-59-56
Universe_mod.pak,UI/AGINFO/AGBANKSISE_VIEW_02_04.(WindowSimpleShared).xdb,added,,1079,2107-12-31-23-59-56
Universe_mod.pak,UI/AGINFO/AGBANKSISE_VIEW_03_01.(WindowSimple).xdb,added,,1126,2107-12-31-23-59-56
Universe_mod.pak,UI/AGINFO/AGBANKSISE_VIEW_03_01.(WindowSimpleShared).xdb,added,,1079,2107-12-31-23-59-56
Universe_mod.pak,UI/AGINFO/AGBANKSISE_VIEW_03_02.(WindowSimple).xdb,added,,1126,2107-12-31-23-59-56
Universe_mod.pak,UI/AGINFO/AGBANKSISE_VIEW_03_02.(WindowSimpleShared).xdb,added,,1079,2107-12-31-23-59-56
Universe_mod.pak,UI/AGINFO/AGBANKSISE_VIEW_03_03.(WindowSimple).xdb,added,,1126,2107-12-31-23-59-56
Universe_mod.pak,UI/AGINFO/AGBANKSISE_VIEW_03_03.(WindowSimpleShared).xdb,added,,1079,2107-12-31-23-59-56
Universe_mod.pak,UI/AGINFO/AGBANKSISE_VIEW_03_04.(WindowSimple).xdb,added,,1126,2107-12-31-23-59-56
Universe_mod.pak,UI/AGINFO/AGBANKSISE_VIEW_03_04.(WindowSimpleShared).xdb,added,,1079,2107-12-31-23-59-56
Universe_mod.pak,UI/AGINFO/AGBANKSISE_VIEW_04_01.(WindowSimple).xdb,added,,1126,2107-12-31-23-59-56
Universe_mod.pak,UI/AGINFO/AGBANKSISE_VIEW_04_01.(WindowSimpleShared).xdb,added,,1079,2107-12-31-23-59-56
Universe_mod.pak,UI/AGINFO/AGBANKSISE_VIEW_04_02.(WindowSimple).xdb,added,,1126,2107-12-31-23-59-56
Universe_mod.pak,UI/AGINFO/AGBANKSISE_VIEW_04_02.(WindowSimpleShared).xdb,added,,1079,2107-12-31-23-59-56
Universe_mod.pak,UI/AGINFO/AGBANKSISE_VIEW_04_03.(WindowSimple).xdb,added,,1126,2107-12-31-23-59-56
Universe_mod.pak,UI/AGINFO/AGBANKSISE_VIEW_04_03.(WindowSimpleShared).xdb,added,,1079,2107-12-31-23-59-56
Universe_mod.pak,UI/AGINFO/AGBANKSISE_VIEW_05_01.(WindowSimple).xdb,added,,1126,2107-12-31-23-59-56
Universe_mod.pak,UI/AGINFO/AGBANKSISE_VIEW_05_01.(WindowSimpleShared).xdb,added,,1079,2107-12-31-23-59-56
Universe_mod.pak,UI/AGINFO/AGBANKSISE_VIEW_05_02.(WindowSimple).xdb,added,,1126,2107-12-31-23-59-56
Universe_mod.pak,UI/AGINFO/AGBANKSISE_VIEW_05_02.(WindowSimpleShared).xdb,added,,1079,2107-12-31-23-59-56
Universe_mod.pak,UI/AGINFO/AGBANKSISE_VIEW_05_03.(WindowSimple).xdb,added,,1126,2107-12-31-23-59-56
Universe_mod.pak,UI/AGINFO/AGBANKSISE_VIEW_05_03.(WindowSimpleShared).xdb,added,,1079,2107-12-31-23-59-56
Universe_mod.pak,UI/AGINFO/AGBANKSISE_VIEW_05_04.(WindowSimple).xdb,added,,1126,2107-12-31-23-59-56
Universe_mod.pak,UI/AGINFO/AGBANKSISE_VIEW_05_04.(WindowSimpleShared).xdb,added,,1079,2107-12-31-23-59-56
Universe_mod.pak,UI/AGINFO/AGBANKSISE_VIEW_06_01.(WindowSimple).xdb,added,,1126,2107-12-31-23-59-56
Universe_mod.pak,UI/AGINFO/AGBANKSISE_VIEW_06_01.(WindowSimpleShared).xdb,added,,1079,2107-12-31-23-59-56
Universe_mod.pak,UI/AGINFO/AGBANKSISE_VIEW_06_02.(WindowSimple).xdb,added,,1126,2107-12-31-23-59-56
Universe_mod.pak,UI/AGINFO/AGBANKSISE_VIEW_06_02.(WindowSimpleShared).xdb,added,,1079,2107-12-31-23-59-56
Universe_mod.pak,UI/AGINFO/AGBANKSISE_VIEW_06_03.(WindowSimple).xdb,added,,1126,2107-12-31-23-59-56
Universe_mod.pak,UI/AGINFO/AGBANKSISE_VIEW_06_03.(WindowSimpleShared).xdb,added,,1079,2107-12-31-23-59-56
Universe_mod.pak,UI/AGINFO/AGBANKSISE_VIEW_06_04.(WindowSimple).xdb,added,,1126,2107-12-31-23-59-56
Universe_mod.pak,UI/AGINFO/AGBANKSISE_VIEW_06_04.(WindowSimpleShared).xdb,added,,1079,2107-12-31-23-59-56
Universe_mod.pak,UI/AGINFO/AGBANKSISE_VIEW_07_01.(WindowSimple).xdb,added,,1126,2107-12-31-23-59-56
Universe_mod.pak,UI/AGINFO/AGBANKSISE_VIEW_07_01.(WindowSimpleShared).xdb,added,,1079,2107-12-31-23-59-56
Universe_mod.pak,UI/AGINFO/AGBANKSISE_VIEW_07_02.(WindowSimple).xdb,added,,1126,2107-12-31-23-59-56
Universe_mod.pak,UI/AGINFO/AGBANKSISE_VIEW_07_02.(WindowSimpleShared).xdb,added,,1079,2107-12-31-23-59-56
Universe_mod.pak,UI/AGINFO/AGBANKSISE_VIEW_07_03.(WindowSimple).xdb,added,,1126,2107-12-31-23-59-56
Universe_mod.pak,UI/AGINFO/AGBANKSISE_VIEW_07_03.(WindowSimpleShared).xdb,added,,1079,2107-12-31-23-59-56
Universe_mod.pak,UI/AGINFO/AGBANKSISE_VIEW_07_04.(WindowSimple).xdb,added,,1126,2107-12-31-23-59-56
Universe_mod.pak,UI/AGINFO/AGBANKSISE_VIEW_07_04.(WindowSimpleShared).xdb,added,,1079,2107-12-31-23-59-56
Universe_mod.pak,UI/AGINFO/AGBANKSISE_VIEW_07_05.(WindowSimple).xdb,added,,1126,2107-12-31-23-59-56
Universe_mod.pak,UI/AGINFO/AGBANKSISE_VIEW_07_05.(WindowSimpleShared).xdb,added,,1079,2107-12-31-23-59-56
Universe_mod.pak,UI/AGINFO/AGBANKSISE_VIEW_08_01.(WindowSimple).xdb,added,,1126,2107-12-31-23-59-56
Universe_mod.pak,UI/AGINFO/AGBANKSISE_VIEW_08_01.(WindowSimpleShared).xdb,added,,1079,2107-12-31-23-59-56
Universe_mod.pak,UI/AGINFO/AGBANKSISE_VIEW_08_02.(WindowSimple).xdb,added,,1126,2107-12-31-23-59-56
Universe_mod.pak,UI/AGINFO/AGBANKSISE_VIEW_08_02.(WindowSimpleShared).xdb,added,,1079,2107-12-31-23-59-56
Universe_mod.pak,UI/AGINFO/AGBANKSISE_VIEW_08_03.(WindowSimple).xdb,added,,1126,2107-12-31-23-59-56
Universe_mod.pak,UI/AGINFO/AGBANKSISE_VIEW_08_03.(WindowSimpleShared).xdb,added,,1079,2107-12-31-23-59-56
Universe_mod.pak,UI/AGINFO/AGBANKSISE_VIEW_08_04.(WindowSimple).xdb,added,,1126,2107-12-31-23-59-56
Universe_mod.pak,UI/AGINFO/AGBANKSISE_VIEW_08_04.(WindowSimpleShared).xdb,added,,1079,2107-12-31-23-59-56
Universe_mod.pak,UI/AGINFO/AGBANKSISE_VIEW_09_01.(WindowSimple).xdb,added,,1126,2107-12-31-23-59-56
Universe_mod.pak,UI/AGINFO/AGBANKSISE_VIEW_09_01.(WindowSimpleShared).xdb,added,,1079,2107-12-31-23-59-56
Universe_mod.pak,UI/AGINFO/AGBANKSISE_VIEW_09_02.(WindowSimple).xdb,added,,1126,2107-12-31-23-59-56
Universe_mod.pak,UI/AGINFO/AGBANKSISE_VIEW_09_02.(WindowSimpleShared).xdb,added,,1079,2107-12-31-23-59-56
Universe_mod.pak,UI/AGINFO/AGBANKSISE_VIEW_09_03.(WindowSimple).xdb,added,,1126,2107-12-31-23-59-56
Universe_mod.pak,UI/AGINFO/AGBANKSISE_VIEW_09_03.(WindowSimpleShared).xdb,added,,1079,2107-12-31-23-59-56
Universe_mod.pak,UI/AGINFO/AGBANKSISE_VIEW_10_01.(WindowSimple).xdb,added,,1126,2107-12-31-23-59-56
Universe_mod.pak,UI/AGINFO/AGBANKSISE_VIEW_10_01.(WindowSimpleShared).xdb,added,,1079,2107-12-31-23-59-56
Universe_mod.pak,UI/AGINFO/AGBANKSISE_VIEW_10_02.(WindowSimple).xdb,added,,1126,2107-12-31-23-59-56
Universe_mod.pak,UI/AGINFO/AGBANKSISE_VIEW_10_02.(WindowSimpleShared).xdb,added,,1079,2107-12-31-23-59-56
Universe_mod.pak,UI/AGINFO/AGBANKSISE_VIEW_10_03.(WindowSimple).xdb,added,,1126,2107-12-31-23-59-56
Universe_mod.pak,UI/AGINFO/AGBANKSISE_VIEW_10_03.(WindowSimpleShared).xdb,added,,1079,2107-12-31-23-59-56
Universe_mod.pak,UI/AGINFO/AGBANKSISE_VIEW_11_01.(WindowSimple).xdb,added,,1126,2107-12-31-23-59-56
Universe_mod.pak,UI/AGINFO/AGBANKSISE_VIEW_11_01.(WindowSimpleShared).xdb,added,,1079,2107-12-31-23-59-56
Universe_mod.pak,UI/AGINFO/AGBANKSISE_VIEW_11_02.(WindowSimple).xdb,added,,1126,2107-12-31-23-59-56
Universe_mod.pak,UI/AGINFO/AGBANKSISE_VIEW_11_02.(WindowSimpleShared).xdb,added,,1079,2107-12-31-23-59-56
Universe_mod.pak,UI/AGINFO/AGBANKSISE_VIEW_11_03.(WindowSimple).xdb,added,,1126,2107-12-31-23-59-56
Universe_mod.pak,UI/AGINFO/AGBANKSISE_VIEW_11_03.(WindowSimpleShared).xdb,added,,1079,2107-12-31-23-59-56
Universe_mod.pak,UI/AGINFO/AGBANKSISE_VIEW_11_04.(WindowSimple).xdb,added,,1126,2107-12-31-23-59-56
Universe_mod.pak,UI/AGINFO/AGBANKSISE_VIEW_11_04.(WindowSimpleShared).xdb,added,,1079,2107-12-31-23-59-56
Universe_mod.pak,UI/AGINFO/AGBANKSISE_VIEW_12_01.(WindowSimple).xdb,added,,1126,2107-12-31-23-59-56
Universe_mod.pak,UI/AGINFO/AGBANKSISE_VIEW_12_01.(WindowSimpleShared).xdb,added,,1079,2107-12-31-23-59-56
Universe_mod.pak,UI/AGINFO/AGBANKSISE_VIEW_12_02.(WindowSimple).xdb,added,,1126,2107-12-31-23-59-56
Universe_mod.pak,UI/AGINFO/AGBANKSISE_VIEW_12_02.(WindowSimpleShared).xdb,added,,1079,2107-12-31-23-59-56
Universe_mod.pak,UI/AGINFO/AGBANKSISE_VIEW_12_03.(WindowSimple).xdb,added,,1126,2107-12-31-23-59-56
Universe_mod.pak,UI/AGINFO/AGBANKSISE_VIEW_12_03.(WindowSimpleShared).xdb,added,,1079,2107-12-31-23-59-56
Universe_mod.pak,UI/AGINFO/AGBANKSISE_VIEW_13_01.(WindowSimple).xdb,added,,1126,2107-12-31-23-59-56
Universe_mod.pak,UI/AGINFO/AGBANKSISE_VIEW_13_01.(WindowSimpleShared).xdb,added,,1079,2107-12-31-23-59-56
Universe_mod.pak,UI/AGINFO/AGBANKSISE_VIEW_13_02.(WindowSimple).xdb,added,,1126,2107-12-31-23-59-56
Universe_mod.pak,UI/AGINFO/AGBANKSISE_VIEW_13_02.(WindowSimpleShared).xdb,added,,1079,2107-12-31-23-59-56
Universe_mod.pak,UI/AGINFO/AGBANKSISE_VIEW_13_03.(WindowSimple).xdb,added,,1126,2107-12-31-23-59-56
Universe_mod.pak,UI/AGINFO/AGBANKSISE_VIEW_13_03.(WindowSimpleShared).xdb,added,,1079,2107-12-31-23-59-56
Universe_mod.pak,UI/AGINFO/AGBANKSISE_VIEW_13_04.(WindowSimple).xdb,added,,1126,2107-12-31-23-59-56
Universe_mod.pak,UI/AGINFO/AGBANKSISE_VIEW_13_04.(WindowSimpleShared).xdb,added,,1079,2107-12-31-23-59-56
Universe_mod.pak,UI/AGINFO/AGBANKSISE_VIEW_13_05.(WindowSimple).xdb,added,,1126,2107-12-31-23-59-56
Universe_mod.pak,UI/AGINFO/AGBANKSISE_VIEW_13_05.(WindowSimpleShared).xdb,added,,1079,2107-12-31-23-59-56
Universe_mod.pak,UI/AGINFO/AGBANKVIEW.(WindowSimpleShared).xdb,added,,1094,2107-12-31-23-59-56
Universe_mod.pak,UI/AGINFO/AGBANKVIEW10.(WindowSimpleShared).xdb,added,,1094,2107-12-31-23-59-56
Universe_mod.pak,UI/AGINFO/AGBANKVIEW11.(WindowSimpleShared).xdb,added,,1094,2107-12-31-23-59-56
Universe_mod.pak,UI/AGINFO/AGBANKVIEW12.(WindowSimpleShared).xdb,added,,1094,2107-12-31-23-59-56
Universe_mod.pak,UI/AGINFO/AGBANKVIEW13.(WindowSimpleShared).xdb,added,,1094,2107-12-31-23-59-56
Universe_mod.pak,UI/AGINFO/AGBANKVIEW2.(WindowSimpleShared).xdb,added,,1094,2107-12-31-23-59-56
Universe_mod.pak,UI/AGINFO/AGBANKVIEW3.(WindowSimpleShared).xdb,added,,1094,2107-12-31-23-59-56
Universe_mod.pak,UI/AGINFO/AGBANKVIEW4.(WindowSimpleShared).xdb,added,,1094,2107-12-31-23-59-56
Universe_mod.pak,UI/AGINFO/AGBANKVIEW5.(WindowSimpleShared).xdb,added,,1094,2107-12-31-23-59-56
Universe_mod.pak,UI/AGINFO/AGBANKVIEW6.(WindowSimpleShared).xdb,added,,1094,2107-12-31-23-59-56
Universe_mod.pak,UI/AGINFO/AGBANKVIEW7.(WindowSimpleShared).xdb,added,,1094,2107-12-31-23-59-56
Universe_mod.pak,UI/AGINFO/AGBANKVIEW8.(WindowSimpleShared).xdb,added,,1094,2107-12-31-23-59-56
Universe_mod.pak,UI/AGINFO/AGBANKVIEW9.(WindowSimpleShared).xdb,added,,1094,2107-12-31-23-59-56
Universe_mod.pak,UI/AGINFO/AGBUT.(WindowMSButtonShared).xdb,added,,3943,2107-12-31-23-59-56
Universe_mod.pak,UI/AGINFO/AGBUTTON.(WindowMSButton).xdb,added,,2864,2107-12-31-23-59-56
Universe_mod.pak,UI/AGINFO/AGCLOSE.(UISSendUIMessage).xdb,added,,495,2107-12-31-23-59-56
Universe_mod.pak,UI/AGINFO/AGCLOSECOMMAND.xdb,added,,495,2107-12-31-23-59-56
Universe_mod.pak,UI/AGINFO/AGSHOW.(UISSendUIMessage).xdb,added,,495,2107-12-31-23-59-56
Universe_mod.pak,UI/AGINFO/AGWINDOW.(WindowSimple).xdb,added,,1117,2107-12-31-23-59-56
Universe_mod.pak,UI/AGINFO/AGWINDOW.(WindowSimpleShared).xdb,added,,11746,2107-12-31-23-59-56
Universe_mod.pak,UI/AGINFO/AG_UNIVERSE_INFO.(UISSendUIMessage).xdb,added,,505,2107-12-31-23-59-56
Universe_mod.pak,UI/AGINFO/AG_UNIVERSE_INFO.(WindowMSButton).xdb,added,,1845,2107-12-31-23-59-56
Universe_mod.pak,UI/AGINFO/AG_UNIVERSE_INFO.(WindowMSButtonShared).xdb,added,,2531,2107-12-31-23-59-56
Universe_mod.pak,UI/AGINFO/AG_UNIVERSE_INFO.(WindowSimple).xdb,added,,1130,2107-12-31-23-59-56
Universe_mod.pak,UI/AGINFO/AG_UNIVERSE_INFO.(WindowSimpleShared).xdb,added,,1081,2107-12-31-23-59-56
Universe_mod.pak,UI/AGINFO/AG_UNIVERSE_INFO.(WindowTextView).xdb,added,,1267,2107-12-31-23-59-56
Universe_mod.pak,UI/AGINFO/AG_UNIVERSE_INFO.(WindowTextViewShared).xdb,added,,1033,2107-12-31-23-59-56
Universe_mod.pak,UI/AGINFO/AG_UNI_CLOSE_ALL.(UISSendUIMessage).xdb,added,,501,2107-12-31-23-59-56
Universe_mod.pak,UI/AGINFO/AG_UNI_CLOSE_ALL.(WindowMSButton).xdb,added,,2528,2107-12-31-23-59-56
Universe_mod.pak,UI/AGINFO/AG_UNI_CLOSE_ALL.(WindowMSButtonShared).xdb,added,,3725,2107-12-31-23-59-56
Universe_mod.pak,UI/AGINFO/BANKSIZEINFO_01_01.(UISSendUIMessage).xdb,added,,496,2107-12-31-23-59-56
Universe_mod.pak,UI/AGINFO/BANKSIZEINFO_01_01.(WindowMSButton).xdb,added,,1841,2107-12-31-23-59-56
Universe_mod.pak,UI/AGINFO/BANKSIZEINFO_01_01.(WindowMSButtonShared).xdb,added,,2499,2107-12-31-23-59-56
Universe_mod.pak,UI/AGINFO/BANKSIZEINFO_01_02.(UISSendUIMessage).xdb,added,,496,2107-12-31-23-59-56
Universe_mod.pak,UI/AGINFO/BANKSIZEINFO_01_02.(WindowMSButton).xdb,added,,1841,2107-12-31-23-59-56
Universe_mod.pak,UI/AGINFO/BANKSIZEINFO_01_02.(WindowMSButtonShared).xdb,added,,2499,2107-12-31-23-59-56
Universe_mod.pak,UI/AGINFO/BANKSIZEINFO_01_03.(UISSendUIMessage).xdb,added,,496,2107-12-31-23-59-56
Universe_mod.pak,UI/AGINFO/BANKSIZEINFO_01_03.(WindowMSButton).xdb,added,,1842,2107-12-31-23-59-56
Universe_mod.pak,UI/AGINFO/BANKSIZEINFO_01_03.(WindowMSButtonShared).xdb,added,,2499,2107-12-31-23-59-56
Universe_mod.pak,UI/AGINFO/BANKSIZEINFO_01_04.(UISSendUIMessage).xdb,added,,496,2107-12-31-23-59-56
Universe_mod.pak,UI/AGINFO/BANKSIZEINFO_01_04.(WindowMSButton).xdb,added,,1842,2107-12-31-23-59-56
Universe_mod.pak,UI/AGINFO/BANKSIZEINFO_01_04.(WindowMSButtonShared).xdb,added,,2499,2107-12-31-23-59-56
Universe_mod.pak,UI/AGINFO/BANKSIZEINFO_02_01.(UISSendUIMessage).xdb,added,,496,2107-12-31-23-59-56
Universe_mod.pak,UI/AGINFO/BANKSIZEINFO_02_01.(WindowMSButton).xdb,added,,1841,2107-12-31-23-59-56
Universe_mod.pak,UI/AGINFO/BANKSIZEINFO_02_01.(WindowMSButtonShared).xdb,added,,2499,2107-12-31-23-59-56
Universe_mod.pak,UI/AGINFO/BANKSIZEINFO_02_02.(UISSendUIMessage).xdb,added,,496,2107-12-31-23-59-56
Universe_mod.pak,UI/AGINFO/BANKSIZEINFO_02_02.(WindowMSButton).xdb,added,,1841,2107-12-31-23-59-56
Universe_mod.pak,UI/AGINFO/BANKSIZEINFO_02_02.(WindowMSButtonShared).xdb,added,,2499,2107-12-31-23-59-56
Universe_mod.pak,UI/AGINFO/BANKSIZEINFO_02_03.(UISSendUIMessage).xdb,added,,496,2107-12-31-23-59-56
Universe_mod.pak,UI/AGINFO/BANKSIZEINFO_02_03.(WindowMSButton).xdb,added,,1842,2107-12-31-23-59-56
Universe_mod.pak,UI/AGINFO/BANKSIZEINFO_02_03.(WindowMSButtonShared).xdb,added,,2499,2107-12-31-23-59-56
Universe_mod.pak,UI/AGINFO/BANKSIZEINFO_02_04.(UISSendUIMessage).xdb,added,,496,2107-12-31-23-59-56
Universe_mod.pak,UI/AGINFO/BANKSIZEINFO_02_04.(WindowMSButton).xdb,added,,1842,2107-12-31-23-59-56
Universe_mod.pak,UI/AGINFO/BANKSIZEINFO_02_04.(WindowMSButtonShared).xdb,added,,2499,2107-12-31-23-59-56
Universe_mod.pak,UI/AGINFO/BANKSIZEINFO_03_01.(UISSendUIMessage).xdb,added,,496,2107-12-31-23-59-56
Universe_mod.pak,UI/AGINFO/BANKSIZEINFO_03_01.(WindowMSButton).xdb,added,,1842,2107-12-31-23-59-56
Universe_mod.pak,UI/AGINFO/BANKSIZEINFO_03_01.(WindowMSButtonShared).xdb,added,,2499,2107-12-31-23-59-56
Universe_mod.pak,UI/AGINFO/BANKSIZEINFO_03_02.(UISSendUIMessage).xdb,added,,496,2107-12-31-23-59-56
Universe_mod.pak,UI/AGINFO/BANKSIZEINFO_03_02.(WindowMSButton).xdb,added,,1842,2107-12-31-23-59-56
Universe_mod.pak,UI/AGINFO/BANKSIZEINFO_03_02.(WindowMSButtonShared).xdb,added,,2499,2107-12-31-23-59-56
Universe_mod.pak,UI/AGINFO/BANKSIZEINFO_03_03.(UISSendUIMessage).xdb,added,,496,2107-12-31-23-59-56
Universe_mod.pak,UI/AGINFO/BANKSIZEINFO_03_03.(WindowMSButton).xdb,added,,1842,2107-12-31-23-59-56
Universe_mod.pak,UI/AGINFO/BANKSIZEINFO_03_03.(WindowMSButtonShared).xdb,added,,2499,2107-12-31-23-59-56
Universe_mod.pak,UI/AGINFO/BANKSIZEINFO_03_04.(UISSendUIMessage).xdb,added,,496,2107-12-31-23-59-56
Universe_mod.pak,UI/AGINFO/BANKSIZEINFO_03_04.(WindowMSButton).xdb,added,,1842,2107-12-31-23-59-56
Universe_mod.pak,UI/AGINFO/BANKSIZEINFO_03_04.(WindowMSButtonShared).xdb,added,,2499,2107-12-31-23-59-56
Universe_mod.pak,UI/AGINFO/BANKSIZEINFO_04_01.(UISSendUIMessage).xdb,added,,496,2107-12-31-23-59-56
Universe_mod.pak,UI/AGINFO/BANKSIZEINFO_04_01.(WindowMSButton).xdb,added,,1842,2107-12-31-23-59-56
Universe_mod.pak,UI/AGINFO/BANKSIZEINFO_04_01.(WindowMSButtonShared).xdb,added,,2499,2107-12-31-23-59-56
Universe_mod.pak,UI/AGINFO/BANKSIZEINFO_04_02.(UISSendUIMessage).xdb,added,,496,2107-12-31-23-59-56
Universe_mod.pak,UI/AGINFO/BANKSIZEINFO_04_02.(WindowMSButton).xdb,added,,1842,2107-12-31-23-59-56
Universe_mod.pak,UI/AGINFO/BANKSIZEINFO_04_02.(WindowMSButtonShared).xdb,added,,2499,2107-12-31-23-59-56
Universe_mod.pak,UI/AGINFO/BANKSIZEINFO_04_03.(UISSendUIMessage).xdb,added,,496,2107-12-31-23-59-56
Universe_mod.pak,UI/AGINFO/BANKSIZEINFO_04_03.(WindowMSButton).xdb,added,,1842,2107-12-31-23-59-56
Universe_mod.pak,UI/AGINFO/BANKSIZEINFO_04_03.(WindowMSButtonShared).xdb,added,,2499,2107-12-31-23-59-56
Universe_mod.pak,UI/AGINFO/BANKSIZEINFO_05_01.(UISSendUIMessage).xdb,added,,496,2107-12-31-23-59-56
Universe_mod.pak,UI/AGINFO/BANKSIZEINFO_05_01.(WindowMSButton).xdb,added,,1841,2107-12-31-23-59-56
Universe_mod.pak,UI/AGINFO/BANKSIZEINFO_05_01.(WindowMSButtonShared).xdb,added,,2499,2107-12-31-23-59-56
Universe_mod.pak,UI/AGINFO/BANKSIZEINFO_05_02.(UISSendUIMessage).xdb,added,,496,2107-12-31-23-59-56
Universe_mod.pak,UI/AGINFO/BANKSIZEINFO_05_02.(WindowMSButton).xdb,added,,1841,2107-12-31-23-59-56
Universe_mod.pak,UI/AGINFO/BANKSIZEINFO_05_02.(WindowMSButtonShared).xdb,added,,2499,2107-12-31-23-59-56
Universe_mod.pak,UI/AGINFO/BANKSIZEINFO_05_03.(UISSendUIMessage).xdb,added,,496,2107-12-31-23-59-56
Universe_mod.pak,UI/AGINFO/BANKSIZEINFO_05_03.(WindowMSButton).xdb,added,,1842,2107-12-31-23-59-56
Universe_mod.pak,UI/AGINFO/BANKSIZEINFO_05_03.(WindowMSButtonShared).xdb,added,,2498,2107-12-31-23-59-56
Universe_mod.pak,UI/AGINFO/BANKSIZEINFO_05_04.(UISSendUIMessage).xdb,added,,496,2107-12-31-23-59-56
Universe_mod.pak,UI/AGINFO/BANKSIZEINFO_05_04.(WindowMSButton).xdb,added,,1842,2107-12-31-23-59-56
Universe_mod.pak,UI/AGINFO/BANKSIZEINFO_05_04.(WindowMSButtonShared).xdb,added,,2499,2107-12-31-23-59-56
Universe_mod.pak,UI/AGINFO/BANKSIZEINFO_06_01.(UISSendUIMessage).xdb,added,,496,2107-12-31-23-59-56
Universe_mod.pak,UI/AGINFO/BANKSIZEINFO_06_01.(WindowMSButton).xdb,added,,1841,2107-12-31-23-59-56
Universe_mod.pak,UI/AGINFO/BANKSIZEINFO_06_01.(WindowMSButtonShared).xdb,added,,2499,2107-12-31-23-59-56
Universe_mod.pak,UI/AGINFO/BANKSIZEINFO_06_02.(UISSendUIMessage).xdb,added,,496,2107-12-31-23-59-56
Universe_mod.pak,UI/AGINFO/BANKSIZEINFO_06_02.(WindowMSButton).xdb,added,,1841,2107-12-31-23-59-56
Universe_mod.pak,UI/AGINFO/BANKSIZEINFO_06_02.(WindowMSButtonShared).xdb,added,,2499,2107-12-31-23-59-56
Universe_mod.pak,UI/AGINFO/BANKSIZEINFO_06_03.(UISSendUIMessage).xdb,added,,496,2107-12-31-23-59-56
Universe_mod.pak,UI/AGINFO/BANKSIZEINFO_06_03.(WindowMSButton).xdb,added,,1842,2107-12-31-23-59-56
Universe_mod.pak,UI/AGINFO/BANKSIZEINFO_06_03.(WindowMSButtonShared).xdb,added,,2499,2107-12-31-23-59-56
Universe_mod.pak,UI/AGINFO/BANKSIZEINFO_06_04.(UISSendUIMessage).xdb,added,,496,2107-12-31-23-59-56
Universe_mod.pak,UI/AGINFO/BANKSIZEINFO_06_04.(WindowMSButton).xdb,added,,1842,2107-12-31-23-59-56
Universe_mod.pak,UI/AGINFO/BANKSIZEINFO_06_04.(WindowMSButtonShared).xdb,added,,2499,2107-12-31-23-59-56
Universe_mod.pak,UI/AGINFO/BANKSIZEINFO_07_01.(UISSendUIMessage).xdb,added,,496,2107-12-31-23-59-56
Universe_mod.pak,UI/AGINFO/BANKSIZEINFO_07_01.(WindowMSButton).xdb,added,,1842,2107-12-31-23-59-56
Universe_mod.pak,UI/AGINFO/BANKSIZEINFO_07_01.(WindowMSButtonShared).xdb,added,,2512,2107-12-31-23-59-56
Universe_mod.pak,UI/AGINFO/BANKSIZEINFO_07_02.(UISSendUIMessage).xdb,added,,496,2107-12-31-23-59-56
Universe_mod.pak,UI/AGINFO/BANKSIZEINFO_07_02.(WindowMSButton).xdb,added,,1842,2107-12-31-23-59-56
Universe_mod.pak,UI/AGINFO/BANKSIZEINFO_07_02.(WindowMSButtonShared).xdb,added,,2512,2107-12-31-23-59-56
Universe_mod.pak,UI/AGINFO/BANKSIZEINFO_07_03.(UISSendUIMessage).xdb,added,,496,2107-12-31-23-59-56
Universe_mod.pak,UI/AGINFO/BANKSIZEINFO_07_03.(WindowMSButton).xdb,added,,1842,2107-12-31-23-59-56
Universe_mod.pak,UI/AGINFO/BANKSIZEINFO_07_03.(WindowMSButtonShared).xdb,added,,2512,2107-12-31-23-59-56
Universe_mod.pak,UI/AGINFO/BANKSIZEINFO_07_04.(UISSendUIMessage).xdb,added,,496,2107-12-31-23-59-56
Universe_mod.pak,UI/AGINFO/BANKSIZEINFO_07_04.(WindowMSButton).xdb,added,,1842,2107-12-31-23-59-56
Universe_mod.pak,UI/AGINFO/BANKSIZEINFO_07_04.(WindowMSButtonShared).xdb,added,,2512,2107-12-31-23-59-56
Universe_mod.pak,UI/AGINFO/BANKSIZEINFO_07_05.(UISSendUIMessage).xdb,added,,496,2107-12-31-23-59-56
Universe_mod.pak,UI/AGINFO/BANKSIZEINFO_07_05.(WindowMSButton).xdb,added,,1842,2107-12-31-23-59-56
Universe_mod.pak,UI/AGINFO/BANKSIZEINFO_07_05.(WindowMSButtonShared).xdb,added,,2512,2107-12-31-23-59-56
Universe_mod.pak,UI/AGINFO/BANKSIZEINFO_08_01.(UISSendUIMessage).xdb,added,,496,2107-12-31-23-59-56
Universe_mod.pak,UI/AGINFO/BANKSIZEINFO_08_01.(WindowMSButton).xdb,added,,1842,2107-12-31-23-59-56
Universe_mod.pak,UI/AGINFO/BANKSIZEINFO_08_01.(WindowMSButtonShared).xdb,added,,2499,2107-12-31-23-59-56
Universe_mod.pak,UI/AGINFO/BANKSIZEINFO_08_02.(UISSendUIMessage).xdb,added,,496,2107-12-31-23-59-56
Universe_mod.pak,UI/AGINFO/BANKSIZEINFO_08_02.(WindowMSButton).xdb,added,,1842,2107-12-31-23-59-56
Universe_mod.pak,UI/AGINFO/BANKSIZEINFO_08_02.(WindowMSButtonShared).xdb,added,,2499,2107-12-31-23-59-56
Universe_mod.pak,UI/AGINFO/BANKSIZEINFO_08_03.(UISSendUIMessage).xdb,added,,496,2107-12-31-23-59-56
Universe_mod.pak,UI/AGINFO/BANKSIZEINFO_08_03.(WindowMSButton).xdb,added,,1842,2107-12-31-23-59-56
Universe_mod.pak,UI/AGINFO/BANKSIZEINFO_08_03.(WindowMSButtonShared).xdb,added,,2499,2107-12-31-23-59-56
Universe_mod.pak,UI/AGINFO/BANKSIZEINFO_08_04.(UISSendUIMessage).xdb,added,,496,2107-12-31-23-59-56
Universe_mod.pak,UI/AGINFO/BANKSIZEINFO_08_04.(WindowMSButton).xdb,added,,1842,2107-12-31-23-59-56
Universe_mod.pak,UI/AGINFO/BANKSIZEINFO_08_04.(WindowMSButtonShared).xdb,added,,2499,2107-12-31-23-59-56
Universe_mod.pak,UI/AGINFO/BANKSIZEINFO_09_01.(UISSendUIMessage).xdb,added,,496,2107-12-31-23-59-56
Universe_mod.pak,UI/AGINFO/BANKSIZEINFO_09_01.(WindowMSButton).xdb,added,,1842,2107-12-31-23-59-56
Universe_mod.pak,UI/AGINFO/BANKSIZEINFO_09_01.(WindowMSButtonShared).xdb,added,,2499,2107-12-31-23-59-56
Universe_mod.pak,UI/AGINFO/BANKSIZEINFO_09_02.(UISSendUIMessage).xdb,added,,496,2107-12-31-23-59-56
Universe_mod.pak,UI/AGINFO/BANKSIZEINFO_09_02.(WindowMSButton).xdb,added,,1842,2107-12-31-23-59-56
Universe_mod.pak,UI/AGINFO/BANKSIZEINFO_09_02.(WindowMSButtonShared).xdb,added,,2499,2107-12-31-23-59-56
Universe_mod.pak,UI/AGINFO/BANKSIZEINFO_09_03.(UISSendUIMessage).xdb,added,,496,2107-12-31-23-59-56
Universe_mod.pak,UI/AGINFO/BANKSIZEINFO_09_03.(WindowMSButton).xdb,added,,1842,2107-12-31-23-59-56
Universe_mod.pak,UI/AGINFO/BANKSIZEINFO_09_03.(WindowMSButtonShared).xdb,added,,2499,2107-12-31-23-59-56
Universe_mod.pak,UI/AGINFO/BANKSIZEINFO_10_01.(UISSendUIMessage).xdb,added,,496,2107-12-31-23-59-56
Universe_mod.pak,UI/AGINFO/BANKSIZEINFO_10_01.(WindowMSButton).xdb,added,,1842,2107-12-31-23-59-56
Universe_mod.pak,UI/AGINFO/BANKSIZEINFO_10_01.(WindowMSButtonShared).xdb,added,,2499,2107-12-31-23-59-56
Universe_mod.pak,UI/AGINFO/BANKSIZEINFO_10_02.(UISSendUIMessage).xdb,added,,496,2107-12-31-23-59-56
Universe_mod.pak,UI/AGINFO/BANKSIZEINFO_10_02.(WindowMSButton).xdb,added,,1842,2107-12-31-23-59-56
Universe_mod.pak,UI/AGINFO/BANKSIZEINFO_10_02.(WindowMSButtonShared).xdb,added,,2499,2107-12-31-23-59-56
Universe_mod.pak,UI/AGINFO/BANKSIZEINFO_10_03.(UISSendUIMessage).xdb,added,,496,2107-12-31-23-59-56
Universe_mod.pak,UI/AGINFO/BANKSIZEINFO_10_03.(WindowMSButton).xdb,added,,1842,2107-12-31-23-59-56
Universe_mod.pak,UI/AGINFO/BANKSIZEINFO_10_03.(WindowMSButtonShared).xdb,added,,2499,2107-12-31-23-59-56
Universe_mod.pak,UI/AGINFO/BANKSIZEINFO_11_01.(UISSendUIMessage).xdb,added,,496,2107-12-31-23-59-56
Universe_mod.pak,UI/AGINFO/BANKSIZEINFO_11_01.(WindowMSButton).xdb,added,,1842,2107-12-31-23-59-56
Universe_mod.pak,UI/AGINFO/BANKSIZEINFO_11_01.(WindowMSButtonShared).xdb,added,,2499,2107-12-31-23-59-56
Universe_mod.pak,UI/AGINFO/BANKSIZEINFO_11_02.(UISSendUIMessage).xdb,added,,496,2107-12-31-23-59-56
Universe_mod.pak,UI/AGINFO/BANKSIZEINFO_11_02.(WindowMSButton).xdb,added,,1842,2107-12-31-23-59-56
Universe_mod.pak,UI/AGINFO/BANKSIZEINFO_11_02.(WindowMSButtonShared).xdb,added,,2499,2107-12-31-23-59-56
Universe_mod.pak,UI/AGINFO/BANKSIZEINFO_11_03.(UISSendUIMessage).xdb,added,,496,2107-12-31-23-59-56
Universe_mod.pak,UI/AGINFO/BANKSIZEINFO_11_03.(WindowMSButton).xdb,added,,1842,2107-12-31-23-59-56
Universe_mod.pak,UI/AGINFO/BANKSIZEINFO_11_03.(WindowMSButtonShared).xdb,added,,2499,2107-12-31-23-59-56
Universe_mod.pak,UI/AGINFO/BANKSIZEINFO_11_04.(UISSendUIMessage).xdb,added,,496,2107-12-31-23-59-56
Universe_mod.pak,UI/AGINFO/BANKSIZEINFO_11_04.(WindowMSButton).xdb,added,,1842,2107-12-31-23-59-56
Universe_mod.pak,UI/AGINFO/BANKSIZEINFO_11_04.(WindowMSButtonShared).xdb,added,,2499,2107-12-31-23-59-56
Universe_mod.pak,UI/AGINFO/BANKSIZEINFO_12_01.(UISSendUIMessage).xdb,added,,496,2107-12-31-23-59-56
Universe_mod.pak,UI/AGINFO/BANKSIZEINFO_12_01.(WindowMSButton).xdb,added,,1842,2107-12-31-23-59-56
Universe_mod.pak,UI/AGINFO/BANKSIZEINFO_12_01.(WindowMSButtonShared).xdb,added,,2499,2107-12-31-23-59-56
Universe_mod.pak,UI/AGINFO/BANKSIZEINFO_12_02.(UISSendUIMessage).xdb,added,,496,2107-12-31-23-59-56
Universe_mod.pak,UI/AGINFO/BANKSIZEINFO_12_02.(WindowMSButton).xdb,added,,1842,2107-12-31-23-59-56
Universe_mod.pak,UI/AGINFO/BANKSIZEINFO_12_02.(WindowMSButtonShared).xdb,added,,2499,2107-12-31-23-59-56
Universe_mod.pak,UI/AGINFO/BANKSIZEINFO_12_03.(UISSendUIMessage).xdb,added,,496,2107-12-31-23-59-56
Universe_mod.pak,UI/AGINFO/BANKSIZEINFO_12_03.(WindowMSButton).xdb,added,,1842,2107-12-31-23-59-56
Universe_mod.pak,UI/AGINFO/BANKSIZEINFO_12_03.(WindowMSButtonShared).xdb,added,,2499,2107-12-31-23-59-56
Universe_mod.pak,UI/AGINFO/BANKSIZEINFO_13_01.(UISSendUIMessage).xdb,added,,496,2107-12-31-23-59-56
Universe_mod.pak,UI/AGINFO/BANKSIZEINFO_13_01.(WindowMSButton).xdb,added,,1842,2107-12-31-23-59-56
Universe_mod.pak,UI/AGINFO/BANKSIZEINFO_13_01.(WindowMSButtonShared).xdb,added,,2499,2107-12-31-23-59-56
Universe_mod.pak,UI/AGINFO/BANKSIZEINFO_13_02.(UISSendUIMessage).xdb,added,,496,2107-12-31-23-59-56
Universe_mod.pak,UI/AGINFO/BANKSIZEINFO_13_02.(WindowMSButton).xdb,added,,1842,2107-12-31-23-59-56
Universe_mod.pak,UI/AGINFO/BANKSIZEINFO_13_02.(WindowMSButtonShared).xdb,added,,2499,2107-12-31-23-59-56
Universe_mod.pak,UI/AGINFO/BANKSIZEINFO_13_03.(UISSendUIMessage).xdb,added,,496,2107-12-31-23-59-56
Universe_mod.pak,UI/AGINFO/BANKSIZEINFO_13_03.(WindowMSButton).xdb,added,,1842,2107-12-31-23-59-56
Universe_mod.pak,UI/AGINFO/BANKSIZEINFO_13_03.(WindowMSButtonShared).xdb,added,,2499,2107-12-31-23-59-56
Universe_mod.pak,UI/AGINFO/BANKSIZEINFO_13_04.(UISSendUIMessage).xdb,added,,496,2107-12-31-23-59-56
Universe_mod.pak,UI/AGINFO/BANKSIZEINFO_13_04.(WindowMSButton).xdb,added,,1842,2107-12-31-23-59-56
Universe_mod.pak,UI/AGINFO/BANKSIZEINFO_13_04.(WindowMSButtonShared).xdb,added,,2499,2107-12-31-23-59-56
Universe_mod.pak,UI/AGINFO/BANKSIZEINFO_13_05.(UISSendUIMessage).xdb,added,,496,2107-12-31-23-59-56
Universe_mod.pak,UI/AGINFO/BANKSIZEINFO_13_05.(WindowMSButton).xdb,added,,1842,2107-12-31-23-59-56
Universe_mod.pak,UI/AGINFO/BANKSIZEINFO_13_05.(WindowMSButtonShared).xdb,added,,2499,2107-12-31-23-59-56
Universe_mod.pak,UI/AGINFO/BANKVIEW.(WindowSimple).xdb,added,,1115,2107-12-31-23-59-56
Universe_mod.pak,UI/AGINFO/BANKVIEW10.(WindowSimple).xdb,added,,1118,2107-12-31-23-59-56
Universe_mod.pak,UI/AGINFO/BANKVIEW11.(WindowSimple).xdb,added,,1118,2107-12-31-23-59-56
Universe_mod.pak,UI/AGINFO/BANKVIEW12.(WindowSimple).xdb,added,,1118,2107-12-31-23-59-56
Universe_mod.pak,UI/AGINFO/BANKVIEW13.(WindowSimple).xdb,added,,1118,2107-12-31-23-59-56
Universe_mod.pak,UI/AGINFO/BANKVIEW2.(WindowSimple).xdb,added,,1116,2107-12-31-23-59-56
Universe_mod.pak,UI/AGINFO/BANKVIEW3.(WindowSimple).xdb,added,,1116,2107-12-31-23-59-56
Universe_mod.pak,UI/AGINFO/BANKVIEW4.(WindowSimple).xdb,added,,1116,2107-12-31-23-59-56
Universe_mod.pak,UI/AGINFO/BANKVIEW5.(WindowSimple).xdb,added,,1116,2107-12-31-23-59-56
Universe_mod.pak,UI/AGINFO/BANKVIEW6.(WindowSimple).xdb,added,,1116,2107-12-31-23-59-56
Universe_mod.pak,UI/AGINFO/BANKVIEW7.(WindowSimple).xdb,added,,1116,2107-12-31-23-59-56
Universe_mod.pak,UI/AGINFO/BANKVIEW8.(WindowSimple).xdb,added,,1116,2107-12-31-23-59-56
Universe_mod.pak,UI/AGINFO/BANKVIEW9.(WindowSimple).xdb,added,,1116,2107-12-31-23-59-56
Universe_mod.pak,UI/AGINFO/BANKVIEWOVERLAY.(BackgroundSimpleTexture).xdb,added,,293,2107-12-31-23-59-56
Universe_mod.pak,UI/AGINFO/BANKVIEWOVERLAY.(Texture).dds,added,,670128,2107-12-31-23-59-56
Universe_mod.pak,UI/AGINFO/BANKVIEWOVERLAY.(Texture).xdb,added,,585,2107-12-31-23-59-56
Universe_mod.pak,UI/AGINFO/BUTCLOSE.(UISSendUIMessage).xdb,added,,501,2107-12-31-23-59-56
Universe_mod.pak,UI/AGINFO/BUTOPEN.(UISSendUIMessage).xdb,added,,501,2107-12-31-23-59-56
Universe_mod.pak,UI/AGINFO/CLOSEALLNormal.(BackgroundSimpleTexture).xdb,added,,292,2107-12-31-23-59-56
Universe_mod.pak,UI/AGINFO/CLOSEALLNormal.(Texture).dds,added,,2628,2107-12-31-23-59-56
Universe_mod.pak,UI/AGINFO/CLOSEALLNormal.(Texture).xdb,added,,575,2107-12-31-23-59-56
Universe_mod.pak,UI/AGINFO/CloseALLPUSH.(BackgroundSimpleTexture).xdb,added,,290,2107-12-31-23-59-56
Universe_mod.pak,UI/AGINFO/CloseALLPUSH.(Texture).dds,added,,2628,2107-12-31-23-59-56
Universe_mod.pak,UI/AGINFO/CloseALLPUSH.(Texture).xdb,added,,573,2107-12-31-23-59-56
Universe_mod.pak,UI/AGINFO/DK.(WindowMSButton).xdb,added,,1836,2107-12-31-23-59-56
Universe_mod.pak,UI/AGINFO/emptytext.(Texture).dds,added,,670128,2107-12-31-23-59-56
Universe_mod.pak,UI/AGINFO/emptytext.(Texture).xdb,added,,579,2107-12-31-23-59-56
Universe_mod.pak,UI/AGINFO/EMPTY_TEXT.xdb,added,,287,2107-12-31-23-59-56
Universe_mod.pak,UI/AGINFO/FF.(WindowMSButton).xdb,added,,1836,2107-12-31-23-59-56
Universe_mod.pak,UI/AGINFO/GMAPBUTT.(BackgroundSimpleTexture).xdb,added,,287,2107-12-31-23-59-56
Universe_mod.pak,UI/AGINFO/GMAPBUTT.(Texture).xdb,added,,577,2107-12-31-23-59-56
Universe_mod.pak,UI/AGINFO/gmaphelp.(Texture).dds,added,,3728,2107-12-31-23-59-56
Universe_mod.pak,UI/AGINFO/gmaphelp.(Texture).xdb,added,,578,2107-12-31-23-59-56
Universe_mod.pak,UI/AGINFO/gmaphelppressed.xdb,added,,286,2107-12-31-23-59-56
Universe_mod.pak,UI/AGINFO/gmapnormal.(Texture).dds,added,,6528,2107-12-31-23-59-56
Universe_mod.pak,UI/AGINFO/gmapnormal.(Texture).xdb,added,,579,2107-12-31-23-59-56
Universe_mod.pak,UI/AGINFO/Monk01N.(BackgroundSimpleTexture).xdb,added,,285,2107-12-31-23-59-56
Universe_mod.pak,UI/AGINFO/Monk01N.(Texture).dds,added,,2832,2107-12-31-23-59-56
Universe_mod.pak,UI/AGINFO/Monk01N.(Texture).xdb,added,,572,2107-12-31-23-59-56
Universe_mod.pak,UI/AGINFO/Monk01PUSH.(BackgroundSimpleTexture).xdb,added,,288,2107-12-31-23-59-56
Universe_mod.pak,UI/AGINFO/Monk01PUSH.(Texture).dds,added,,2432,2107-12-31-23-59-56
Universe_mod.pak,UI/AGINFO/Monk01PUSH.(Texture).xdb,added,,576,2107-12-31-23-59-56
Universe_mod.pak,UI/AGINFO/Monk02N.(BackgroundSimpleTexture).xdb,added,,285,2107-12-31-23-59-56
Universe_mod.pak,UI/AGINFO/Monk02N.(Texture).dds,added,,2832,2107-12-31-23-59-56
Universe_mod.pak,UI/AGINFO/Monk02N.(Texture).xdb,added,,572,2107-12-31-23-59-56
Universe_mod.pak,UI/AGINFO/Monk02PUSH.(BackgroundSimpleTexture).xdb,added,,288,2107-12-31-23-59-56
Universe_mod.pak,UI/AGINFO/Monk02PUSH.(Texture).dds,added,,2432,2107-12-31-23-59-56
Universe_mod.pak,UI/AGINFO/Monk02PUSH.(Texture).xdb,added,,576,2107-12-31-23-59-56
Universe_mod.pak,UI/AGINFO/Monk03N.(BackgroundSimpleTexture).xdb,added,,285,2107-12-31-23-59-56
Universe_mod.pak,UI/AGINFO/Monk03N.(Texture).dds,added,,2832,2107-12-31-23-59-56
Universe_mod.pak,UI/AGINFO/Monk03N.(Texture).xdb,added,,572,2107-12-31-23-59-56
Universe_mod.pak,UI/AGINFO/Monk03PUSH.(BackgroundSimpleTexture).xdb,added,,288,2107-12-31-23-59-56
Universe_mod.pak,UI/AGINFO/Monk03PUSH.(Texture).dds,added,,2432,2107-12-31-23-59-56
Universe_mod.pak,UI/AGINFO/Monk03PUSH.(Texture).xdb,added,,576,2107-12-31-23-59-56
Universe_mod.pak,UI/AGINFO/Monk04N.(BackgroundSimpleTexture).xdb,added,,285,2107-12-31-23-59-56
Universe_mod.pak,UI/AGINFO/Monk04N.(Texture).dds,added,,2832,2107-12-31-23-59-56
Universe_mod.pak,UI/AGINFO/Monk04N.(Texture).xdb,added,,572,2107-12-31-23-59-56
Universe_mod.pak,UI/AGINFO/Monk04PUSH.(BackgroundSimpleTexture).xdb,added,,288,2107-12-31-23-59-56
Universe_mod.pak,UI/AGINFO/Monk04PUSH.(Texture).dds,added,,2432,2107-12-31-23-59-56
Universe_mod.pak,UI/AGINFO/Monk04PUSH.(Texture).xdb,added,,576,2107-12-31-23-59-56
Universe_mod.pak,UI/AGINFO/Monk05N.(BackgroundSimpleTexture).xdb,added,,285,2107-12-31-23-59-56
Universe_mod.pak,UI/AGINFO/Monk05N.(Texture).dds,added,,2832,2107-12-31-23-59-56
Universe_mod.pak,UI/AGINFO/Monk05N.(Texture).xdb,added,,572,2107-12-31-23-59-56
Universe_mod.pak,UI/AGINFO/Monk05PUSH.(BackgroundSimpleTexture).xdb,added,,288,2107-12-31-23-59-56
Universe_mod.pak,UI/AGINFO/Monk05PUSH.(Texture).dds,added,,2432,2107-12-31-23-59-56
Universe_mod.pak,UI/AGINFO/Monk05PUSH.(Texture).xdb,added,,576,2107-12-31-23-59-56
Universe_mod.pak,UI/AGINFO/N1.(BackgroundTiledTexture).xdb,added,,2386,2107-12-31-23-59-56
Universe_mod.pak,UI/AGINFO/NA.(WindowMSButton).xdb,added,,1836,2107-12-31-23-59-56
Universe_mod.pak,UI/AGINFO/NE.(WindowMSButton).xdb,added,,1836,2107-12-31-23-59-56
Universe_mod.pak,UI/AGINFO/NEUTRALS.(WindowMSButtonShared).xdb,added,,2324,2107-12-31-23-59-56
Universe_mod.pak,UI/AGINFO/NF.(WindowMSButton).xdb,added,,1836,2107-12-31-23-59-56
Universe_mod.pak,UI/AGINFO/NM.(WindowMSButton).xdb,added,,1835,2107-12-31-23-59-56
Universe_mod.pak,UI/AGINFO/NMNT.(WindowMSButton).xdb,added,,1840,2107-12-31-23-59-56
Universe_mod.pak,UI/AGINFO/NW.(WindowMSButton).xdb,added,,1836,2107-12-31-23-59-56
Universe_mod.pak,UI/AGINFO/NWLF.(WindowMSButton).xdb,added,,1840,2107-12-31-23-59-56
Universe_mod.pak,UI/AGINFO/overbutt.(Texture).dds,added,,3728,2107-12-31-23-59-56
Universe_mod.pak,UI/AGINFO/overbutt.(Texture).xdb,added,,578,2107-12-31-23-59-56
Universe_mod.pak,UI/AGINFO/overbutton.xdb,added,,286,2107-12-31-23-59-56
Universe_mod.pak,UI/AGINFO/OVERLAY.(BackgroundSimpleTexture) (2).xdb,added,,289,2107-12-31-23-59-56
Universe_mod.pak,UI/AGINFO/OVERLAY.(BackgroundSimpleTexture).xdb,added,,292,2107-12-31-23-59-56
Universe_mod.pak,UI/AGINFO/OVERLAY.(Texture) (2).dds,added,,18624,2107-12-31-23-59-56
Universe_mod.pak,UI/AGINFO/OVERLAY.(Texture) (2).xdb,added,,580,2107-12-31-23-59-56
Universe_mod.pak,UI/AGINFO/OVERLAY.(Texture).dds,added,,51204,2107-12-31-23-59-56
Universe_mod.pak,UI/AGINFO/OVERLAY.(Texture).xdb,added,,579,2107-12-31-23-59-56
Universe_mod.pak,UI/AGINFO/OVERLAYTEXTURE.(Texture).dds,added,,51204,2107-12-31-23-59-56
Universe_mod.pak,UI/AGINFO/OVERLAYTEXTURE.(Texture).xdb,added,,586,2107-12-31-23-59-56
Universe_mod.pak,UI/AGINFO/press00.(Texture).dds,added,,3728,2107-12-31-23-59-56
Universe_mod.pak,UI/AGINFO/press00.(Texture).xdb,added,,576,2107-12-31-23-59-56
Universe_mod.pak,UI/AGINFO/pressed.xdb,added,,285,2107-12-31-23-59-56
Universe_mod.pak,UI/AGINFO/UNI01.(WindowMSButton).xdb,added,,1864,2107-12-31-23-59-56
Universe_mod.pak,UI/AGINFO/UNI01.(WindowMSButtonShared).xdb,added,,2504,2107-12-31-23-59-56
Universe_mod.pak,UI/AGINFO/UNI02.(WindowMSButton).xdb,added,,1882,2107-12-31-23-59-56
Universe_mod.pak,UI/AGINFO/UNI02.(WindowMSButtonShared).xdb,added,,2504,2107-12-31-23-59-56
Universe_mod.pak,UI/AGINFO/UNI03.(WindowMSButton).xdb,added,,1885,2107-12-31-23-59-56
Universe_mod.pak,UI/AGINFO/UNI03.(WindowMSButtonShared).xdb,added,,2504,2107-12-31-23-59-56
Universe_mod.pak,UI/AGINFO/UNI04.(WindowMSButton).xdb,added,,1868,2107-12-31-23-59-56
Universe_mod.pak,UI/AGINFO/UNI04.(WindowMSButtonShared).xdb,added,,2504,2107-12-31-23-59-56
Universe_mod.pak,UI/AGINFO/UNI05.(WindowMSButton).xdb,added,,1877,2107-12-31-23-59-56
Universe_mod.pak,UI/AGINFO/UNI05.(WindowMSButtonShared).xdb,added,,2504,2107-12-31-23-59-56
Universe_mod.pak,UI/AGINFO/UNI06.(WindowMSButton).xdb,added,,1878,2107-12-31-23-59-56
Universe_mod.pak,UI/AGINFO/UNI06.(WindowMSButtonShared).xdb,added,,2504,2107-12-31-23-59-56
Universe_mod.pak,UI/AGINFO/UNI07.(WindowMSButton).xdb,added,,1882,2107-12-31-23-59-56
Universe_mod.pak,UI/AGINFO/UNI07.(WindowMSButtonShared).xdb,added,,2504,2107-12-31-23-59-56
Universe_mod.pak,UI/AGINFO/UNI08.(WindowMSButton).xdb,added,,1879,2107-12-31-23-59-56
Universe_mod.pak,UI/AGINFO/UNI08.(WindowMSButtonShared).xdb,added,,2504,2107-12-31-23-59-56
Universe_mod.pak,UI/AGINFO/UNI09.(WindowMSButton).xdb,added,,1869,2107-12-31-23-59-56
Universe_mod.pak,UI/AGINFO/UNI09.(WindowMSButtonShared).xdb,added,,2504,2107-12-31-23-59-56
Universe_mod.pak,UI/AGINFO/UNI10.(WindowMSButton).xdb,added,,1881,2107-12-31-23-59-56
Universe_mod.pak,UI/AGINFO/UNI10.(WindowMSButtonShared).xdb,added,,2505,2107-12-31-23-59-56
Universe_mod.pak,UI/AGINFO/UNI11.(WindowMSButton).xdb,added,,1879,2107-12-31-23-59-56
Universe_mod.pak,UI/AGINFO/UNI11.(WindowMSButtonShared).xdb,added,,2505,2107-12-31-23-59-56
Universe_mod.pak,UI/AGINFO/UNI12.(WindowMSButton).xdb,added,,1879,2107-12-31-23-59-56
Universe_mod.pak,UI/AGINFO/UNI12.(WindowMSButtonShared).xdb,added,,2505,2107-12-31-23-59-56
Universe_mod.pak,UI/AGINFO/UNI13.(WindowMSButton).xdb,added,,1873,2107-12-31-23-59-56
Universe_mod.pak,UI/AGINFO/UNI13.(WindowMSButtonShared).xdb,added,,2505,2107-12-31-23-59-56
Universe_mod.pak,UI/AGINFO/UNI14.(WindowMSButton).xdb,added,,1889,2107-12-31-23-59-56
Universe_mod.pak,UI/AGINFO/UNI14.(WindowMSButtonShared).xdb,added,,2446,2107-12-31-23-59-56
Universe_mod.pak,UI/AGINFO/UNI15.(WindowMSButton).xdb,added,,1885,2107-12-31-23-59-56
Universe_mod.pak,UI/AGINFO/UNI15.(WindowMSButtonShared).xdb,added,,2446,2107-12-31-23-59-56
Universe_mod.pak,UI/AGINFO/UNI16.(WindowMSButton).xdb,added,,1887,2107-12-31-23-59-56
Universe_mod.pak,UI/AGINFO/UNI16.(WindowMSButtonShared).xdb,added,,2446,2107-12-31-23-59-56
Universe_mod.pak,UI/AGINFO/UNI17.(WindowMSButton).xdb,added,,1895,2107-12-31-23-59-56
Universe_mod.pak,UI/AGINFO/UNI17.(WindowMSButtonShared).xdb,added,,2446,2107-12-31-23-59-56
Universe_mod.pak,UI/AGINFO/UNIBANKS_01_01.(WindowTextView).xdb,added,,1262,2107-12-31-23-59-56
Universe_mod.pak,UI/AGINFO/UNIBANKS_01_01.(WindowTextViewShared).xdb,added,,1110,2107-12-31-23-59-56
Universe_mod.pak,UI/AGINFO/UNIBANKS_01_02.(WindowTextView).xdb,added,,1270,2107-12-31-23-59-56
Universe_mod.pak,UI/AGINFO/UNIBANKS_01_03.(WindowTextView).xdb,added,,1270,2107-12-31-23-59-56
Universe_mod.pak,UI/AGINFO/UNIBANKS_01_04.(WindowTextView).xdb,added,,1270,2107-12-31-23-59-56
Universe_mod.pak,UI/AGINFO/UNIBANKS_02_01.(WindowTextView).xdb,added,,1270,2107-12-31-23-59-56
Universe_mod.pak,UI/AGINFO/UNIBANKS_02_02.(WindowTextView).xdb,added,,1270,2107-12-31-23-59-56
Universe_mod.pak,UI/AGINFO/UNIBANKS_02_03.(WindowTextView).xdb,added,,1270,2107-12-31-23-59-56
Universe_mod.pak,UI/AGINFO/UNIBANKS_02_04.(WindowTextView).xdb,added,,1270,2107-12-31-23-59-56
Universe_mod.pak,UI/AGINFO/UNIBANKS_03_01.(WindowTextView).xdb,added,,1270,2107-12-31-23-59-56
Universe_mod.pak,UI/AGINFO/UNIBANKS_03_02.(WindowTextView).xdb,added,,1270,2107-12-31-23-59-56
Universe_mod.pak,UI/AGINFO/UNIBANKS_03_03.(WindowTextView).xdb,added,,1270,2107-12-31-23-59-56
Universe_mod.pak,UI/AGINFO/UNIBANKS_03_04.(WindowTextView).xdb,added,,1270,2107-12-31-23-59-56
Universe_mod.pak,UI/AGINFO/UNIBANKS_04_01.(WindowTextView).xdb,added,,1270,2107-12-31-23-59-56
Universe_mod.pak,UI/AGINFO/UNIBANKS_04_02.(WindowTextView).xdb,added,,1270,2107-12-31-23-59-56
Universe_mod.pak,UI/AGINFO/UNIBANKS_04_03.(WindowTextView).xdb,added,,1270,2107-12-31-23-59-56
Universe_mod.pak,UI/AGINFO/UNIBANKS_05_01.(WindowTextView).xdb,added,,1270,2107-12-31-23-59-56
Universe_mod.pak,UI/AGINFO/UNIBANKS_05_02.(WindowTextView).xdb,added,,1270,2107-12-31-23-59-56
Universe_mod.pak,UI/AGINFO/UNIBANKS_05_03.(WindowTextView).xdb,added,,1270,2107-12-31-23-59-56
Universe_mod.pak,UI/AGINFO/UNIBANKS_05_04.(WindowTextView).xdb,added,,1270,2107-12-31-23-59-56
Universe_mod.pak,UI/AGINFO/UNIBANKS_06_01.(WindowTextView).xdb,added,,1270,2107-12-31-23-59-56
Universe_mod.pak,UI/AGINFO/UNIBANKS_06_02.(WindowTextView).xdb,added,,1270,2107-12-31-23-59-56
Universe_mod.pak,UI/AGINFO/UNIBANKS_06_03.(WindowTextView).xdb,added,,1270,2107-12-31-23-59-56
Universe_mod.pak,UI/AGINFO/UNIBANKS_06_04.(WindowTextView).xdb,added,,1270,2107-12-31-23-59-56
Universe_mod.pak,UI/AGINFO/UNIBANKS_07_01.(WindowTextView).xdb,added,,1270,2107-12-31-23-59-56
Universe_mod.pak,UI/AGINFO/UNIBANKS_07_02.(WindowTextView).xdb,added,,1270,2107-12-31-23-59-56
Universe_mod.pak,UI/AGINFO/UNIBANKS_07_03.(WindowTextView).xdb,added,,1270,2107-12-31-23-59-56
Universe_mod.pak,UI/AGINFO/UNIBANKS_07_04.(WindowTextView).xdb,added,,1270,2107-12-31-23-59-56
Universe_mod.pak,UI/AGINFO/UNIBANKS_07_05.(WindowTextView).xdb,added,,1270,2107-12-31-23-59-56
Universe_mod.pak,UI/AGINFO/UNIBANKS_08_01.(WindowTextView).xdb,added,,1270,2107-12-31-23-59-56
Universe_mod.pak,UI/AGINFO/UNIBANKS_08_02.(WindowTextView).xdb,added,,1270,2107-12-31-23-59-56
Universe_mod.pak,UI/AGINFO/UNIBANKS_08_03.(WindowTextView).xdb,added,,1270,2107-12-31-23-59-56
Universe_mod.pak,UI/AGINFO/UNIBANKS_08_04.(WindowTextView).xdb,added,,1270,2107-12-31-23-59-56
Universe_mod.pak,UI/AGINFO/UNIBANKS_09_01.(WindowTextView).xdb,added,,1270,2107-12-31-23-59-56
Universe_mod.pak,UI/AGINFO/UNIBANKS_09_02.(WindowTextView).xdb,added,,1270,2107-12-31-23-59-56
Universe_mod.pak,UI/AGINFO/UNIBANKS_09_03.(WindowTextView).xdb,added,,1270,2107-12-31-23-59-56
Universe_mod.pak,UI/AGINFO/UNIBANKS_10_01.(WindowTextView).xdb,added,,1270,2107-12-31-23-59-56
Universe_mod.pak,UI/AGINFO/UNIBANKS_10_02.(WindowTextView).xdb,added,,1270,2107-12-31-23-59-56
Universe_mod.pak,UI/AGINFO/UNIBANKS_10_03.(WindowTextView).xdb,added,,1270,2107-12-31-23-59-56
Universe_mod.pak,UI/AGINFO/UNIBANKS_11_01.(WindowTextView).xdb,added,,1270,2107-12-31-23-59-56
Universe_mod.pak,UI/AGINFO/UNIBANKS_11_02.(WindowTextView).xdb,added,,1270,2107-12-31-23-59-56
Universe_mod.pak,UI/AGINFO/UNIBANKS_11_03.(WindowTextView).xdb,added,,1270,2107-12-31-23-59-56
Universe_mod.pak,UI/AGINFO/UNIBANKS_11_04.(WindowTextView).xdb,added,,1270,2107-12-31-23-59-56
Universe_mod.pak,UI/AGINFO/UNIBANKS_12_01.(WindowTextView).xdb,added,,1270,2107-12-31-23-59-56
Universe_mod.pak,UI/AGINFO/UNIBANKS_12_02.(WindowTextView).xdb,added,,1270,2107-12-31-23-59-56
Universe_mod.pak,UI/AGINFO/UNIBANKS_12_03.(WindowTextView).xdb,added,,1270,2107-12-31-23-59-56
Universe_mod.pak,UI/AGINFO/UNIBANKS_13_01.(WindowTextView).xdb,added,,1270,2107-12-31-23-59-56
Universe_mod.pak,UI/AGINFO/UNIBANKS_13_02.(WindowTextView).xdb,added,,1270,2107-12-31-23-59-56
Universe_mod.pak,UI/AGINFO/UNIBANKS_13_03.(WindowTextView).xdb,added,,1270,2107-12-31-23-59-56
Universe_mod.pak,UI/AGINFO/UNIBANKS_13_04.(WindowTextView).xdb,added,,1270,2107-12-31-23-59-56
Universe_mod.pak,UI/AGINFO/UNIBANKS_13_05.(WindowTextView).xdb,added,,1270,2107-12-31-23-59-56
Universe_mod.pak,UI/AGINFO/UNINORMAL.(Texture).dds,added,,3728,2107-12-31-23-59-56
Universe_mod.pak,UI/AGINFO/UNINORMAL.(Texture).xdb,added,,571,2107-12-31-23-59-56
Universe_mod.pak,UI/AGINFO/UniverseAGInfo.(WindowMSButton).xdb,added,,1345,2107-12-31-23-59-56
Universe_mod.pak,UI/AGINFO/UniverseAGInfo.(WindowMSButtonShared).xdb,added,,996,2107-12-31-23-59-56
Universe_mod.pak,UI/AGINFO/UNIVERSEQUESTION_01.(BackgroundSimpleTexture).xdb,added,,297,2107-12-31-23-59-56
Universe_mod.pak,UI/AGINFO/UNIVERSEQUESTION_01.(Texture).dds,added,,1028,2107-12-31-23-59-56
Universe_mod.pak,UI/AGINFO/UNIVERSEQUESTION_01.(Texture).xdb,added,,589,2107-12-31-23-59-56
Universe_mod.pak,UI/AGINFO/UNIVERSEQUESTION_02.(BackgroundSimpleTexture).xdb,added,,297,2107-12-31-23-59-56
Universe_mod.pak,UI/AGINFO/UNIVERSEQUESTION_02.(Texture).dds,added,,804,2107-12-31-23-59-56
Universe_mod.pak,UI/AGINFO/UNIVERSEQUESTION_02.(Texture).xdb,added,,587,2107-12-31-23-59-56
Universe_mod.pak,UI/AGINFO/X1T1G0.(WindowMSButton).xdb,added,,1842,2107-12-31-23-59-56
Universe_mod.pak,UI/AGINFO/X1T1G0.(WindowMSButtonShared) (2).xdb,added,,2414,2107-12-31-23-59-56
Universe_mod.pak,UI/AGINFO/X1T1G0.(WindowMSButtonShared).xdb,added,,2504,2107-12-31-23-59-56
Universe_mod.pak,UI/AGINFO/X1T1G1.(WindowMSButton).xdb,added,,1843,2107-12-31-23-59-56
Universe_mod.pak,UI/AGINFO/X1T1G1.(WindowMSButtonShared).xdb,added,,2504,2107-12-31-23-59-56
Universe_mod.pak,UI/AGINFO/X1T1G2.(WindowMSButton).xdb,added,,1843,2107-12-31-23-59-56
Universe_mod.pak,UI/AGINFO/X1T1G2.(WindowMSButtonShared).xdb,added,,2504,2107-12-31-23-59-56
Universe_mod.pak,UI/AGINFO/X1T2G0.(WindowMSButton).xdb,added,,1844,2107-12-31-23-59-56
Universe_mod.pak,UI/AGINFO/X1T2G0.(WindowMSButtonShared).xdb,added,,2504,2107-12-31-23-59-56
Universe_mod.pak,UI/AGINFO/X1T2G1.(WindowMSButton).xdb,added,,1843,2107-12-31-23-59-56
Universe_mod.pak,UI/AGINFO/X1T2G1.(WindowMSButtonShared).xdb,added,,2504,2107-12-31-23-59-56
Universe_mod.pak,UI/AGINFO/X1T2G2.(WindowMSButton).xdb,added,,1843,2107-12-31-23-59-56
Universe_mod.pak,UI/AGINFO/X1T2G2.(WindowMSButtonShared).xdb,added,,2504,2107-12-31-23-59-56
Universe_mod.pak,UI/AGINFO/X1T3G0.(WindowMSButton).xdb,added,,1844,2107-12-31-23-59-56
Universe_mod.pak,UI/AGINFO/X1T3G0.(WindowMSButtonShared).xdb,added,,2504,2107-12-31-23-59-56
Universe_mod.pak,UI/AGINFO/X1T3G1.(WindowMSButton).xdb,added,,1844,2107-12-31-23-59-56
Universe_mod.pak,UI/AGINFO/X1T3G1.(WindowMSButtonShared).xdb,added,,2504,2107-12-31-23-59-56
Universe_mod.pak,UI/AGINFO/X1T3G2.(WindowMSButton).xdb,added,,1843,2107-12-31-23-59-56
Universe_mod.pak,UI/AGINFO/X1T3G2.(WindowMSButtonShared).xdb,added,,2504,2107-12-31-23-59-56
Universe_mod.pak,UI/AGINFO/X1T41G0.(WindowMSButtonShared).xdb,added,,2504,2107-12-31-23-59-56
Universe_mod.pak,UI/AGINFO/X1T4G0.(WindowMSButton).xdb,added,,1846,2107-12-31-23-59-56
Universe_mod.pak,UI/AGINFO/X1T4G1.(WindowMSButton).xdb,added,,1844,2107-12-31-23-59-56
Universe_mod.pak,UI/AGINFO/X1T4G1.(WindowMSButtonShared).xdb,added,,2505,2107-12-31-23-59-56
Universe_mod.pak,UI/AGINFO/X1T4G2.(WindowMSButton).xdb,added,,1843,2107-12-31-23-59-56
Universe_mod.pak,UI/AGINFO/X1T4G2.(WindowMSButtonShared).xdb,added,,2505,2107-12-31-23-59-56
Universe_mod.pak,UI/AGINFO/X1T5G0.(WindowMSButton).xdb,added,,1844,2107-12-31-23-59-56
Universe_mod.pak,UI/AGINFO/X1T5G0.(WindowMSButtonShared).xdb,added,,2505,2107-12-31-23-59-56
Universe_mod.pak,UI/AGINFO/X1T5G1.(WindowMSButton).xdb,added,,1844,2107-12-31-23-59-56
Universe_mod.pak,UI/AGINFO/X1T5G1.(WindowMSButtonShared).xdb,added,,2505,2107-12-31-23-59-56
Universe_mod.pak,UI/AGINFO/X1T5G2.(WindowMSButton).xdb,added,,1846,2107-12-31-23-59-56
Universe_mod.pak,UI/AGINFO/X1T5G2.(WindowMSButtonShared).xdb,added,,2505,2107-12-31-23-59-56
Universe_mod.pak,UI/AGINFO/X1T61G0.(WindowMSButtonShared).xdb,added,,2504,2107-12-31-23-59-56
Universe_mod.pak,UI/AGINFO/X1T61G1.(WindowMSButtonShared).xdb,added,,2504,2107-12-31-23-59-56
Universe_mod.pak,UI/AGINFO/X1T6G0.(WindowMSButton).xdb,added,,1846,2107-12-31-23-59-56
Universe_mod.pak,UI/AGINFO/X1T6G1.(WindowMSButton).xdb,added,,1846,2107-12-31-23-59-56
Universe_mod.pak,UI/CombatArena-Heavy/LogHider.(WindowMSButton).xdb,changed,data.pak,2996,2107-12-31-23-59-56
Universe_mod.pak,UI/CombatArena-Heavy/ATBBar/ATBBar.(BackgroundTiledTexture).xdb,added,,2282,2107-12-31-23-59-56
Universe_mod.pak,UI/CombatArena-Heavy/ATBBar/ATBBar.(WindowSimple).xdb,changed,a2p1-data.pak,1161,2107-12-31-23-59-56
Universe_mod.pak,UI/CombatArena-Heavy/ATBBar/ATBBar.(WindowSimpleShared).xdb,changed,data.pak,1424,2107-12-31-23-59-56
Universe_mod.pak,UI/CombatArena-Heavy/ATBBar/IconPrototype.(WindowSimpleShared).xdb,changed,data.pak,1744,2107-12-31-23-59-56
Universe_mod.pak,UI/CombatArena-Heavy/ATBBar/IconView.(WindowSimple).xdb,changed,data.pak,1300,2107-12-31-23-59-56
Universe_mod.pak,UI/CombatArena-Heavy/ATBBar/IconViewPlaceholder.(WindowSimple).xdb,changed,data.pak,1098,2107-12-31-23-59-56
Universe_mod.pak,UI/CombatArena-Heavy/ATBBar/Icon_ATBPosition.(WindowTextView).xdb,added,,1238,2107-12-31-23-59-56
Universe_mod.pak,UI/CombatArena-Heavy/CombatLog/Border.(WindowSimpleShared).xdb,changed,data.pak,900,2107-12-31-23-59-56
Universe_mod.pak,UI/CombatArena-Heavy/CombatLog/CombatLog.(WindowSimple).xdb,changed,a2p1-data.pak,1394,2107-12-31-23-59-56
Universe_mod.pak,UI/CombatArena-Heavy/CombatLog/CombatLog.(WindowSimpleShared).xdb,changed,data.pak,1171,2107-12-31-23-59-56
Universe_mod.pak,UI/CombatArena-Heavy/CombatLog/CombatLog1.(BackgroundTiledTexture).xdb,added,,2301,2107-12-31-23-59-56
Universe_mod.pak,UI/CombatArena-Heavy/CombatLog/CombatLog1.dds,added,,524416,2107-12-31-23-59-56
Universe_mod.pak,UI/CombatArena-Heavy/CombatLog/CombatLog1.xdb,added,,579,2107-12-31-23-59-56
Universe_mod.pak,UI/CombatArena-Heavy/CombatLog/ScrollBar.(WindowScrollBar).xdb,changed,data.pak,1225,2107-12-31-23-59-56
Universe_mod.pak,UI/CombatArena-Heavy/CombatLog/TextContainer.(WindowScrollableContainer).xdb,changed,data.pak,1294,2107-12-31-23-59-56
Universe_mod.pak,UI/CombatArena-Heavy/CombatLog/TextContainer.(WindowScrollableContainerShared).xdb,changed,data.pak,1157,2107-12-31-23-59-56
Universe_mod.pak,UI/CombatArena-Heavy/CombatLog/TextLog.(WindowTextView).xdb,changed,data.pak,1222,2107-12-31-23-59-56
Universe_mod.pak,UI/CombatArena-Heavy/CombatLog/TextLog.(WindowTextViewShared).xdb,changed,data.pak,993,2107-12-31-23-59-56
Universe_mod.pak,UI/CombatScreen-Heavy/ATBBar/ScrollRight.(WindowMSButton).xdb,changed,data.pak,1808,2107-12-31-23-59-56
Universe_mod.pak,UI/Common/RmgUniMenu.(BackgroundSimpleTexture).xdb,added,,288,2107-12-31-23-59-56
Universe_mod.pak,UI/Common/RmgUniMenu.(Texture).dds,added,,25968,2107-12-31-23-59-56
Universe_mod.pak,UI/Common/RmgUniMenu.(Texture).xdb,added,,591,2107-12-31-23-59-56
Universe_mod.pak,UI/Common/RmgUniMenuPush.(BackgroundSimpleTexture).xdb,added,,292,2107-12-31-23-59-56
Universe_mod.pak,UI/Common/RmgUniMenuPush.(Texture).dds,added,,25968,2107-12-31-23-59-56
Universe_mod.pak,UI/Common/RmgUniMenuPush.(Texture).xdb,added,,595,2107-12-31-23-59-56
Universe_mod.pak,UI/Common/UniverseMenuButton.(WindowMSButtonShared).xdb,added,,2623,2107-12-31-23-59-56
Universe_mod.pak,UI/CRINFO/BUTCLOSE.(UISSendUIMessage).xdb,added,,508,2107-12-31-23-59-56
Universe_mod.pak,UI/CRINFO/BUTOPEN.(UISSendUIMessage).xdb,added,,508,2107-12-31-23-59-56
Universe_mod.pak,UI/CRINFO/CR700.(BackgroundSimpleTexture).xdb,added,,283,2107-12-31-23-59-56
Universe_mod.pak,UI/CRINFO/CR700.(Texture).dds,added,,1960128,2107-12-31-23-59-56
Universe_mod.pak,UI/CRINFO/CR700.(Texture).xdb,added,,580,2107-12-31-23-59-56
Universe_mod.pak,UI/CRINFO/CRBUT.(WindowMSButtonShared).xdb,added,,4057,2107-12-31-23-59-56
Universe_mod.pak,UI/CRINFO/CRBUTTON.(WindowMSButton).xdb,added,,2499,2107-12-31-23-59-56
Universe_mod.pak,UI/CRINFO/CrText.(WindowTextViewShared).xdb,added,,1020,2107-12-31-23-59-56
Universe_mod.pak,UI/CRINFO/CRWINDOW.(WindowSimple).xdb,added,,1116,2107-12-31-23-59-56
Universe_mod.pak,UI/CRINFO/CRWINDOW.(WindowSimpleShared).xdb,added,,13890,2107-12-31-23-59-56
Universe_mod.pak,UI/CRINFO/CR_Text.(WindowTextView).xdb,added,,1252,2107-12-31-23-59-56
Universe_mod.pak,UI/CRINFO/CR_UNI_CLOSE_ALL.(UISSendUIMessage).xdb,added,,508,2107-12-31-23-59-56
Universe_mod.pak,UI/CRINFO/CR_UNI_CLOSE_ALL.(WindowMSButton).xdb,added,,2524,2107-12-31-23-59-56
Universe_mod.pak,UI/CRINFO/CR_UNI_CLOSE_ALL.(WindowMSButtonShared).xdb,added,,3758,2107-12-31-23-59-56
Universe_mod.pak,UI/CRINFO/DisabledCR.(BackgroundSimpleTexture).xdb,added,,288,2107-12-31-23-59-56
Universe_mod.pak,UI/CRINFO/DisabledCR.(BackgroundTiledTexture).xdb,added,,2386,2107-12-31-23-59-56
Universe_mod.pak,UI/CRINFO/DisabledCR.(Texture).dds,added,,3728,2107-12-31-23-59-56
Universe_mod.pak,UI/CRINFO/DisabledCR.(Texture).xdb,added,,579,2107-12-31-23-59-56
Universe_mod.pak,UI/CRINFO/DK.(WindowMSButton).xdb,added,,1836,2107-12-31-23-59-56
Universe_mod.pak,UI/CRINFO/FF.(WindowMSButton).xdb,added,,1836,2107-12-31-23-59-56
Universe_mod.pak,UI/CRINFO/GMAPBUTT.(BackgroundSimpleTexture).xdb,added,,287,2107-12-31-23-59-56
Universe_mod.pak,UI/CRINFO/GMAPBUTT.(Texture).xdb,added,,577,2107-12-31-23-59-56
Universe_mod.pak,UI/CRINFO/gmaphelp.(Texture).dds,added,,3728,2107-12-31-23-59-56
Universe_mod.pak,UI/CRINFO/gmaphelp.(Texture).xdb,added,,577,2107-12-31-23-59-56
Universe_mod.pak,UI/CRINFO/gmaphelppressed.xdb,added,,286,2107-12-31-23-59-56
Universe_mod.pak,UI/CRINFO/gmapnormal.(Texture).dds,added,,6528,2107-12-31-23-59-56
Universe_mod.pak,UI/CRINFO/gmapnormal.(Texture).xdb,added,,579,2107-12-31-23-59-56
Universe_mod.pak,UI/CRINFO/NA.(WindowMSButton).xdb,added,,1836,2107-12-31-23-59-56
Universe_mod.pak,UI/CRINFO/NE.(WindowMSButton).xdb,added,,1836,2107-12-31-23-59-56
Universe_mod.pak,UI/CRINFO/NEUTRALS.(WindowMSButtonShared).xdb,added,,2324,2107-12-31-23-59-56
Universe_mod.pak,UI/CRINFO/NF.(WindowMSButton).xdb,added,,1836,2107-12-31-23-59-56
Universe_mod.pak,UI/CRINFO/NM.(WindowMSButton).xdb,added,,1835,2107-12-31-23-59-56
Universe_mod.pak,UI/CRINFO/NMNT.(WindowMSButton).xdb,added,,1840,2107-12-31-23-59-56
Universe_mod.pak,UI/CRINFO/NW.(WindowMSButton).xdb,added,,1836,2107-12-31-23-59-56
Universe_mod.pak,UI/CRINFO/NWLF.(WindowMSButton).xdb,added,,1840,2107-12-31-23-59-56
Universe_mod.pak,UI/CRINFO/overbutt.(Texture).dds,added,,3728,2107-12-31-23-59-56
Universe_mod.pak,UI/CRINFO/overbutt.(Texture).xdb,added,,575,2107-12-31-23-59-56
Universe_mod.pak,UI/CRINFO/overbutton.xdb,added,,286,2107-12-31-23-59-56
Universe_mod.pak,UI/CRINFO/OVERLAY.(BackgroundSimpleTexture).xdb,added,,285,2107-12-31-23-59-56
Universe_mod.pak,UI/CRINFO/OVERLAY.(Texture).dds,added,,5312,2107-12-31-23-59-56
Universe_mod.pak,UI/CRINFO/OVERLAY.(Texture).xdb,added,,575,2107-12-31-23-59-56
Universe_mod.pak,UI/CRINFO/press00.(Texture).dds,added,,3728,2107-12-31-23-59-56
Universe_mod.pak,UI/CRINFO/press00.(Texture).xdb,added,,576,2107-12-31-23-59-56
Universe_mod.pak,UI/CRINFO/pressed.xdb,added,,285,2107-12-31-23-59-56
Universe_mod.pak,UI/CRINFO/UNINORMAL.(Texture).dds,added,,3728,2107-12-31-23-59-56
Universe_mod.pak,UI/CRINFO/UNINORMAL.(Texture).xdb,added,,570,2107-12-31-23-59-56
Universe_mod.pak,UI/CRINFO/Uni_Cr_Norm.(BackgroundSimpleTexture).xdb,added,,289,2107-12-31-23-59-56
Universe_mod.pak,UI/CRINFO/Uni_Cr_Norm.(Texture).dds,added,,3728,2107-12-31-23-59-56
Universe_mod.pak,UI/CRINFO/Uni_Cr_Norm.(Texture).xdb,added,,581,2107-12-31-23-59-56
Universe_mod.pak,UI/CRINFO/Uni_Cr_Over.(BackgroundSimpleTexture).xdb,added,,289,2107-12-31-23-59-56
Universe_mod.pak,UI/CRINFO/Uni_Cr_Over.(Texture).dds,added,,3728,2107-12-31-23-59-56
Universe_mod.pak,UI/CRINFO/Uni_Cr_Over.(Texture).xdb,added,,579,2107-12-31-23-59-56
Universe_mod.pak,UI/CRINFO/Uni_Cr_Push.(BackgroundSimpleTexture).xdb,added,,289,2107-12-31-23-59-56
Universe_mod.pak,UI/CRINFO/Uni_Cr_Push.(Texture).dds,added,,3728,2107-12-31-23-59-56
Universe_mod.pak,UI/CRINFO/Uni_Cr_Push.(Texture).xdb,added,,581,2107-12-31-23-59-56
Universe_mod.pak,UI/CRINFO/X1T1G0.(WindowMSButton).xdb,added,,1840,2107-12-31-23-59-56
Universe_mod.pak,UI/CRINFO/X1T1G0.(WindowMSButtonShared).xdb,added,,2404,2107-12-31-23-59-56
Universe_mod.pak,UI/CRINFO/X1T1G1.(WindowMSButton).xdb,added,,1840,2107-12-31-23-59-56
Universe_mod.pak,UI/CRINFO/X1T1G2.(WindowMSButton).xdb,added,,1841,2107-12-31-23-59-56
Universe_mod.pak,UI/CRINFO/X1T2G0.(WindowMSButton).xdb,added,,1840,2107-12-31-23-59-56
Universe_mod.pak,UI/CRINFO/X1T2G1.(WindowMSButton).xdb,added,,1840,2107-12-31-23-59-56
Universe_mod.pak,UI/CRINFO/X1T2G2.(WindowMSButton).xdb,added,,1841,2107-12-31-23-59-56
Universe_mod.pak,UI/CRINFO/X1T3G0.(WindowMSButton).xdb,added,,1841,2107-12-31-23-59-56
Universe_mod.pak,UI/CRINFO/X1T3G1.(WindowMSButton).xdb,added,,1841,2107-12-31-23-59-56
Universe_mod.pak,UI/CRINFO/X1T3G2.(WindowMSButton).xdb,added,,1842,2107-12-31-23-59-56
Universe_mod.pak,UI/CRINFO/X1T4G0.(WindowMSButton).xdb,added,,1841,2107-12-31-23-59-56
Universe_mod.pak,UI/CRINFO/X1T4G1.(WindowMSButton).xdb,added,,1841,2107-12-31-23-59-56
Universe_mod.pak,UI/CRINFO/X1T4G2.(WindowMSButton).xdb,added,,1842,2107-12-31-23-59-56
Universe_mod.pak,UI/CRINFO/X1T5G0.(WindowMSButton).xdb,added,,1841,2107-12-31-23-59-56
Universe_mod.pak,UI/CRINFO/X1T5G1.(WindowMSButton).xdb,added,,1841,2107-12-31-23-59-56
Universe_mod.pak,UI/CRINFO/X1T5G2.(WindowMSButton).xdb,added,,1842,2107-12-31-23-59-56
Universe_mod.pak,UI/CRINFO/X1T6G0.(WindowMSButton).xdb,added,,1841,2107-12-31-23-59-56
Universe_mod.pak,UI/CRINFO/X1T6G1.(WindowMSButton).xdb,added,,1841,2107-12-31-23-59-56
Universe_mod.pak,UI/CRINFO/X1T6G2.(WindowMSButton).xdb,added,,1842,2107-12-31-23-59-56
Universe_mod.pak,UI/CRINFO/X1T7G0.(WindowMSButton).xdb,added,,1841,2107-12-31-23-59-56
Universe_mod.pak,UI/CRINFO/X1T7G1.(WindowMSButton).xdb,added,,1841,2107-12-31-23-59-56
Universe_mod.pak,UI/CRINFO/X1T7G2.(WindowMSButton).xdb,added,,1842,2107-12-31-23-59-56
Universe_mod.pak,UI/CRINFO/X2T1G0.(WindowMSButton).xdb,added,,1841,2107-12-31-23-59-56
Universe_mod.pak,UI/CRINFO/X2T1G1.(WindowMSButton).xdb,added,,1841,2107-12-31-23-59-56
Universe_mod.pak,UI/CRINFO/X2T1G2.(WindowMSButton).xdb,added,,1841,2107-12-31-23-59-56
Universe_mod.pak,UI/CRINFO/X2T2G0.(WindowMSButton).xdb,added,,1841,2107-12-31-23-59-56
Universe_mod.pak,UI/CRINFO/X2T2G1.(WindowMSButton).xdb,added,,1841,2107-12-31-23-59-56
Universe_mod.pak,UI/CRINFO/X2T2G2.(WindowMSButton).xdb,added,,1841,2107-12-31-23-59-56
Universe_mod.pak,UI/CRINFO/X2T3G0.(WindowMSButton).xdb,added,,1842,2107-12-31-23-59-56
Universe_mod.pak,UI/CRINFO/X2T3G1.(WindowMSButton).xdb,added,,1842,2107-12-31-23-59-56
Universe_mod.pak,UI/CRINFO/X2T3G2.(WindowMSButton).xdb,added,,1842,2107-12-31-23-59-56
Universe_mod.pak,UI/CRINFO/X2T4G0.(WindowMSButton).xdb,added,,1842,2107-12-31-23-59-56
Universe_mod.pak,UI/CRINFO/X2T4G1.(WindowMSButton).xdb,added,,1842,2107-12-31-23-59-56
Universe_mod.pak,UI/CRINFO/X2T4G2.(WindowMSButton).xdb,added,,1842,2107-12-31-23-59-56
Universe_mod.pak,UI/CRINFO/X2T5G0.(WindowMSButton).xdb,added,,1842,2107-12-31-23-59-56
Universe_mod.pak,UI/CRINFO/X2T5G1.(WindowMSButton).xdb,added,,1842,2107-12-31-23-59-56
Universe_mod.pak,UI/CRINFO/X2T5G2.(WindowMSButton).xdb,added,,1842,2107-12-31-23-59-56
Universe_mod.pak,UI/CRINFO/X2T6G0.(WindowMSButton).xdb,added,,1842,2107-12-31-23-59-56
Universe_mod.pak,UI/CRINFO/X2T6G1.(WindowMSButton).xdb,added,,1842,2107-12-31-23-59-56
Universe_mod.pak,UI/CRINFO/X2T6G2.(WindowMSButton).xdb,added,,1842,2107-12-31-23-59-56
Universe_mod.pak,UI/CRINFO/X2T7G0.(WindowMSButton).xdb,added,,1842,2107-12-31-23-59-56
Universe_mod.pak,UI/CRINFO/X2T7G1.(WindowMSButton).xdb,added,,1842,2107-12-31-23-59-56
Universe_mod.pak,UI/CRINFO/X2T7G2.(WindowMSButton).xdb,added,,1842,2107-12-31-23-59-56
Universe_mod.pak,UI/CRINFO/X3T1G0.(WindowMSButton).xdb,added,,1841,2107-12-31-23-59-56
Universe_mod.pak,UI/CRINFO/X3T1G1.(WindowMSButton).xdb,added,,1841,2107-12-31-23-59-56
Universe_mod.pak,UI/CRINFO/X3T1G2.(WindowMSButton).xdb,added,,1841,2107-12-31-23-59-56
Universe_mod.pak,UI/CRINFO/X3T2G0.(WindowMSButton).xdb,added,,1841,2107-12-31-23-59-56
Universe_mod.pak,UI/CRINFO/X3T2G1.(WindowMSButton).xdb,added,,1841,2107-12-31-23-59-56
Universe_mod.pak,UI/CRINFO/X3T2G2.(WindowMSButton).xdb,added,,1841,2107-12-31-23-59-56
Universe_mod.pak,UI/CRINFO/X3T3G0.(WindowMSButton).xdb,added,,1842,2107-12-31-23-59-56
Universe_mod.pak,UI/CRINFO/X3T3G1.(WindowMSButton).xdb,added,,1842,2107-12-31-23-59-56
Universe_mod.pak,UI/CRINFO/X3T3G2.(WindowMSButton).xdb,added,,1842,2107-12-31-23-59-56
Universe_mod.pak,UI/CRINFO/X3T4G0.(WindowMSButton).xdb,added,,1842,2107-12-31-23-59-56
Universe_mod.pak,UI/CRINFO/X3T4G1.(WindowMSButton).xdb,added,,1842,2107-12-31-23-59-56
Universe_mod.pak,UI/CRINFO/X3T4G2.(WindowMSButton).xdb,added,,1842,2107-12-31-23-59-56
Universe_mod.pak,UI/CRINFO/X3T5G0.(WindowMSButton).xdb,added,,1842,2107-12-31-23-59-56
Universe_mod.pak,UI/CRINFO/X3T5G1.(WindowMSButton).xdb,added,,1842,2107-12-31-23-59-56
Universe_mod.pak,UI/CRINFO/X3T5G2.(WindowMSButton).xdb,added,,1842,2107-12-31-23-59-56
Universe_mod.pak,UI/CRINFO/X3T6G0.(WindowMSButton).xdb,added,,1842,2107-12-31-23-59-56
Universe_mod.pak,UI/CRINFO/X3T6G1.(WindowMSButton).xdb,added,,1842,2107-12-31-23-59-56
Universe_mod.pak,UI/CRINFO/X3T6G2.(WindowMSButton).xdb,added,,1842,2107-12-31-23-59-56
Universe_mod.pak,UI/CRINFO/X3T7G0.(WindowMSButton).xdb,added,,1842,2107-12-31-23-59-56
Universe_mod.pak,UI/CRINFO/X3T7G1.(WindowMSButton).xdb,added,,1842,2107-12-31-23-59-56
Universe_mod.pak,UI/CRINFO/X3T7G2.(WindowMSButton).xdb,added,,1842,2107-12-31-23-59-56
Universe_mod.pak,UI/CRINFO/X4T1G0.(WindowMSButton).xdb,added,,1841,2107-12-31-23-59-56
Universe_mod.pak,UI/CRINFO/X4T1G1.(WindowMSButton).xdb,added,,1841,2107-12-31-23-59-56
Universe_mod.pak,UI/CRINFO/X4T1G2.(WindowMSButton).xdb,added,,1841,2107-12-31-23-59-56
Universe_mod.pak,UI/CRINFO/X4T2G0.(WindowMSButton).xdb,added,,1841,2107-12-31-23-59-56
Universe_mod.pak,UI/CRINFO/X4T2G1.(WindowMSButton).xdb,added,,1841,2107-12-31-23-59-56
Universe_mod.pak,UI/CRINFO/X4T2G2.(WindowMSButton).xdb,added,,1841,2107-12-31-23-59-56
Universe_mod.pak,UI/CRINFO/X4T3G0.(WindowMSButton).xdb,added,,1842,2107-12-31-23-59-56
Universe_mod.pak,UI/CRINFO/X4T3G1.(WindowMSButton).xdb,added,,1842,2107-12-31-23-59-56
Universe_mod.pak,UI/CRINFO/X4T3G2.(WindowMSButton).xdb,added,,1842,2107-12-31-23-59-56
Universe_mod.pak,UI/CRINFO/X4T4G0.(WindowMSButton).xdb,added,,1842,2107-12-31-23-59-56
Universe_mod.pak,UI/CRINFO/X4T4G1.(WindowMSButton).xdb,added,,1842,2107-12-31-23-59-56
Universe_mod.pak,UI/CRINFO/X4T4G2.(WindowMSButton).xdb,added,,1842,2107-12-31-23-59-56
Universe_mod.pak,UI/CRINFO/X4T5G0.(WindowMSButton).xdb,added,,1842,2107-12-31-23-59-56
Universe_mod.pak,UI/CRINFO/X4T5G1.(WindowMSButton).xdb,added,,1842,2107-12-31-23-59-56
Universe_mod.pak,UI/CRINFO/X4T5G2.(WindowMSButton).xdb,added,,1842,2107-12-31-23-59-56
Universe_mod.pak,UI/CRINFO/X4T6G0.(WindowMSButton).xdb,added,,1842,2107-12-31-23-59-56
Universe_mod.pak,UI/CRINFO/X4T6G1.(WindowMSButton).xdb,added,,1842,2107-12-31-23-59-56
Universe_mod.pak,UI/CRINFO/X4T6G2.(WindowMSButton).xdb,added,,1842,2107-12-31-23-59-56
Universe_mod.pak,UI/CRINFO/X4T7G0.(WindowMSButton).xdb,added,,1842,2107-12-31-23-59-56
Universe_mod.pak,UI/CRINFO/X4T7G1.(WindowMSButton).xdb,added,,1842,2107-12-31-23-59-56
Universe_mod.pak,UI/CRINFO/X4T7G2.(WindowMSButton).xdb,added,,1842,2107-12-31-23-59-56
Universe_mod.pak,UI/CRINFO/X5T1G0.(WindowMSButton).xdb,added,,1841,2107-12-31-23-59-56
Universe_mod.pak,UI/CRINFO/X5T1G1.(WindowMSButton).xdb,added,,1841,2107-12-31-23-59-56
Universe_mod.pak,UI/CRINFO/X5T1G2.(WindowMSButton).xdb,added,,1842,2107-12-31-23-59-56
Universe_mod.pak,UI/CRINFO/X5T2G0.(WindowMSButton).xdb,added,,1841,2107-12-31-23-59-56
Universe_mod.pak,UI/CRINFO/X5T2G1.(WindowMSButton).xdb,added,,1841,2107-12-31-23-59-56
Universe_mod.pak,UI/CRINFO/X5T2G2.(WindowMSButton).xdb,added,,1842,2107-12-31-23-59-56
Universe_mod.pak,UI/CRINFO/X5T3G0.(WindowMSButton).xdb,added,,1841,2107-12-31-23-59-56
Universe_mod.pak,UI/CRINFO/X5T3G1.(WindowMSButton).xdb,added,,1841,2107-12-31-23-59-56
Universe_mod.pak,UI/CRINFO/X5T3G2.(WindowMSButton).xdb,added,,1842,2107-12-31-23-59-56
Universe_mod.pak,UI/CRINFO/X5T4G0.(WindowMSButton).xdb,added,,1841,2107-12-31-23-59-56
Universe_mod.pak,UI/CRINFO/X5T4G1.(WindowMSButton).xdb,added,,1841,2107-12-31-23-59-56
Universe_mod.pak,UI/CRINFO/X5T4G2.(WindowMSButton).xdb,added,,1842,2107-12-31-23-59-56
Universe_mod.pak,UI/CRINFO/X5T5G0.(WindowMSButton).xdb,added,,1841,2107-12-31-23-59-56
Universe_mod.pak,UI/CRINFO/X5T5G1.(WindowMSButton).xdb,added,,1841,2107-12-31-23-59-56
Universe_mod.pak,UI/CRINFO/X5T5G2.(WindowMSButton).xdb,added,,1842,2107-12-31-23-59-56
Universe_mod.pak,UI/CRINFO/X5T6G0.(WindowMSButton).xdb,added,,1841,2107-12-31-23-59-56
Universe_mod.pak,UI/CRINFO/X5T6G1.(WindowMSButton).xdb,added,,1841,2107-12-31-23-59-56
Universe_mod.pak,UI/CRINFO/X5T6G2.(WindowMSButton).xdb,added,,1842,2107-12-31-23-59-56
Universe_mod.pak,UI/CRINFO/X5T7G0.(WindowMSButton).xdb,added,,1841,2107-12-31-23-59-56
Universe_mod.pak,UI/CRINFO/X5T7G1.(WindowMSButton).xdb,added,,1841,2107-12-31-23-59-56
Universe_mod.pak,UI/CRINFO/X5T7G2.(WindowMSButton).xdb,added,,1842,2107-12-31-23-59-56
Universe_mod.pak,UI/CRINFO/X6T1G0.(WindowMSButton).xdb,added,,1842,2107-12-31-23-59-56
Universe_mod.pak,UI/CRINFO/X6T1G1.(WindowMSButton).xdb,added,,1842,2107-12-31-23-59-56
Universe_mod.pak,UI/CRINFO/X6T1G2.(WindowMSButton).xdb,added,,1842,2107-12-31-23-59-56
Universe_mod.pak,UI/CRINFO/X6T2G0.(WindowMSButton).xdb,added,,1842,2107-12-31-23-59-56
Universe_mod.pak,UI/CRINFO/X6T2G1.(WindowMSButton).xdb,added,,1842,2107-12-31-23-59-56
Universe_mod.pak,UI/CRINFO/X6T2G2.(WindowMSButton).xdb,added,,1842,2107-12-31-23-59-56
Universe_mod.pak,UI/CRINFO/X6T3G0.(WindowMSButton).xdb,added,,1842,2107-12-31-23-59-56
Universe_mod.pak,UI/CRINFO/X6T3G1.(WindowMSButton).xdb,added,,1842,2107-12-31-23-59-56
Universe_mod.pak,UI/CRINFO/X6T3G2.(WindowMSButton).xdb,added,,1842,2107-12-31-23-59-56
Universe_mod.pak,UI/CRINFO/X6T4G0.(WindowMSButton).xdb,added,,1842,2107-12-31-23-59-56
Universe_mod.pak,UI/CRINFO/X6T4G1.(WindowMSButton).xdb,added,,1842,2107-12-31-23-59-56
Universe_mod.pak,UI/CRINFO/X6T4G2.(WindowMSButton).xdb,added,,1842,2107-12-31-23-59-56
Universe_mod.pak,UI/CRINFO/X6T5G0.(WindowMSButton).xdb,added,,1842,2107-12-31-23-59-56
Universe_mod.pak,UI/CRINFO/X6T5G1.(WindowMSButton).xdb,added,,1842,2107-12-31-23-59-56
Universe_mod.pak,UI/CRINFO/X6T5G2.(WindowMSButton).xdb,added,,1842,2107-12-31-23-59-56
Universe_mod.pak,UI/CRINFO/X6T6G0.(WindowMSButton).xdb,added,,1842,2107-12-31-23-59-56
Universe_mod.pak,UI/CRINFO/X6T6G1.(WindowMSButton).xdb,added,,1842,2107-12-31-23-59-56
Universe_mod.pak,UI/CRINFO/X6T6G2.(WindowMSButton).xdb,added,,1842,2107-12-31-23-59-56
Universe_mod.pak,UI/CRINFO/X6T7G0.(WindowMSButton).xdb,added,,1842,2107-12-31-23-59-56
Universe_mod.pak,UI/CRINFO/X6T7G1.(WindowMSButton).xdb,added,,1842,2107-12-31-23-59-56
Universe_mod.pak,UI/CRINFO/X6T7G2.(WindowMSButton).xdb,added,,1842,2107-12-31-23-59-56
Universe_mod.pak,UI/CRINFO/X7T1G0.(WindowMSButton).xdb,added,,1842,2107-12-31-23-59-56
Universe_mod.pak,UI/CRINFO/X7T1G1.(WindowMSButton).xdb,added,,1842,2107-12-31-23-59-56
Universe_mod.pak,UI/CRINFO/X7T1G2.(WindowMSButton).xdb,added,,1842,2107-12-31-23-59-56
Universe_mod.pak,UI/CRINFO/X7T2G0.(WindowMSButton).xdb,added,,1842,2107-12-31-23-59-56
Universe_mod.pak,UI/CRINFO/X7T2G1.(WindowMSButton).xdb,added,,1842,2107-12-31-23-59-56
Universe_mod.pak,UI/CRINFO/X7T2G2.(WindowMSButton).xdb,added,,1842,2107-12-31-23-59-56
Universe_mod.pak,UI/CRINFO/X7T3G0.(WindowMSButton).xdb,added,,1842,2107-12-31-23-59-56
Universe_mod.pak,UI/CRINFO/X7T3G1.(WindowMSButton).xdb,added,,1842,2107-12-31-23-59-56
Universe_mod.pak,UI/CRINFO/X7T3G2.(WindowMSButton).xdb,added,,1842,2107-12-31-23-59-56
Universe_mod.pak,UI/CRINFO/X7T4G0.(WindowMSButton).xdb,added,,1842,2107-12-31-23-59-56
Universe_mod.pak,UI/CRINFO/X7T4G1.(WindowMSButton).xdb,added,,1842,2107-12-31-23-59-56
Universe_mod.pak,UI/CRINFO/X7T4G2.(WindowMSButton).xdb,added,,1842,2107-12-31-23-59-56
Universe_mod.pak,UI/CRINFO/X7T5G0.(WindowMSButton).xdb,added,,1842,2107-12-31-23-59-56
Universe_mod.pak,UI/CRINFO/X7T5G1.(WindowMSButton).xdb,added,,1842,2107-12-31-23-59-56
Universe_mod.pak,UI/CRINFO/X7T5G2.(WindowMSButton).xdb,added,,1842,2107-12-31-23-59-56
Universe_mod.pak,UI/CRINFO/X7T6G0.(WindowMSButton).xdb,added,,1842,2107-12-31-23-59-56
Universe_mod.pak,UI/CRINFO/X7T6G1.(WindowMSButton).xdb,added,,1842,2107-12-31-23-59-56
Universe_mod.pak,UI/CRINFO/X7T6G2.(WindowMSButton).xdb,added,,1842,2107-12-31-23-59-56
Universe_mod.pak,UI/CRINFO/X7T7G0.(WindowMSButton).xdb,added,,1842,2107-12-31-23-59-56
Universe_mod.pak,UI/CRINFO/X7T7G1.(WindowMSButton).xdb,added,,1842,2107-12-31-23-59-56
Universe_mod.pak,UI/CRINFO/X7T7G2.(WindowMSButton).xdb,added,,1842,2107-12-31-23-59-56
Universe_mod.pak,UI/CRINFO/X8T1G0.(WindowMSButton).xdb,added,,1842,2107-12-31-23-59-56
Universe_mod.pak,UI/CRINFO/X8T1G1.(WindowMSButton).xdb,added,,1842,2107-12-31-23-59-56
Universe_mod.pak,UI/CRINFO/X8T1G2.(WindowMSButton).xdb,added,,1842,2107-12-31-23-59-56
Universe_mod.pak,UI/CRINFO/X8T2G0.(WindowMSButton).xdb,added,,1842,2107-12-31-23-59-56
Universe_mod.pak,UI/CRINFO/X8T2G1.(WindowMSButton).xdb,added,,1842,2107-12-31-23-59-56
Universe_mod.pak,UI/CRINFO/X8T2G2.(WindowMSButton).xdb,added,,1842,2107-12-31-23-59-56
Universe_mod.pak,UI/CRINFO/X8T3G0.(WindowMSButton).xdb,added,,1842,2107-12-31-23-59-56
Universe_mod.pak,UI/CRINFO/X8T3G1.(WindowMSButton).xdb,added,,1842,2107-12-31-23-59-56
Universe_mod.pak,UI/CRINFO/X8T3G2.(WindowMSButton).xdb,added,,1842,2107-12-31-23-59-56
Universe_mod.pak,UI/CRINFO/X8T4G0.(WindowMSButton).xdb,added,,1842,2107-12-31-23-59-56
Universe_mod.pak,UI/CRINFO/X8T4G1.(WindowMSButton).xdb,added,,1842,2107-12-31-23-59-56
Universe_mod.pak,UI/CRINFO/X8T4G2.(WindowMSButton).xdb,added,,1842,2107-12-31-23-59-56
Universe_mod.pak,UI/CRINFO/X8T5G0.(WindowMSButton).xdb,added,,1842,2107-12-31-23-59-56
Universe_mod.pak,UI/CRINFO/X8T5G1.(WindowMSButton).xdb,added,,1842,2107-12-31-23-59-56
Universe_mod.pak,UI/CRINFO/X8T5G2.(WindowMSButton).xdb,added,,1842,2107-12-31-23-59-56
Universe_mod.pak,UI/CRINFO/X8T6G0.(WindowMSButton).xdb,added,,1842,2107-12-31-23-59-56
Universe_mod.pak,UI/CRINFO/X8T6G1.(WindowMSButton).xdb,added,,1842,2107-12-31-23-59-56
Universe_mod.pak,UI/CRINFO/X8T6G2.(WindowMSButton).xdb,added,,1842,2107-12-31-23-59-56
Universe_mod.pak,UI/CRINFO/X8T7G0.(WindowMSButton).xdb,added,,1842,2107-12-31-23-59-56
Universe_mod.pak,UI/CRINFO/X8T7G1.(WindowMSButton).xdb,added,,1842,2107-12-31-23-59-56
Universe_mod.pak,UI/CRINFO/X8T7G2.(WindowMSButton).xdb,added,,1842,2107-12-31-23-59-56
Universe_mod.pak,UI/GameOptions/Accept.(WindowMSButton).xdb,changed,data.pak,2413,2107-12-31-23-59-56
Universe_mod.pak,UI/GameOptions/CategoryPanel.(WindowSimple).xdb,changed,data.pak,1144,2107-12-31-23-59-56
Universe_mod.pak,UI/GameOptions/CategoryPanel.(WindowSimpleShared).xdb,changed,data.pak,1274,2107-12-31-23-59-56
Universe_mod.pak,UI/GameOptions/CategoryPanel2.(BackgroundSimpleTexture).xdb,changed,data.pak,315,2107-12-31-23-59-56
Universe_mod.pak,UI/GameOptions/CategoryPanel2.(Texture).dds,changed,data.pak,1048704,2107-12-31-23-59-56
Universe_mod.pak,UI/GameOptions/CategoryPanel2.(Texture).xdb,changed,data.pak,635,2107-12-31-23-59-56
Universe_mod.pak,UI/GameOptions/Default.(WindowMSButton).xdb,changed,data.pak,2052,2107-12-31-23-59-56
Universe_mod.pak,UI/GhostInfo/EndOfTurnNotify.(WindowSimple).xdb,same,data.pak,1227,2107-12-31-23-59-56
Universe_mod.pak,UI/H5A2/Icons/Heroes_Specializations/AvatarOfDeath.(Texture).dds,changed,data.pak,65664,2107-12-31-23-59-56
Universe_mod.pak,UI/H5A2/Icons/Heroes_Specializations/AvatarOfDeath.(Texture).xdb,changed,data.pak,589,2107-12-31-23-59-56
Universe_mod.pak,UI/HavenTraining/Background.(BackgroundSimpleTexture).xdb,same,data.pak,347,2107-12-31-23-59-56
Universe_mod.pak,UI/HavenTraining/Main.(WindowSimple).xdb,changed,a2p1-data.pak,1093,2107-12-31-23-59-56
Universe_mod.pak,UI/HavenTraining/Main.(WindowSimpleShared).xdb,changed,a2p1-data.pak,1703,2107-12-31-23-59-56
Universe_mod.pak,UI/HeroScreen3/Hero2.(WindowSimpleShared).xdb,added,,1468,2107-12-31-23-59-56
Universe_mod.pak,UI/HeroScreen3/Hero3.(WindowSimpleShared).xdb,added,,1468,2107-12-31-23-59-56
Universe_mod.pak,UI/HeroScreen3/HeroArmy2.(WindowSimple).xdb,added,,1109,2107-12-31-23-59-56
Universe_mod.pak,UI/HeroScreen3/HeroArmy2.(WindowSimpleShared).xdb,added,,1517,2107-12-31-23-59-56
Universe_mod.pak,UI/HeroScreen3/HeroArmy3.(WindowSimple).xdb,added,,1109,2107-12-31-23-59-56
Universe_mod.pak,UI/HeroScreen3/HeroArmy3.(WindowSimpleShared).xdb,added,,1437,2107-12-31-23-59-56
Universe_mod.pak,UI/HeroScreen3/HeroInventory.(WindowSimpleShared).xdb,changed,data.pak,3188,2107-12-31-23-59-56
Universe_mod.pak,UI/HeroScreen3/HeroInventory2.(WindowSimple).xdb,added,,1118,2107-12-31-23-59-56
Universe_mod.pak,UI/HeroScreen3/HeroInventory2.(WindowSimpleShared).xdb,added,,3569,2107-12-31-23-59-56
Universe_mod.pak,UI/HeroScreen3/HeroInventory3.(WindowSimple).xdb,added,,1118,2107-12-31-23-59-56
Universe_mod.pak,UI/HeroScreen3/HeroInventory3.(WindowSimpleShared).xdb,added,,3163,2107-12-31-23-59-56
Universe_mod.pak,UI/HeroScreen3/MeetHero.(WindowSimple).xdb,changed,a2p1-data.pak,1138,2107-12-31-23-59-56
Universe_mod.pak,UI/HeroScreen3/SelfHero2.(WindowSimple).xdb,changed,a2p1-data.pak,1138,2107-12-31-23-59-56
Universe_mod.pak,UI/HeroScreen3/HeroArmy/Left.(ARSendGameMessage).xdb,added,,205,2107-12-31-23-59-56
Universe_mod.pak,UI/HeroScreen3/HeroArmy/Left.(UISDirectRunReaction).xdb,added,,287,2107-12-31-23-59-56
Universe_mod.pak,UI/HeroScreen3/HeroArmy/Left.(WindowMSButton).xdb,added,,2539,2107-12-31-23-59-56
Universe_mod.pak,UI/HeroScreen3/HeroArmy/Right.(ARSendGameMessage).xdb,added,,206,2107-12-31-23-59-56
Universe_mod.pak,UI/HeroScreen3/HeroArmy/Right.(UISDirectRunReaction).xdb,added,,288,2107-12-31-23-59-56
Universe_mod.pak,UI/HeroScreen3/HeroArmy/Right.(WindowMSButton).xdb,added,,2544,2107-12-31-23-59-56
Universe_mod.pak,UI/HeroScreen3/HeroArmy/Swap.(ARSendGameMessage).xdb,added,,188,2107-12-31-23-59-56
Universe_mod.pak,UI/HeroScreen3/HeroArmy/Swap.(UISDirectRunReaction).xdb,added,,287,2107-12-31-23-59-56
Universe_mod.pak,UI/HeroScreen3/HeroArmy/Swap.(WindowMSButton).xdb,added,,2531,2107-12-31-23-59-56
Universe_mod.pak,UI/HeroScreen3/Inventory/Inventory.(WindowSimple).xdb,changed,data.pak,1227,2107-12-31-23-59-56
Universe_mod.pak,UI/HeroScreen3/Inventory/Left.(WindowMSButton).xdb,changed,data.pak,2518,2107-12-31-23-59-56
Universe_mod.pak,UI/HeroScreen3/Inventory/Left1.(ARSendGameMessage).xdb,added,,210,2107-12-31-23-59-56
Universe_mod.pak,UI/HeroScreen3/Inventory/Left1.(UISDirectRunReaction).xdb,added,,288,2107-12-31-23-59-56
Universe_mod.pak,UI/HeroScreen3/Inventory/Left1.(WindowMSButton).xdb,added,,2537,2107-12-31-23-59-56
Universe_mod.pak,UI/HeroScreen3/Inventory/Left2.(ARSendGameMessage).xdb,added,,209,2107-12-31-23-59-56
Universe_mod.pak,UI/HeroScreen3/Inventory/Left2.(UISDirectRunReaction).xdb,added,,288,2107-12-31-23-59-56
Universe_mod.pak,UI/HeroScreen3/Inventory/Left2.(WindowMSButton).xdb,added,,2537,2107-12-31-23-59-56
Universe_mod.pak,UI/HeroScreen3/Inventory/Right.(WindowMSButton).xdb,changed,data.pak,2524,2107-12-31-23-59-56
Universe_mod.pak,UI/HeroScreen3/Inventory/Right1.(ARSendGameMessage).xdb,added,,211,2107-12-31-23-59-56
Universe_mod.pak,UI/HeroScreen3/Inventory/Right1.(UISDirectRunReaction).xdb,added,,289,2107-12-31-23-59-56
Universe_mod.pak,UI/HeroScreen3/Inventory/Right1.(WindowMSButton).xdb,added,,2541,2107-12-31-23-59-56
Universe_mod.pak,UI/HeroScreen3/Inventory/Right2.(ARSendGameMessage).xdb,added,,210,2107-12-31-23-59-56
Universe_mod.pak,UI/HeroScreen3/Inventory/Right2.(UISDirectRunReaction).xdb,added,,289,2107-12-31-23-59-56
Universe_mod.pak,UI/HeroScreen3/Inventory/Right2.(WindowMSButton).xdb,added,,2542,2107-12-31-23-59-56
Universe_mod.pak,UI/HeroScreen3/Inventory/Swap.(ARSendGameMessage).xdb,added,,193,2107-12-31-23-59-56
Universe_mod.pak,UI/HeroScreen3/Inventory/Swap.(UISDirectRunReaction).xdb,added,,287,2107-12-31-23-59-56
Universe_mod.pak,UI/HeroScreen3/Inventory/Swap.(WindowMSButton).xdb,added,,2531,2107-12-31-23-59-56
Universe_mod.pak,UI/HeroScreen3/Inventory/Unequip1.(ARSendGameMessage).xdb,added,,196,2107-12-31-23-59-56
Universe_mod.pak,UI/HeroScreen3/Inventory/Unequip1.(UISDirectRunReaction).xdb,added,,291,2107-12-31-23-59-56
Universe_mod.pak,UI/HeroScreen3/Inventory/Unequip1.(WindowMSButton).xdb,added,,2548,2107-12-31-23-59-56
Universe_mod.pak,UI/HeroScreen3/Inventory/Unequip2.(ARSendGameMessage).xdb,added,,197,2107-12-31-23-59-56
Universe_mod.pak,UI/HeroScreen3/Inventory/Unequip2.(UISDirectRunReaction).xdb,added,,291,2107-12-31-23-59-56
Universe_mod.pak,UI/HeroScreen3/Inventory/Unequip2.(WindowMSButton).xdb,added,,2548,2107-12-31-23-59-56
Universe_mod.pak,UI/HeroScreen3/Shared/Swap.(WindowMSButtonShared).xdb,added,,3975,2107-12-31-23-59-56
Universe_mod.pak,UI/HeroScreen3/Shared/SwapDisabled.(BackgroundSimpleTexture).xdb,added,,290,2107-12-31-23-59-56
Universe_mod.pak,UI/HeroScreen3/Shared/SwapDisabled.(Texture).dds,added,,5096,2107-12-31-23-59-56
Universe_mod.pak,UI/HeroScreen3/Shared/SwapDisabled.(Texture).xdb,added,,622,2107-12-31-23-59-56
Universe_mod.pak,UI/HeroScreen3/Shared/SwapNormal.(BackgroundSimpleTexture).xdb,added,,288,2107-12-31-23-59-56
Universe_mod.pak,UI/HeroScreen3/Shared/SwapNormal.(Texture).dds,added,,5096,2107-12-31-23-59-56
Universe_mod.pak,UI/HeroScreen3/Shared/SwapNormal.(Texture).xdb,added,,611,2107-12-31-23-59-56
Universe_mod.pak,UI/HeroScreen3/Shared/SwapPressed.(BackgroundSimpleTexture).xdb,added,,289,2107-12-31-23-59-56
Universe_mod.pak,UI/HeroScreen3/Shared/SwapPressed.(Texture).dds,added,,5096,2107-12-31-23-59-56
Universe_mod.pak,UI/HeroScreen3/Shared/SwapPressed.(Texture).xdb,added,,618,2107-12-31-23-59-56
Universe_mod.pak,UI/HeroScreen3/Shared/Unequip.(WindowMSButtonShared).xdb,added,,4189,2107-12-31-23-59-56
Universe_mod.pak,UI/HotSeat/DifficultyBlock.(WindowSimple).xdb,changed,data.pak,1154,2107-12-31-23-59-56
Universe_mod.pak,UI/HotSeat/Options.(WindowSimpleShared).xdb,changed,data.pak,1449,2107-12-31-23-59-56
Universe_mod.pak,UI/HotSeat/TimeLimitBlock.(WindowSimple).xdb,changed,data.pak,1129,2107-12-31-23-59-56
Universe_mod.pak,UI/HotSeat/Universe_DayTimer.(WindowRelatedTexts).xdb,added,,207,2107-12-31-23-59-56
Universe_mod.pak,UI/HotSeat/Universe_DayTimer.(WindowScrollBar).xdb,added,,1333,2107-12-31-23-59-56
Universe_mod.pak,UI/HotSeat/Universe_DayTimer.(WindowSimple).xdb,added,,1142,2107-12-31-23-59-56
Universe_mod.pak,UI/HotSeat/Universe_DayTimer.(WindowSimpleShared).xdb,added,,1057,2107-12-31-23-59-56
Universe_mod.pak,UI/HotSeat/Universe_DayTimer.(WindowTextView).xdb,added,,1367,2107-12-31-23-59-56
Universe_mod.pak,UI/HotSeat/Universe_DayTimer.(WindowTextViewShared).xdb,added,,967,2107-12-31-23-59-56
Universe_mod.pak,UI/HotSeat/Universe_FightTimer.(WindowRelatedTexts).xdb,added,,211,2107-12-31-23-59-56
Universe_mod.pak,UI/HotSeat/Universe_FightTimer.(WindowScrollBar).xdb,added,,1337,2107-12-31-23-59-56
Universe_mod.pak,UI/HotSeat/Universe_FightTimer.(WindowSimple).xdb,added,,1147,2107-12-31-23-59-56
Universe_mod.pak,UI/HotSeat/Universe_FightTimer.(WindowSimpleShared).xdb,added,,1061,2107-12-31-23-59-56
Universe_mod.pak,UI/HotSeat/Universe_FightTimer.(WindowTextView).xdb,added,,1377,2107-12-31-23-59-56
Universe_mod.pak,UI/HotSeat/Universe_FightTimer.(WindowTextViewShared).xdb,added,,967,2107-12-31-23-59-56
Universe_mod.pak,UI/HotSeat/Options/Back.(BackgroundSimpleTexture).xdb,same,data.pak,307,2107-12-31-23-59-56
Universe_mod.pak,UI/HotSeat/Options/Back.(Texture).dds,changed,data.pak,524416,2107-12-31-23-59-56
Universe_mod.pak,UI/HotSeat/Options/Back.(Texture).xdb,changed,data.pak,598,2107-12-31-23-59-56
Universe_mod.pak,UI/Lobby/Main/PlayerHeaderTransparent.(WindowMSButtonShared).xdb,added,,2237,2107-12-31-23-59-56
Universe_mod.pak,UI/Lobby/Main/PlayerHighlight.(WindowSimpleShared).xdb,changed,data.pak,878,2107-12-31-23-59-56
Universe_mod.pak,UI/Lobby/Main/PlayerNameItem.(WindowTextView).xdb,changed,data.pak,1336,2107-12-31-23-59-56
Universe_mod.pak,UI/Lobby/Main/PlayerNames.(WindowMSButton).xdb,changed,data.pak,1902,2107-12-31-23-59-56
Universe_mod.pak,UI/Lobby/Main/PlayerRatingItem.(WindowTextView).xdb,changed,data.pak,1320,2107-12-31-23-59-56
Universe_mod.pak,UI/Lobby/Main/PlayerRatings.(WindowMSButton).xdb,changed,data.pak,1909,2107-12-31-23-59-56
Universe_mod.pak,UI/Lobby/Main/Players.(WindowListCtrl).xdb,changed,data.pak,1228,2107-12-31-23-59-56
Universe_mod.pak,UI/Lobby/Main/Players.(WindowListHeaderShared).xdb,changed,data.pak,1168,2107-12-31-23-59-56
Universe_mod.pak,UI/Lobby/Main/PlayerSelection.(WindowSimpleShared).xdb,changed,data.pak,878,2107-12-31-23-59-56
Universe_mod.pak,UI/Lobby/Main/Menu/Button_0.(WindowMSButton).xdb,changed,data.pak,1943,2107-12-31-23-59-56
Universe_mod.pak,UI/Lobby/Main/Menu/Button_1.(WindowMSButton).xdb,changed,data.pak,1931,2107-12-31-23-59-56
Universe_mod.pak,UI/Lobby/Main/Menu/Button_2.(WindowMSButton).xdb,changed,data.pak,1951,2107-12-31-23-59-56
Universe_mod.pak,UI/Lobby/Main/Menu/Button_3.(WindowMSButton).xdb,changed,data.pak,1934,2107-12-31-23-59-56
Universe_mod.pak,UI/Lobby/Main/Menu/Button_4.(WindowMSButton).xdb,changed,data.pak,1936,2107-12-31-23-59-56
Universe_mod.pak,UI/Lobby/Main/Players/FriendListHeader.(WindowTextView).xdb,changed,data.pak,1236,2107-12-31-23-59-56
Universe_mod.pak,UI/Lobby/Main/Players/FriendListSelect.(WindowTextView).xdb,changed,data.pak,1214,2107-12-31-23-59-56
Universe_mod.pak,UI/Lobby/Main/Players/Tab_0.(WindowMSButton).xdb,changed,data.pak,1790,2107-12-31-23-59-56
Universe_mod.pak,UI/MainMenu2/Logo.(Texture).dds,changed,data.pak,131200,2107-12-31-23-59-56
Universe_mod.pak,UI/MainMenu2/Logo.(Texture).xdb,changed,data.pak,599,2107-12-31-23-59-56
Universe_mod.pak,UI/MainMenu2/Menu.(WindowSimple).xdb,same,a2p1-data.pak,1121,2107-12-31-23-59-56
Universe_mod.pak,UI/MainMenu2/Version.(WindowTextView).xdb,changed,a2p1-data.pak,1284,2107-12-31-23-59-56
Universe_mod.pak,UI/MainMenu2/Version.txt,changed,texts.pak,84,2107-12-31-23-59-56
Universe_mod.pak,UI/MainMenu2/MultiPlayer/MenuPanel.(WindowSimpleShared).xdb,changed,data.pak,1358,2107-12-31-23-59-56
Universe_mod.pak,UI/MainMenu2/SinglePlayer/SinglePlayer.(WindowSimple).xdb,same,a2p1-data.pak,1136,2107-12-31-23-59-56
Universe_mod.pak,UI/MissionObjectives/Main.(WindowSimple).xdb,same,a2p1-data.pak,1131,2107-12-31-23-59-56
Universe_mod.pak,UI/MissionObjectives/Main.(WindowSimpleShared).xdb,same,data.pak,1133,2107-12-31-23-59-56
Universe_mod.pak,UI/MissionObjectives/MissionBox.(WindowSimple).xdb,same,data.pak,1114,2107-12-31-23-59-56
Universe_mod.pak,UI/MPCreate/AnimationSpeedBlock.(WindowSimple).xdb,changed,data.pak,1141,2107-12-31-23-59-56
Universe_mod.pak,UI/MPCreate/Back.(BackgroundSimpleTexture).xdb,same,data.pak,336,2107-12-31-23-59-56
Universe_mod.pak,UI/MPCreate/Back.(WindowSimple).xdb,same,a2p1-data.pak,1087,2107-12-31-23-59-56
Universe_mod.pak,UI/MPCreate/Back.(WindowSimpleShared).xdb,changed,a2p1-data.pak,1101,2107-12-31-23-59-56
Universe_mod.pak,UI/MPCreate/CombatTurnSpeedBlock.(WindowSimple).xdb,changed,data.pak,1145,2107-12-31-23-59-56
Universe_mod.pak,UI/MPCreate/DifficultyBlock.(WindowSimple).xdb,changed,data.pak,1134,2107-12-31-23-59-56
Universe_mod.pak,UI/MPCreate/Menu.(WindowSimple).xdb,changed,a2p1-data.pak,1117,2107-12-31-23-59-56
Universe_mod.pak,UI/MPCreate/Menu.(WindowSimpleShared).xdb,changed,data.pak,1272,2107-12-31-23-59-56
Universe_mod.pak,UI/MPCreate/Options.(WindowSimple).xdb,changed,a2p1-data.pak,1130,2107-12-31-23-59-56
Universe_mod.pak,UI/MPCreate/Options.(WindowSimpleShared).xdb,changed,data.pak,2116,2107-12-31-23-59-56
Universe_mod.pak,UI/MPCreate/TimeLimitBlock.(WindowSimple).xdb,changed,data.pak,1132,2107-12-31-23-59-56
Universe_mod.pak,UI/MPCreate/UniNewMenu.(BackgroundSimpleTexture).xdb,added,,288,2107-12-31-23-59-56
Universe_mod.pak,UI/MPCreate/UniNewMenu.(Texture).dds,added,,172488,2107-12-31-23-59-56
Universe_mod.pak,UI/MPCreate/UniNewMenu.(Texture).xdb,added,,580,2107-12-31-23-59-56
Universe_mod.pak,UI/MPCreate/Universe_DayTimer.(WindowRelatedTexts).xdb,added,,199,2107-12-31-23-59-56
Universe_mod.pak,UI/MPCreate/Universe_DayTimer.(WindowScrollBar).xdb,added,,1383,2107-12-31-23-59-56
Universe_mod.pak,UI/MPCreate/Universe_DayTimer.(WindowSimple).xdb,added,,1137,2107-12-31-23-59-56
Universe_mod.pak,UI/MPCreate/Universe_DayTimer.(WindowSimpleShared).xdb,added,,1110,2107-12-31-23-59-56
Universe_mod.pak,UI/MPCreate/Universe_DayTimer.(WindowTextView).xdb,added,,1405,2107-12-31-23-59-56
Universe_mod.pak,UI/MPCreate/Universe_DayTimer.(WindowTextViewShared).xdb,added,,1021,2107-12-31-23-59-56
Universe_mod.pak,UI/MPCreate/Universe_FightTimer.(WindowRelatedTexts).xdb,added,,203,2107-12-31-23-59-56
Universe_mod.pak,UI/MPCreate/Universe_FightTimer.(WindowScrollBar).xdb,added,,1387,2107-12-31-23-59-56
Universe_mod.pak,UI/MPCreate/Universe_FightTimer.(WindowSimple).xdb,added,,1141,2107-12-31-23-59-56
Universe_mod.pak,UI/MPCreate/Universe_FightTimer.(WindowSimpleShared).xdb,added,,1102,2107-12-31-23-59-56
Universe_mod.pak,UI/MPCreate/Universe_FightTimer.(WindowTextView).xdb,added,,1415,2107-12-31-23-59-56
Universe_mod.pak,UI/MPCreate/Universe_FightTimer.(WindowTextViewShared).xdb,added,,1021,2107-12-31-23-59-56
Universe_mod.pak,UI/MPCreate/Menu/Back.(BackgroundSimpleTexture).xdb,same,data.pak,341,2107-12-31-23-59-56
Universe_mod.pak,UI/MPCreate/Menu/Back.(WindowMSButton).xdb,changed,data.pak,2028,2107-12-31-23-59-56
Universe_mod.pak,UI/MPCreate/Menu/Create.(WindowMSButton).xdb,changed,data.pak,2052,2107-12-31-23-59-56
Universe_mod.pak,UI/MPCreate/Menu/Load.(WindowMSButton).xdb,changed,data.pak,2045,2107-12-31-23-59-56
Universe_mod.pak,UI/MPCreate/Menu/RMG.(WindowMSButton).xdb,changed,data.pak,2007,2107-12-31-23-59-56
Universe_mod.pak,UI/MPCreate/Menu/UniverseBack.(WindowMSButtonShared).xdb,added,,2766,2107-12-31-23-59-56
Universe_mod.pak,UI/MPCreate/Options/Name.(WindowEditLine).xdb,changed,a2p1-data.pak,1764,2107-12-31-23-59-56
Universe_mod.pak,UI/MPCreate/Options/Password.(WindowEditLine).xdb,changed,data.pak,1763,2107-12-31-23-59-56
Universe_mod.pak,UI/MPCreate/Options/QuickCombat.(WindowMSButton).xdb,changed,data.pak,2350,2107-12-31-23-59-56
Universe_mod.pak,UI/MPCreate/Options/RealTime.(WindowMSButton).xdb,same,data.pak,2347,2107-12-31-23-59-56
Universe_mod.pak,UI/MPCreate/Options/Simultanious.(WindowMSButton).xdb,changed,data.pak,2356,2107-12-31-23-59-56
Universe_mod.pak,UI/MPCreate/UniverseBidding/Universe_Bidding.(WindowRelatedTexts).xdb,added,,377,2107-12-31-23-59-56
Universe_mod.pak,UI/MPCreate/UniverseBidding/Universe_Bidding.(WindowScrollBar).xdb,added,,1360,2107-12-31-23-59-56
Universe_mod.pak,UI/MPCreate/UniverseBidding/Universe_Bidding.(WindowSimple).xdb,added,,1133,2107-12-31-23-59-56
Universe_mod.pak,UI/MPCreate/UniverseBidding/Universe_Bidding.(WindowSimpleShared).xdb,added,,1108,2107-12-31-23-59-56
Universe_mod.pak,UI/MPCreate/UniverseBidding/Universe_Bidding.(WindowTextView).xdb,added,,1363,2107-12-31-23-59-56
Universe_mod.pak,UI/MPCreate/UniverseBidding/Universe_Bidding.(WindowTextViewShared).xdb,added,,1023,2107-12-31-23-59-56
Universe_mod.pak,UI/MPWait/MapDescription/TEXTS/Preferences.(WindowRelatedTexts).xdb,changed,data.pak,1752,2107-12-31-23-59-56
Universe_mod.pak,UI/pwlscreen/Logo.(WindowSimple).xdb,changed,a2p1-data.pak,1128,2107-12-31-23-59-56
Universe_mod.pak,UI/pwlscreen/Logo.(WindowSimpleShared).xdb,changed,data.pak,1038,2107-12-31-23-59-56
Universe_mod.pak,UI/pwlscreen/UNIVERSEPWL.(BackgroundSimpleTexture).xdb,added,,289,2107-12-31-23-59-56
Universe_mod.pak,UI/pwlscreen/UNIVERSEPWL.(Texture).dds,added,,3145856,2107-12-31-23-59-56
Universe_mod.pak,UI/pwlscreen/UNIVERSEPWL.(Texture).xdb,added,,585,2107-12-31-23-59-56
Universe_mod.pak,UI/RMGScreen/Back.(WindowMSButton).xdb,changed,data.pak,2325,2107-12-31-23-59-56
Universe_mod.pak,UI/RMGScreen/Create.(WindowMSButton).xdb,changed,data.pak,1980,2107-12-31-23-59-56
Universe_mod.pak,UI/RMGScreen/GriffinPicAdopted.(Texture).xdb,changed,data.pak,606,2107-12-31-23-59-56
Universe_mod.pak,UI/RMGScreen/Main.(WindowSimple).xdb,same,data.pak,1170,2107-12-31-23-59-56
Universe_mod.pak,UI/RMGScreen/Main.(WindowSimpleShared).xdb,changed,data.pak,1035,2107-12-31-23-59-56
Universe_mod.pak,UI/RMGScreen/MainBg.(BackgroundSimpleTexture).xdb,same,data.pak,284,2107-12-31-23-59-56
Universe_mod.pak,UI/RMGScreen/MainBg.(Texture).dds,changed,data.pak,3000128,2107-12-31-23-59-56
Universe_mod.pak,UI/RMGScreen/MainBg.(Texture).xdb,changed,data.pak,589,2107-12-31-23-59-56
Universe_mod.pak,UI/RMGScreen/MainPanel.(WindowSimple).xdb,changed,data.pak,1110,2107-12-31-23-59-56
Universe_mod.pak,UI/RMGScreen/MainPanel.(WindowSimpleShared).xdb,changed,data.pak,1620,2107-12-31-23-59-56
Universe_mod.pak,UI/RMGScreen/MapNameEdit.(WindowEditLine).xdb,changed,data.pak,1906,2107-12-31-23-59-56
Universe_mod.pak,UI/RMGScreen/Minimap.(WindowSimple).xdb,changed,data.pak,1219,2107-12-31-23-59-56
Universe_mod.pak,UI/RMGScreen/MinimapPanel.(WindowSimple).xdb,changed,data.pak,1121,2107-12-31-23-59-56
Universe_mod.pak,UI/RMGScreen/MinimapUnderground.(WindowSimple).xdb,changed,data.pak,1230,2107-12-31-23-59-56
Universe_mod.pak,UI/RMGScreen/OptionsContainer.(WindowScrollableContainer).xdb,changed,data.pak,1349,2107-12-31-23-59-56
Universe_mod.pak,UI/RMGScreen/OptionsContainer.(WindowScrollableContainerShared).xdb,same,data.pak,1217,2107-12-31-23-59-56
Universe_mod.pak,UI/RMGScreen/OptionsContainerBorder.(WindowSimple).xdb,changed,data.pak,1107,2107-12-31-23-59-56
Universe_mod.pak,UI/RMGScreen/ProgressPanel.(Texture).dds,changed,data.pak,1048704,2107-12-31-23-59-56
Universe_mod.pak,UI/RMGScreen/ProgressPanel.(WindowSimple).xdb,changed,data.pak,1118,2107-12-31-23-59-56
Universe_mod.pak,UI/RMGScreen/ProgressPanel.(WindowSimpleShared).xdb,changed,data.pak,1021,2107-12-31-23-59-56
Universe_mod.pak,UI/RMGScreen/ProgressPanelBg.(BackgroundSimpleTexture).xdb,changed,data.pak,236,2107-12-31-23-59-56
Universe_mod.pak,UI/RMGScreen/RmgHelpText (2).xdb,added,,1238,2107-12-31-23-59-56
Universe_mod.pak,UI/RMGScreen/RmgHelpText.xdb,added,,1237,2107-12-31-23-59-56
Universe_mod.pak,UI/RMGScreen/RmgInMenuMainWindow.(WindowSimple).xdb,added,,1128,2107-12-31-23-59-56
Universe_mod.pak,UI/RMGScreen/RmgInMenuMainWindow.(WindowSimpleShared).xdb,added,,1111,2107-12-31-23-59-56
Universe_mod.pak,UI/RMGScreen/RMGScreen.(WindowScreenShared).xdb,changed,data.pak,1255,2107-12-31-23-59-56
Universe_mod.pak,UI/RMGScreen/RmgTemplates.(WindowTooltip).xdb,added,,1126,2107-12-31-23-59-56
Universe_mod.pak,UI/RMGScreen/RmgTemplates.(WindowTooltipShared).xdb,added,,1047,2107-12-31-23-59-56
Universe_mod.pak,UI/RMGScreen/Save.(WindowMSButton).xdb,changed,data.pak,1973,2107-12-31-23-59-56
Universe_mod.pak,UI/RMGScreen/TestText.(WindowTextView).xdb,added,,1288,2107-12-31-23-59-56
Universe_mod.pak,UI/RMGScreen/Title.(WindowTextView).xdb,changed,data.pak,1259,2107-12-31-23-59-56
Universe_mod.pak,UI/RMGScreen/UniRmgTittle.xdb,added,,1255,2107-12-31-23-59-56
Universe_mod.pak,UI/RMGScreen/Templates/CheckBox/CheckBoxView.(WindowSimple).xdb,changed,data.pak,1134,2107-12-31-23-59-56
Universe_mod.pak,UI/RMGScreen/Templates/Divider/Divider.(WindowSimple).xdb,changed,data.pak,1093,2107-12-31-23-59-56
Universe_mod.pak,UI/RMGScreen/Templates/Divider/DividerTemplate.(WindowSimple).xdb,changed,data.pak,1122,2107-12-31-23-59-56
Universe_mod.pak,UI/RMGScreen/Universe_RMG/01_UNIRMG.(BackgroundSimpleTexture).xdb,added,,287,2107-12-31-23-59-56
Universe_mod.pak,UI/RMGScreen/Universe_RMG/01_UNIRMG.(Texture).dds,added,,55228,2107-12-31-23-59-56
Universe_mod.pak,UI/RMGScreen/Universe_RMG/01_UNIRMG.(Texture).xdb,added,,582,2107-12-31-23-59-56
Universe_mod.pak,UI/RMGScreen/Universe_RMG/ESC_PRESSED_UNI.(UISSendUIMessage).xdb,added,,508,2107-12-31-23-59-56
Universe_mod.pak,UI/RMGScreen/Universe_RMG/HIDEGLOW.(BackgroundSimpleTexture).xdb,added,,286,2107-12-31-23-59-56
Universe_mod.pak,UI/RMGScreen/Universe_RMG/HIDEGLOW.(Texture).dds,added,,16720,2107-12-31-23-59-56
Universe_mod.pak,UI/RMGScreen/Universe_RMG/HIDEGLOW.(Texture).xdb,added,,594,2107-12-31-23-59-56
Universe_mod.pak,UI/RMGScreen/Universe_RMG/INFOHIDEBUT.(BackgroundSimpleTexture).xdb,added,,289,2107-12-31-23-59-56
Universe_mod.pak,UI/RMGScreen/Universe_RMG/INFOHIDEBUT.(Texture).dds,added,,8528,2107-12-31-23-59-56
Universe_mod.pak,UI/RMGScreen/Universe_RMG/INFOHIDEBUT.(Texture).xdb,added,,581,2107-12-31-23-59-56
Universe_mod.pak,UI/RMGScreen/Universe_RMG/RMGBUTNORM.(Texture).dds,added,,16720,2107-12-31-23-59-56
Universe_mod.pak,UI/RMGScreen/Universe_RMG/RMGBUTNORM.(Texture).xdb,added,,584,2107-12-31-23-59-56
Universe_mod.pak,UI/RMGScreen/Universe_RMG/RMGBUTNORMAL.(BackgroundSimpleTexture).xdb,added,,288,2107-12-31-23-59-56
Universe_mod.pak,UI/RMGScreen/Universe_RMG/RMGBUTTONGLOWED.(BackgroundSimpleTexture).xdb,added,,293,2107-12-31-23-59-56
Universe_mod.pak,UI/RMGScreen/Universe_RMG/RMGBUTTONGLOWED.(Texture).dds,added,,16720,2107-12-31-23-59-56
Universe_mod.pak,UI/RMGScreen/Universe_RMG/RMGBUTTONGLOWED.(Texture).xdb,added,,594,2107-12-31-23-59-56
Universe_mod.pak,UI/RMGScreen/Universe_RMG/RMGBUTTONOVERPUSHED.(BackgroundSimpleTexture).xdb,added,,297,2107-12-31-23-59-56
Universe_mod.pak,UI/RMGScreen/Universe_RMG/RMGBUTTONOVERPUSHED.(Texture).dds,added,,16720,2107-12-31-23-59-56
Universe_mod.pak,UI/RMGScreen/Universe_RMG/RMGBUTTONOVERPUSHED.(Texture).xdb,added,,597,2107-12-31-23-59-56
Universe_mod.pak,UI/RMGScreen/Universe_RMG/Split+(ForegroundTextString).xdb,added,,266,2107-12-31-23-59-56
Universe_mod.pak,UI/RMGScreen/Universe_RMG/Split+.(ForegroundTextStringShared).xdb,added,,829,2107-12-31-23-59-56
Universe_mod.pak,UI/RMGScreen/Universe_RMG/Split+View.(UISSendUIMessage).xdb,added,,508,2107-12-31-23-59-56
Universe_mod.pak,UI/RMGScreen/Universe_RMG/Split+View.(WindowMSButton).xdb,added,,1825,2107-12-31-23-59-56
Universe_mod.pak,UI/RMGScreen/Universe_RMG/Split+View.(WindowMSButtonShared).xdb,added,,2721,2107-12-31-23-59-56
Universe_mod.pak,UI/RMGScreen/Universe_RMG/UNI01.(WindowMSButton).xdb,added,,1864,2107-12-31-23-59-56
Universe_mod.pak,UI/RMGScreen/Universe_RMG/UNI01MENU.(UISSendUIMessage).xdb,added,,504,2107-12-31-23-59-56
Universe_mod.pak,UI/RMGScreen/Universe_RMG/UNI01MENU.(WindowMSButton).xdb,added,,1837,2107-12-31-23-59-56
Universe_mod.pak,UI/RMGScreen/Universe_RMG/UNI01MENU.(WindowMSButtonShared).xdb,added,,2423,2107-12-31-23-59-56
Universe_mod.pak,UI/RMGScreen/Universe_RMG/UNI02MENU.(UISSendUIMessage).xdb,added,,504,2107-12-31-23-59-56
Universe_mod.pak,UI/RMGScreen/Universe_RMG/UNI02MENU.(WindowMSButton).xdb,added,,1837,2107-12-31-23-59-56
Universe_mod.pak,UI/RMGScreen/Universe_RMG/UNI02MENU.(WindowMSButtonShared).xdb,added,,2423,2107-12-31-23-59-56
Universe_mod.pak,UI/RMGScreen/Universe_RMG/UNI03MENU.(UISSendUIMessage).xdb,added,,504,2107-12-31-23-59-56
Universe_mod.pak,UI/RMGScreen/Universe_RMG/UNI03MENU.(WindowMSButton).xdb,added,,1837,2107-12-31-23-59-56
Universe_mod.pak,UI/RMGScreen/Universe_RMG/UNI03MENU.(WindowMSButtonShared).xdb,added,,2423,2107-12-31-23-59-56
Universe_mod.pak,UI/RMGScreen/Universe_RMG/UNI04MENU.(UISSendUIMessage).xdb,added,,504,2107-12-31-23-59-56
Universe_mod.pak,UI/RMGScreen/Universe_RMG/UNI04MENU.(WindowMSButton).xdb,added,,1838,2107-12-31-23-59-56
Universe_mod.pak,UI/RMGScreen/Universe_RMG/UNI04MENU.(WindowMSButtonShared).xdb,added,,2423,2107-12-31-23-59-56
Universe_mod.pak,UI/RMGScreen/Universe_RMG/UNI05MENU.(UISSendUIMessage).xdb,added,,504,2107-12-31-23-59-56
Universe_mod.pak,UI/RMGScreen/Universe_RMG/UNI05MENU.(WindowMSButton).xdb,added,,1838,2107-12-31-23-59-56
Universe_mod.pak,UI/RMGScreen/Universe_RMG/UNI05MENU.(WindowMSButtonShared).xdb,added,,2423,2107-12-31-23-59-56
Universe_mod.pak,UI/RMGScreen/Universe_RMG/UNI06MENU.(UISSendUIMessage).xdb,added,,504,2107-12-31-23-59-56
Universe_mod.pak,UI/RMGScreen/Universe_RMG/UNI06MENU.(WindowMSButton).xdb,added,,1838,2107-12-31-23-59-56
Universe_mod.pak,UI/RMGScreen/Universe_RMG/UNI06MENU.(WindowMSButtonShared).xdb,added,,2423,2107-12-31-23-59-56
Universe_mod.pak,UI/RMGScreen/Universe_RMG/UNI07MENU.(UISSendUIMessage).xdb,added,,504,2107-12-31-23-59-56
Universe_mod.pak,UI/RMGScreen/Universe_RMG/UNI07MENU.(WindowMSButton).xdb,added,,1839,2107-12-31-23-59-56
Universe_mod.pak,UI/RMGScreen/Universe_RMG/UNI07MENU.(WindowMSButtonShared).xdb,added,,2423,2107-12-31-23-59-56
Universe_mod.pak,UI/RMGScreen/Universe_RMG/UNI08INFO.(Texture).dds,added,,1936848,2107-12-31-23-59-56
Universe_mod.pak,UI/RMGScreen/Universe_RMG/UNI08INFO.(Texture).xdb,added,,586,2107-12-31-23-59-56
Universe_mod.pak,UI/RMGScreen/Universe_RMG/UNI08MENU.(UISSendUIMessage).xdb,added,,504,2107-12-31-23-59-56
Universe_mod.pak,UI/RMGScreen/Universe_RMG/UNI08MENU.(WindowMSButton).xdb,added,,1839,2107-12-31-23-59-56
Universe_mod.pak,UI/RMGScreen/Universe_RMG/UNI08MENU.(WindowMSButtonShared).xdb,added,,2423,2107-12-31-23-59-56
Universe_mod.pak,UI/RMGScreen/Universe_RMG/UNI09MENU.(UISSendUIMessage).xdb,added,,504,2107-12-31-23-59-56
Universe_mod.pak,UI/RMGScreen/Universe_RMG/UNI09MENU.(WindowMSButton).xdb,added,,1839,2107-12-31-23-59-56
Universe_mod.pak,UI/RMGScreen/Universe_RMG/UNI09MENU.(WindowMSButtonShared).xdb,added,,2423,2107-12-31-23-59-56
Universe_mod.pak,UI/RMGScreen/Universe_RMG/UNI10MENU.(UISSendUIMessage).xdb,added,,504,2107-12-31-23-59-56
Universe_mod.pak,UI/RMGScreen/Universe_RMG/UNI10MENU.(WindowMSButton).xdb,added,,1839,2107-12-31-23-59-56
Universe_mod.pak,UI/RMGScreen/Universe_RMG/UNI10MENU.(WindowMSButtonShared).xdb,added,,2423,2107-12-31-23-59-56
Universe_mod.pak,UI/RMGScreen/Universe_RMG/UNI11MENU.(UISSendUIMessage).xdb,added,,504,2107-12-31-23-59-56
Universe_mod.pak,UI/RMGScreen/Universe_RMG/UNI11MENU.(WindowMSButton).xdb,added,,1839,2107-12-31-23-59-56
Universe_mod.pak,UI/RMGScreen/Universe_RMG/UNI11MENU.(WindowMSButtonShared).xdb,added,,2423,2107-12-31-23-59-56
Universe_mod.pak,UI/RMGScreen/Universe_RMG/UNI12MENU.(UISSendUIMessage).xdb,added,,504,2107-12-31-23-59-56
Universe_mod.pak,UI/RMGScreen/Universe_RMG/UNI12MENU.(WindowMSButton).xdb,added,,1839,2107-12-31-23-59-56
Universe_mod.pak,UI/RMGScreen/Universe_RMG/UNI12MENU.(WindowMSButtonShared).xdb,added,,2423,2107-12-31-23-59-56
Universe_mod.pak,UI/RMGScreen/Universe_RMG/UNI13MENU.(UISSendUIMessage).xdb,added,,504,2107-12-31-23-59-56
Universe_mod.pak,UI/RMGScreen/Universe_RMG/UNI13MENU.(WindowMSButton).xdb,added,,1839,2107-12-31-23-59-56
Universe_mod.pak,UI/RMGScreen/Universe_RMG/UNI13MENU.(WindowMSButtonShared).xdb,added,,2423,2107-12-31-23-59-56
Universe_mod.pak,UI/RMGScreen/Universe_RMG/UNI14MENU.(UISSendUIMessage).xdb,added,,504,2107-12-31-23-59-56
Universe_mod.pak,UI/RMGScreen/Universe_RMG/UNI14MENU.(WindowMSButton).xdb,added,,1839,2107-12-31-23-59-56
Universe_mod.pak,UI/RMGScreen/Universe_RMG/UNI14MENU.(WindowMSButtonShared).xdb,added,,2423,2107-12-31-23-59-56
Universe_mod.pak,UI/RMGScreen/Universe_RMG/UNI15MENU.(UISSendUIMessage).xdb,added,,504,2107-12-31-23-59-56
Universe_mod.pak,UI/RMGScreen/Universe_RMG/UNI15MENU.(WindowMSButton).xdb,added,,1839,2107-12-31-23-59-56
Universe_mod.pak,UI/RMGScreen/Universe_RMG/UNI15MENU.(WindowMSButtonShared).xdb,added,,2423,2107-12-31-23-59-56
Universe_mod.pak,UI/RMGScreen/Universe_RMG/UNI16MENU.(UISSendUIMessage).xdb,added,,504,2107-12-31-23-59-56
Universe_mod.pak,UI/RMGScreen/Universe_RMG/UNI16MENU.(WindowMSButton).xdb,added,,1840,2107-12-31-23-59-56
Universe_mod.pak,UI/RMGScreen/Universe_RMG/UNI16MENU.(WindowMSButtonShared).xdb,added,,2423,2107-12-31-23-59-56
Universe_mod.pak,UI/RMGScreen/Universe_RMG/UNI17MENU.(UISSendUIMessage).xdb,added,,504,2107-12-31-23-59-56
Universe_mod.pak,UI/RMGScreen/Universe_RMG/UNI17MENU.(WindowMSButton).xdb,added,,1839,2107-12-31-23-59-56
Universe_mod.pak,UI/RMGScreen/Universe_RMG/UNI17MENU.(WindowMSButtonShared).xdb,added,,2423,2107-12-31-23-59-56
Universe_mod.pak,UI/RMGScreen/Universe_RMG/UNI18MENU.(UISSendUIMessage).xdb,added,,504,2107-12-31-23-59-56
Universe_mod.pak,UI/RMGScreen/Universe_RMG/UNI18MENU.(WindowMSButton).xdb,added,,1839,2107-12-31-23-59-56
Universe_mod.pak,UI/RMGScreen/Universe_RMG/UNI18MENU.(WindowMSButtonShared).xdb,added,,2423,2107-12-31-23-59-56
Universe_mod.pak,UI/RMGScreen/Universe_RMG/UNIVERSERMG.(WindowMSButton).xdb,added,,2518,2107-12-31-23-59-56
Universe_mod.pak,UI/RMGScreen/Universe_RMG/UNIVERSERMG.(WindowMSButtonShared).xdb,added,,3816,2107-12-31-23-59-56
Universe_mod.pak,UI/RMGScreen/Universe_RMG/UNIVERSERMG.(WindowSimple).xdb,added,,1131,2107-12-31-23-59-56
Universe_mod.pak,UI/RMGScreen/Universe_RMG/UNIVERSERMG_ADV.(WindowSimple).xdb,added,,1139,2107-12-31-23-59-56
Universe_mod.pak,UI/RMGScreen/Universe_RMG/UNIVERSE_08INFO.(BackgroundSimpleTexture).xdb,added,,289,2107-12-31-23-59-56
Universe_mod.pak,UI/RMGScreen/Universe_RMG/UNIVERSE_RMG.(WindowSimpleShared).xdb,added,,4076,2107-12-31-23-59-56
Universe_mod.pak,UI/RMGScreen/Universe_RMG/UNIVERSE_RMG_ADV.(WindowSimpleShared).xdb,added,,4161,2107-12-31-23-59-56
Universe_mod.pak,UI/RMGScreen/Universe_RMG/UNI_HIDE.(UISSendUIMessage).xdb,added,,508,2107-12-31-23-59-56
Universe_mod.pak,UI/RMGScreen/Universe_RMG/UNI_RMG_VIEW_WINDOW_01.(BackgroundSimpleTexture).xdb,added,,300,2107-12-31-23-59-56
Universe_mod.pak,UI/RMGScreen/Universe_RMG/UNI_RMG_VIEW_WINDOW_01.(Texture).dds,added,,966236,2107-12-31-23-59-56
Universe_mod.pak,UI/RMGScreen/Universe_RMG/UNI_RMG_VIEW_WINDOW_01.(Texture).xdb,added,,590,2107-12-31-23-59-56
Universe_mod.pak,UI/RMGScreen/Universe_RMG/UNI_RMG_VIEW_WINDOW_01.(WindowSimple).xdb,added,,1134,2107-12-31-23-59-56
Universe_mod.pak,UI/RMGScreen/Universe_RMG/UNI_RMG_VIEW_WINDOW_01.(WindowSimpleShared).xdb,added,,1050,2107-12-31-23-59-56
Universe_mod.pak,UI/RMGScreen/Universe_RMG/UNI_RMG_VIEW_WINDOW_02.(BackgroundSimpleTexture).xdb,added,,300,2107-12-31-23-59-56
Universe_mod.pak,UI/RMGScreen/Universe_RMG/UNI_RMG_VIEW_WINDOW_02.(Texture).dds,added,,966236,2107-12-31-23-59-56
Universe_mod.pak,UI/RMGScreen/Universe_RMG/UNI_RMG_VIEW_WINDOW_02.(Texture).xdb,added,,590,2107-12-31-23-59-56
Universe_mod.pak,UI/RMGScreen/Universe_RMG/UNI_RMG_VIEW_WINDOW_02.(WindowSimple).xdb,added,,1134,2107-12-31-23-59-56
Universe_mod.pak,UI/RMGScreen/Universe_RMG/UNI_RMG_VIEW_WINDOW_02.(WindowSimpleShared).xdb,added,,1026,2107-12-31-23-59-56
Universe_mod.pak,UI/RMGScreen/Universe_RMG/UNI_RMG_VIEW_WINDOW_03.(BackgroundSimpleTexture).xdb,added,,300,2107-12-31-23-59-56
Universe_mod.pak,UI/RMGScreen/Universe_RMG/UNI_RMG_VIEW_WINDOW_03.(Texture).dds,added,,966236,2107-12-31-23-59-56
Universe_mod.pak,UI/RMGScreen/Universe_RMG/UNI_RMG_VIEW_WINDOW_03.(Texture).xdb,added,,599,2107-12-31-23-59-56
Universe_mod.pak,UI/RMGScreen/Universe_RMG/UNI_RMG_VIEW_WINDOW_03.(WindowSimple).xdb,added,,1134,2107-12-31-23-59-56
Universe_mod.pak,UI/RMGScreen/Universe_RMG/UNI_RMG_VIEW_WINDOW_03.(WindowSimpleShared).xdb,added,,1026,2107-12-31-23-59-56
Universe_mod.pak,UI/RMGScreen/Universe_RMG/UNI_RMG_VIEW_WINDOW_04.(BackgroundSimpleTexture).xdb,added,,300,2107-12-31-23-59-56
Universe_mod.pak,UI/RMGScreen/Universe_RMG/UNI_RMG_VIEW_WINDOW_04.(Texture).dds,added,,966236,2107-12-31-23-59-56
Universe_mod.pak,UI/RMGScreen/Universe_RMG/UNI_RMG_VIEW_WINDOW_04.(Texture).xdb,added,,590,2107-12-31-23-59-56
Universe_mod.pak,UI/RMGScreen/Universe_RMG/UNI_RMG_VIEW_WINDOW_04.(WindowSimple).xdb,added,,1134,2107-12-31-23-59-56
Universe_mod.pak,UI/RMGScreen/Universe_RMG/UNI_RMG_VIEW_WINDOW_04.(WindowSimpleShared).xdb,added,,1026,2107-12-31-23-59-56
Universe_mod.pak,UI/RMGScreen/Universe_RMG/UNI_RMG_VIEW_WINDOW_05.(BackgroundSimpleTexture).xdb,added,,300,2107-12-31-23-59-56
Universe_mod.pak,UI/RMGScreen/Universe_RMG/UNI_RMG_VIEW_WINDOW_05.(Texture).dds,added,,966236,2107-12-31-23-59-56
Universe_mod.pak,UI/RMGScreen/Universe_RMG/UNI_RMG_VIEW_WINDOW_05.(Texture).xdb,added,,595,2107-12-31-23-59-56
Universe_mod.pak,UI/RMGScreen/Universe_RMG/UNI_RMG_VIEW_WINDOW_05.(WindowSimple).xdb,added,,1134,2107-12-31-23-59-56
Universe_mod.pak,UI/RMGScreen/Universe_RMG/UNI_RMG_VIEW_WINDOW_05.(WindowSimpleShared).xdb,added,,1026,2107-12-31-23-59-56
Universe_mod.pak,UI/RMGScreen/Universe_RMG/UNI_RMG_VIEW_WINDOW_06.(BackgroundSimpleTexture).xdb,added,,300,2107-12-31-23-59-56
Universe_mod.pak,UI/RMGScreen/Universe_RMG/UNI_RMG_VIEW_WINDOW_06.(Texture).dds,added,,966236,2107-12-31-23-59-56
Universe_mod.pak,UI/RMGScreen/Universe_RMG/UNI_RMG_VIEW_WINDOW_06.(Texture).xdb,added,,599,2107-12-31-23-59-56
Universe_mod.pak,UI/RMGScreen/Universe_RMG/UNI_RMG_VIEW_WINDOW_06.(WindowSimple).xdb,added,,1134,2107-12-31-23-59-56
Universe_mod.pak,UI/RMGScreen/Universe_RMG/UNI_RMG_VIEW_WINDOW_06.(WindowSimpleShared).xdb,added,,1026,2107-12-31-23-59-56
Universe_mod.pak,UI/RMGScreen/Universe_RMG/UNI_RMG_VIEW_WINDOW_07.(BackgroundSimpleTexture).xdb,added,,300,2107-12-31-23-59-56
Universe_mod.pak,UI/RMGScreen/Universe_RMG/UNI_RMG_VIEW_WINDOW_07.(Texture).dds,added,,966236,2107-12-31-23-59-56
Universe_mod.pak,UI/RMGScreen/Universe_RMG/UNI_RMG_VIEW_WINDOW_07.(Texture).xdb,added,,586,2107-12-31-23-59-56
Universe_mod.pak,UI/RMGScreen/Universe_RMG/UNI_RMG_VIEW_WINDOW_07.(WindowSimple).xdb,added,,1134,2107-12-31-23-59-56
Universe_mod.pak,UI/RMGScreen/Universe_RMG/UNI_RMG_VIEW_WINDOW_07.(WindowSimpleShared).xdb,added,,1026,2107-12-31-23-59-56
Universe_mod.pak,UI/RMGScreen/Universe_RMG/UNI_RMG_VIEW_WINDOW_08.(BackgroundSimpleTexture).xdb,added,,300,2107-12-31-23-59-56
Universe_mod.pak,UI/RMGScreen/Universe_RMG/UNI_RMG_VIEW_WINDOW_08.(Texture).dds,added,,966236,2107-12-31-23-59-56
Universe_mod.pak,UI/RMGScreen/Universe_RMG/UNI_RMG_VIEW_WINDOW_08.(Texture).xdb,added,,586,2107-12-31-23-59-56
Universe_mod.pak,UI/RMGScreen/Universe_RMG/UNI_RMG_VIEW_WINDOW_08.(WindowSimple).xdb,added,,1134,2107-12-31-23-59-56
Universe_mod.pak,UI/RMGScreen/Universe_RMG/UNI_RMG_VIEW_WINDOW_08.(WindowSimpleShared).xdb,added,,1026,2107-12-31-23-59-56
Universe_mod.pak,UI/RMGScreen/Universe_RMG/UNI_RMG_VIEW_WINDOW_09.(BackgroundSimpleTexture).xdb,added,,300,2107-12-31-23-59-56
Universe_mod.pak,UI/RMGScreen/Universe_RMG/UNI_RMG_VIEW_WINDOW_09.(Texture).dds,added,,966236,2107-12-31-23-59-56
Universe_mod.pak,UI/RMGScreen/Universe_RMG/UNI_RMG_VIEW_WINDOW_09.(Texture).xdb,added,,597,2107-12-31-23-59-56
Universe_mod.pak,UI/RMGScreen/Universe_RMG/UNI_RMG_VIEW_WINDOW_09.(WindowSimple).xdb,added,,1134,2107-12-31-23-59-56
Universe_mod.pak,UI/RMGScreen/Universe_RMG/UNI_RMG_VIEW_WINDOW_09.(WindowSimpleShared).xdb,added,,1026,2107-12-31-23-59-56
Universe_mod.pak,UI/RMGScreen/Universe_RMG/UNI_RMG_VIEW_WINDOW_10.(BackgroundSimpleTexture).xdb,added,,300,2107-12-31-23-59-56
Universe_mod.pak,UI/RMGScreen/Universe_RMG/UNI_RMG_VIEW_WINDOW_10.(Texture).dds,added,,966236,2107-12-31-23-59-56
Universe_mod.pak,UI/RMGScreen/Universe_RMG/UNI_RMG_VIEW_WINDOW_10.(Texture).xdb,added,,593,2107-12-31-23-59-56
Universe_mod.pak,UI/RMGScreen/Universe_RMG/UNI_RMG_VIEW_WINDOW_10.(WindowSimple).xdb,added,,1134,2107-12-31-23-59-56
Universe_mod.pak,UI/RMGScreen/Universe_RMG/UNI_RMG_VIEW_WINDOW_10.(WindowSimpleShared).xdb,added,,1026,2107-12-31-23-59-56
Universe_mod.pak,UI/RMGScreen/Universe_RMG/UNI_RMG_VIEW_WINDOW_11.(BackgroundSimpleTexture).xdb,added,,300,2107-12-31-23-59-56
Universe_mod.pak,UI/RMGScreen/Universe_RMG/UNI_RMG_VIEW_WINDOW_11.(Texture).dds,added,,966236,2107-12-31-23-59-56
Universe_mod.pak,UI/RMGScreen/Universe_RMG/UNI_RMG_VIEW_WINDOW_11.(Texture).xdb,added,,590,2107-12-31-23-59-56
Universe_mod.pak,UI/RMGScreen/Universe_RMG/UNI_RMG_VIEW_WINDOW_11.(WindowSimple).xdb,added,,1134,2107-12-31-23-59-56
Universe_mod.pak,UI/RMGScreen/Universe_RMG/UNI_RMG_VIEW_WINDOW_11.(WindowSimpleShared).xdb,added,,1026,2107-12-31-23-59-56
Universe_mod.pak,UI/RMGScreen/Universe_RMG/UNI_RMG_VIEW_WINDOW_12.(BackgroundSimpleTexture).xdb,added,,300,2107-12-31-23-59-56
Universe_mod.pak,UI/RMGScreen/Universe_RMG/UNI_RMG_VIEW_WINDOW_12.(Texture).dds,added,,966236,2107-12-31-23-59-56
Universe_mod.pak,UI/RMGScreen/Universe_RMG/UNI_RMG_VIEW_WINDOW_12.(Texture).xdb,added,,590,2107-12-31-23-59-56
Universe_mod.pak,UI/RMGScreen/Universe_RMG/UNI_RMG_VIEW_WINDOW_12.(WindowSimple).xdb,added,,1134,2107-12-31-23-59-56
Universe_mod.pak,UI/RMGScreen/Universe_RMG/UNI_RMG_VIEW_WINDOW_12.(WindowSimpleShared).xdb,added,,1026,2107-12-31-23-59-56
Universe_mod.pak,UI/RMGScreen/Universe_RMG/UNI_RMG_VIEW_WINDOW_13.(BackgroundSimpleTexture).xdb,added,,300,2107-12-31-23-59-56
Universe_mod.pak,UI/RMGScreen/Universe_RMG/UNI_RMG_VIEW_WINDOW_13.(Texture).dds,added,,966236,2107-12-31-23-59-56
Universe_mod.pak,UI/RMGScreen/Universe_RMG/UNI_RMG_VIEW_WINDOW_13.(Texture).xdb,added,,599,2107-12-31-23-59-56
Universe_mod.pak,UI/RMGScreen/Universe_RMG/UNI_RMG_VIEW_WINDOW_13.(WindowSimple).xdb,added,,1134,2107-12-31-23-59-56
Universe_mod.pak,UI/RMGScreen/Universe_RMG/UNI_RMG_VIEW_WINDOW_13.(WindowSimpleShared).xdb,added,,1026,2107-12-31-23-59-56
Universe_mod.pak,UI/RMGScreen/Universe_RMG/UNI_RMG_VIEW_WINDOW_14.(BackgroundSimpleTexture).xdb,added,,300,2107-12-31-23-59-56
Universe_mod.pak,UI/RMGScreen/Universe_RMG/UNI_RMG_VIEW_WINDOW_14.(Texture).dds,added,,966236,2107-12-31-23-59-56
Universe_mod.pak,UI/RMGScreen/Universe_RMG/UNI_RMG_VIEW_WINDOW_14.(Texture).xdb,added,,590,2107-12-31-23-59-56
Universe_mod.pak,UI/RMGScreen/Universe_RMG/UNI_RMG_VIEW_WINDOW_14.(WindowSimple).xdb,added,,1134,2107-12-31-23-59-56
Universe_mod.pak,UI/RMGScreen/Universe_RMG/UNI_RMG_VIEW_WINDOW_14.(WindowSimpleShared).xdb,added,,1026,2107-12-31-23-59-56
Universe_mod.pak,UI/RMGScreen/Universe_RMG/UNI_RMG_VIEW_WINDOW_15.(BackgroundSimpleTexture).xdb,added,,300,2107-12-31-23-59-56
Universe_mod.pak,UI/RMGScreen/Universe_RMG/UNI_RMG_VIEW_WINDOW_15.(Texture).dds,added,,966236,2107-12-31-23-59-56
Universe_mod.pak,UI/RMGScreen/Universe_RMG/UNI_RMG_VIEW_WINDOW_15.(Texture).xdb,added,,590,2107-12-31-23-59-56
Universe_mod.pak,UI/RMGScreen/Universe_RMG/UNI_RMG_VIEW_WINDOW_15.(WindowSimple).xdb,added,,1134,2107-12-31-23-59-56
Universe_mod.pak,UI/RMGScreen/Universe_RMG/UNI_RMG_VIEW_WINDOW_15.(WindowSimpleShared).xdb,added,,1026,2107-12-31-23-59-56
Universe_mod.pak,UI/RMGScreen/Universe_RMG/UNI_RMG_VIEW_WINDOW_16.(BackgroundSimpleTexture).xdb,added,,300,2107-12-31-23-59-56
Universe_mod.pak,UI/RMGScreen/Universe_RMG/UNI_RMG_VIEW_WINDOW_16.(Texture).dds,added,,966236,2107-12-31-23-59-56
Universe_mod.pak,UI/RMGScreen/Universe_RMG/UNI_RMG_VIEW_WINDOW_16.(Texture).xdb,added,,590,2107-12-31-23-59-56
Universe_mod.pak,UI/RMGScreen/Universe_RMG/UNI_RMG_VIEW_WINDOW_16.(WindowSimple).xdb,added,,1134,2107-12-31-23-59-56
Universe_mod.pak,UI/RMGScreen/Universe_RMG/UNI_RMG_VIEW_WINDOW_16.(WindowSimpleShared).xdb,added,,1026,2107-12-31-23-59-56
Universe_mod.pak,UI/RMGScreen/Universe_RMG/UNI_RMG_VIEW_WINDOW_17.(BackgroundSimpleTexture).xdb,added,,300,2107-12-31-23-59-56
Universe_mod.pak,UI/RMGScreen/Universe_RMG/UNI_RMG_VIEW_WINDOW_17.(Texture).dds,added,,966236,2107-12-31-23-59-56
Universe_mod.pak,UI/RMGScreen/Universe_RMG/UNI_RMG_VIEW_WINDOW_17.(Texture).xdb,added,,596,2107-12-31-23-59-56
Universe_mod.pak,UI/RMGScreen/Universe_RMG/UNI_RMG_VIEW_WINDOW_17.(WindowSimple).xdb,added,,1134,2107-12-31-23-59-56
Universe_mod.pak,UI/RMGScreen/Universe_RMG/UNI_RMG_VIEW_WINDOW_17.(WindowSimpleShared).xdb,added,,1026,2107-12-31-23-59-56
Universe_mod.pak,UI/RMGScreen/Universe_RMG/UNI_RMG_VIEW_WINDOW_18.(BackgroundSimpleTexture).xdb,added,,300,2107-12-31-23-59-56
Universe_mod.pak,UI/RMGScreen/Universe_RMG/UNI_RMG_VIEW_WINDOW_18.(Texture).dds,added,,966236,2107-12-31-23-59-56
Universe_mod.pak,UI/RMGScreen/Universe_RMG/UNI_RMG_VIEW_WINDOW_18.(Texture).xdb,added,,594,2107-12-31-23-59-56
Universe_mod.pak,UI/RMGScreen/Universe_RMG/UNI_RMG_VIEW_WINDOW_18.(WindowSimple).xdb,added,,1134,2107-12-31-23-59-56
Universe_mod.pak,UI/RMGScreen/Universe_RMG/UNI_RMG_VIEW_WINDOW_18.(WindowSimpleShared).xdb,added,,1026,2107-12-31-23-59-56
Universe_mod.pak,UI/RMGScreen/Universe_RMG/UNI_SHOW.(UISSendUIMessage).xdb,added,,507,2107-12-31-23-59-56
Universe_mod.pak,UI/RMGScreen/Universe_RMG/Split+/UNI_RMG_VIEW_WINDOW_SPLIT+.(BackgroundSimpleTexture).xdb,added,,304,2107-12-31-23-59-56
Universe_mod.pak,UI/RMGScreen/Universe_RMG/Split+/UNI_RMG_VIEW_WINDOW_SPLIT+.(Texture).dds,added,,966236,2107-12-31-23-59-56
Universe_mod.pak,UI/RMGScreen/Universe_RMG/Split+/UNI_RMG_VIEW_WINDOW_SPLIT+.(Texture).xdb,added,,590,2107-12-31-23-59-56
Universe_mod.pak,UI/RMGScreen/Universe_RMG/Split+/UNI_RMG_VIEW_WINDOW_SPLIT+.(WindowSimple).xdb,added,,1142,2107-12-31-23-59-56
Universe_mod.pak,UI/RMGScreen/Universe_RMG/Split+/UNI_RMG_VIEW_WINDOW_SPLIT+.(WindowSimpleShared).xdb,added,,1030,2107-12-31-23-59-56
Universe_mod.pak,UI/StrongholdSlaveMarket/Background.(BackgroundSimpleTexture).xdb,changed,data.pak,318,2107-12-31-23-59-56
Universe_mod.pak,UI/StrongholdSlaveMarket/OrcsSlaveMarket.(Texture).dds,added,,4194432,2107-12-31-23-59-56
Universe_mod.pak,UI/StrongholdSlaveMarket/OrcsSlaveMarket.(Texture).xdb,added,,597,2107-12-31-23-59-56
Universe_mod.pak,UI/TownBuildNew/BuildingsHolder.(WindowSimpleShared).xdb,changed,data.pak,4310,2107-12-31-23-59-56
Universe_mod.pak,UI/TownBuildNew/BuldingsHolder.(WindowSimple).xdb,changed,a2p1-data.pak,1126,2107-12-31-23-59-56
Universe_mod.pak,UI/TownBuildNew/TownLevel.(WindowTextView).xdb,changed,a2p1-data.pak,1297,2107-12-31-23-59-56
Universe_mod.pak,UI/TownBuildNew/UniTown.(BackgroundSimpleTexture).xdb,added,,285,2107-12-31-23-59-56
Universe_mod.pak,UI/TownBuildNew/UniTown.(Texture).dds,added,,25532,2107-12-31-23-59-56
Universe_mod.pak,UI/TownBuildNew/UniTown.(Texture).xdb,added,,581,2107-12-31-23-59-56
Universe_mod.pak,UI/TownBuildNew/UniTownLevel.(WindowSimple).xdb,added,,1117,2107-12-31-23-59-56
Universe_mod.pak,UI/TownBuildNew/UniTownLevel.(WindowSimpleShared).xdb,added,,929,2107-12-31-23-59-56
Universe_mod.pak,UI/TownBuildNew/BuildingsHolder/Back.(BackgroundSimpleTexture).xdb,same,data.pak,307,2107-12-31-23-59-56
Universe_mod.pak,UI/TownBuildNew/BuildingsHolder/Back.(Texture).dds,changed,data.pak,524416,2107-12-31-23-59-56
Universe_mod.pak,UI/TownBuildNew/BuildingsHolder/Back.(Texture).xdb,changed,data.pak,607,2107-12-31-23-59-56
Universe_mod.pak,UI/TownBuildNew/BuildingsHolder/Buildings/building_1_1.(WindowSimple).xdb,changed,data.pak,1140,2107-12-31-23-59-56
Universe_mod.pak,UI/TownBuildNew/BuildingsHolder/Buildings/building_1_2.(WindowSimple).xdb,changed,data.pak,1140,2107-12-31-23-59-56
Universe_mod.pak,UI/TownBuildNew/BuildingsHolder/Buildings/building_1_3.(WindowSimple).xdb,changed,data.pak,1139,2107-12-31-23-59-56
Universe_mod.pak,UI/TownBuildNew/BuildingsHolder/Buildings/building_1_4.(WindowSimple).xdb,changed,data.pak,1140,2107-12-31-23-59-56
Universe_mod.pak,UI/TownBuildNew/BuildingsHolder/Buildings/building_1_5.(WindowSimple).xdb,changed,data.pak,1141,2107-12-31-23-59-56
Universe_mod.pak,UI/TownBuildNew/BuildingsHolder/Buildings/building_1_6.(WindowSimple).xdb,changed,data.pak,1140,2107-12-31-23-59-56
Universe_mod.pak,UI/TownBuildNew/BuildingsHolder/Buildings/building_2_1.(WindowSimple).xdb,changed,data.pak,1141,2107-12-31-23-59-56
Universe_mod.pak,UI/TownBuildNew/BuildingsHolder/Buildings/building_2_2.(WindowSimple).xdb,changed,data.pak,1141,2107-12-31-23-59-56
Universe_mod.pak,UI/TownBuildNew/BuildingsHolder/Buildings/building_2_3.(WindowSimple).xdb,changed,data.pak,1140,2107-12-31-23-59-56
Universe_mod.pak,UI/TownBuildNew/BuildingsHolder/Buildings/building_2_4.(WindowSimple).xdb,changed,data.pak,1141,2107-12-31-23-59-56
Universe_mod.pak,UI/TownBuildNew/BuildingsHolder/Buildings/building_2_5.(WindowSimple).xdb,changed,data.pak,1141,2107-12-31-23-59-56
Universe_mod.pak,UI/TownBuildNew/BuildingsHolder/Buildings/building_2_6.(WindowSimple).xdb,changed,data.pak,1141,2107-12-31-23-59-56
Universe_mod.pak,UI/TownBuildNew/BuildingsHolder/Buildings/building_3_1.(WindowSimple).xdb,changed,data.pak,1140,2107-12-31-23-59-56
Universe_mod.pak,UI/TownBuildNew/BuildingsHolder/Buildings/building_3_2.(WindowSimple).xdb,changed,data.pak,1141,2107-12-31-23-59-56
Universe_mod.pak,UI/TownBuildNew/BuildingsHolder/Buildings/building_3_3.(WindowSimple).xdb,changed,data.pak,1141,2107-12-31-23-59-56
Universe_mod.pak,UI/TownBuildNew/BuildingsHolder/Buildings/building_3_4.(WindowSimple).xdb,changed,data.pak,1141,2107-12-31-23-59-56
Universe_mod.pak,UI/TownBuildNew/BuildingsHolder/Buildings/building_3_5.(WindowSimple).xdb,changed,data.pak,1141,2107-12-31-23-59-56
Universe_mod.pak,UI/TownBuildNew/BuildingsHolder/Buildings/building_3_6.(WindowSimple).xdb,changed,data.pak,1141,2107-12-31-23-59-56
Universe_mod.pak,UI/TownBuildNew/BuildingsHolder/Buildings/building_4_1.(WindowSimple).xdb,changed,data.pak,1141,2107-12-31-23-59-56
Universe_mod.pak,UI/TownBuildNew/BuildingsHolder/Buildings/building_4_2.(WindowSimple).xdb,changed,data.pak,1141,2107-12-31-23-59-56
Universe_mod.pak,UI/TownBuildNew/BuildingsHolder/Buildings/building_4_3.(WindowSimple).xdb,changed,data.pak,1141,2107-12-31-23-59-56
Universe_mod.pak,UI/TownBuildNew/BuildingsHolder/Buildings/building_4_4.(WindowSimple).xdb,changed,data.pak,1141,2107-12-31-23-59-56
Universe_mod.pak,UI/TownBuildNew/BuildingsHolder/Buildings/building_4_5.(WindowSimple).xdb,changed,data.pak,1140,2107-12-31-23-59-56
Universe_mod.pak,UI/TownBuildNew/BuildingsHolder/Buildings/building_4_6.(WindowSimple).xdb,changed,data.pak,1141,2107-12-31-23-59-56
Universe_mod.pak,UI/TownBuildNew/BuildingsHolder/Buildings/building_5_1.(WindowSimple).xdb,changed,data.pak,1140,2107-12-31-23-59-56
Universe_mod.pak,UI/TownBuildNew/BuildingsHolder/Buildings/building_5_2.(WindowSimple).xdb,changed,data.pak,1141,2107-12-31-23-59-56
Universe_mod.pak,UI/TownBuildNew/BuildingsHolder/Buildings/building_5_3.(WindowSimple).xdb,changed,data.pak,1141,2107-12-31-23-59-56
Universe_mod.pak,UI/TownBuildNew/BuildingsHolder/Buildings/building_5_4.(WindowSimple).xdb,changed,data.pak,1141,2107-12-31-23-59-56
Universe_mod.pak,UI/TownBuildNew/BuildingsHolder/Buildings/building_5_5.(WindowSimple).xdb,changed,data.pak,1141,2107-12-31-23-59-56
Universe_mod.pak,UI/TownBuildNew/BuildingsHolder/Buildings/building_5_6.(WindowSimple).xdb,changed,data.pak,1141,2107-12-31-23-59-56
Universe_mod.pak,UI/TownBuildNew/Towns/academy.(TownBuildDefinition).xdb,changed,data.pak,7091,2107-12-31-23-59-56
Universe_mod.pak,UI/TownBuildNew/Towns/dungeon.(TownBuildDefinition).xdb,changed,data.pak,7207,2107-12-31-23-59-56
Universe_mod.pak,UI/TownBuildNew/Towns/dwarven.(TownBuildDefinition).xdb,changed,data.pak,7614,2107-12-31-23-59-56
Universe_mod.pak,UI/TownBuildNew/Towns/haven.(TownBuildDefinition).xdb,changed,data.pak,7189,2107-12-31-23-59-56
Universe_mod.pak,UI/TownBuildNew/Towns/inferno.(TownBuildDefinition).xdb,changed,data.pak,6991,2107-12-31-23-59-56
Universe_mod.pak,UI/TownBuildNew/Towns/necropolis.(TownBuildDefinition).xdb,changed,data.pak,7088,2107-12-31-23-59-56
Universe_mod.pak,UI/TownBuildNew/Towns/preserve.(TownBuildDefinition).xdb,changed,data.pak,7323,2107-12-31-23-59-56
Universe_mod.pak,UI/TownBuildNew/Towns/stronghold.(TownBuildDefinition).xdb,changed,data.pak,6816,2107-12-31-23-59-56
Universe_mod.pak,UI/UIEditor/AdventureScreen/FlybyText.(WindowStaticText).xdb,same,data.pak,1161,2107-12-31-23-59-56
Universe_mod.pak,UI/UI_ADDONS/ADV_RMG_CLOSE.(UISSendUIMessage).xdb,added,,509,2107-12-31-23-59-56
Universe_mod.pak,UI/UI_ADDONS/AgMainText.(WindowTextView).xdb,added,,1259,2107-12-31-23-59-56
Universe_mod.pak,UI/UI_ADDONS/AgMainText.(WindowTextViewShared).xdb,added,,1020,2107-12-31-23-59-56
Universe_mod.pak,UI/UI_ADDONS/CLOSEALLNormal.(BackgroundSimpleTexture).xdb,added,,292,2107-12-31-23-59-56
Universe_mod.pak,UI/UI_ADDONS/CLOSEALLNormal.(Texture).dds,added,,2628,2107-12-31-23-59-56
Universe_mod.pak,UI/UI_ADDONS/CLOSEALLNormal.(Texture).xdb,added,,575,2107-12-31-23-59-56
Universe_mod.pak,UI/UI_ADDONS/CloseALLPUSH.(BackgroundSimpleTexture).xdb,added,,290,2107-12-31-23-59-56
Universe_mod.pak,UI/UI_ADDONS/CloseALLPUSH.(Texture).dds,added,,2628,2107-12-31-23-59-56
Universe_mod.pak,UI/UI_ADDONS/CloseALLPUSH.(Texture).xdb,added,,573,2107-12-31-23-59-56
Universe_mod.pak,UI/UI_ADDONS/CR_UNI_CLOSE_ALL.(UISSendUIMessage).xdb,added,,505,2107-12-31-23-59-56
Universe_mod.pak,UI/UI_ADDONS/CR_UNI_CLOSE_ALL.(WindowMSButton).xdb,added,,2526,2107-12-31-23-59-56
Universe_mod.pak,UI/UI_ADDONS/CR_UNI_CLOSE_ALL.(WindowMSButtonShared).xdb,added,,3725,2107-12-31-23-59-56
Universe_mod.pak,UI/UI_ADDONS/HIDEGLOW.(BackgroundSimpleTexture).xdb,added,,286,2107-12-31-23-59-56
Universe_mod.pak,UI/UI_ADDONS/HIDEGLOW.(Texture).dds,added,,16720,2107-12-31-23-59-56
Universe_mod.pak,UI/UI_ADDONS/HIDEGLOW.(Texture).xdb,added,,594,2107-12-31-23-59-56
Universe_mod.pak,UI/UI_ADDONS/RMGBUTTONGLOWED.(BackgroundSimpleTexture).xdb,added,,293,2107-12-31-23-59-56
Universe_mod.pak,UI/UI_ADDONS/RMGBUTTONGLOWED.(Texture).dds,added,,16720,2107-12-31-23-59-56
Universe_mod.pak,UI/UI_ADDONS/RMGBUTTONGLOWED.(Texture).xdb,added,,594,2107-12-31-23-59-56
Universe_mod.pak,UI/UI_ADDONS/RmgMenuText.(WindowTextView).xdb,added,,1261,2107-12-31-23-59-56
Universe_mod.pak,UI/UI_ADDONS/RmgMenuText.(WindowTextViewShared).xdb,added,,1020,2107-12-31-23-59-56
Universe_mod.pak,UI/UniverseHeroes/BUTCLOSE.(UISSendUIMessage).xdb,added,,513,2107-12-31-23-59-56
Universe_mod.pak,UI/UniverseHeroes/BUTOPEN.(UISSendUIMessage).xdb,added,,513,2107-12-31-23-59-56
Universe_mod.pak,UI/UniverseHeroes/Class_Hero.(WindowTextViewShared).xdb,added,,1025,2107-12-31-23-59-56
Universe_mod.pak,UI/UniverseHeroes/Class_Hero_01.(WindowTextView).xdb,added,,1207,2107-12-31-23-59-56
Universe_mod.pak,UI/UniverseHeroes/Class_Hero_02.(WindowTextView).xdb,added,,1207,2107-12-31-23-59-56
Universe_mod.pak,UI/UniverseHeroes/Class_Hero_03.(WindowTextView).xdb,added,,1207,2107-12-31-23-59-56
Universe_mod.pak,UI/UniverseHeroes/Class_Hero_04.(WindowTextView).xdb,added,,1207,2107-12-31-23-59-56
Universe_mod.pak,UI/UniverseHeroes/Class_Hero_05.(WindowTextView).xdb,added,,1207,2107-12-31-23-59-56
Universe_mod.pak,UI/UniverseHeroes/Class_Hero_06.(WindowTextView).xdb,added,,1207,2107-12-31-23-59-56
Universe_mod.pak,UI/UniverseHeroes/Class_Hero_07.(WindowTextView).xdb,added,,1207,2107-12-31-23-59-56
Universe_mod.pak,UI/UniverseHeroes/Class_Hero_08.(WindowTextView).xdb,added,,1207,2107-12-31-23-59-56
Universe_mod.pak,UI/UniverseHeroes/Class_Hero_09.(WindowTextView).xdb,added,,1210,2107-12-31-23-59-56
Universe_mod.pak,UI/UniverseHeroes/Class_Hero_10.(WindowTextView).xdb,added,,1210,2107-12-31-23-59-56
Universe_mod.pak,UI/UniverseHeroes/Class_Hero_11.(WindowTextView).xdb,added,,1210,2107-12-31-23-59-56
Universe_mod.pak,UI/UniverseHeroes/Class_Hero_12.(WindowTextView).xdb,added,,1210,2107-12-31-23-59-56
Universe_mod.pak,UI/UniverseHeroes/Class_Hero_13.(WindowTextView).xdb,added,,1210,2107-12-31-23-59-56
Universe_mod.pak,UI/UniverseHeroes/Class_Hero_14.(WindowTextView).xdb,added,,1210,2107-12-31-23-59-56
Universe_mod.pak,UI/UniverseHeroes/Class_Hero_15.(WindowTextView).xdb,added,,1210,2107-12-31-23-59-56
Universe_mod.pak,UI/UniverseHeroes/Class_Hero_16.(WindowTextView).xdb,added,,1210,2107-12-31-23-59-56
Universe_mod.pak,UI/UniverseHeroes/Class_Hero_17.(WindowTextView).xdb,added,,1212,2107-12-31-23-59-56
Universe_mod.pak,UI/UniverseHeroes/Class_Hero_18.(WindowTextView).xdb,added,,1212,2107-12-31-23-59-56
Universe_mod.pak,UI/UniverseHeroes/Class_Hero_19.(WindowTextView).xdb,added,,1212,2107-12-31-23-59-56
Universe_mod.pak,UI/UniverseHeroes/Class_Hero_20.(WindowTextView).xdb,added,,1212,2107-12-31-23-59-56
Universe_mod.pak,UI/UniverseHeroes/Class_Hero_21.(WindowTextView).xdb,added,,1212,2107-12-31-23-59-56
Universe_mod.pak,UI/UniverseHeroes/Class_Hero_22.(WindowTextView).xdb,added,,1212,2107-12-31-23-59-56
Universe_mod.pak,UI/UniverseHeroes/Class_Hero_23.(WindowTextView).xdb,added,,1212,2107-12-31-23-59-56
Universe_mod.pak,UI/UniverseHeroes/Class_Hero_24.(WindowTextView).xdb,added,,1212,2107-12-31-23-59-56
Universe_mod.pak,UI/UniverseHeroes/Class_Hero_25.(WindowTextView).xdb,added,,1207,2107-12-31-23-59-56
Universe_mod.pak,UI/UniverseHeroes/Class_Hero_26.(WindowTextView).xdb,added,,1207,2107-12-31-23-59-56
Universe_mod.pak,UI/UniverseHeroes/Class_Hero_27.(WindowTextView).xdb,added,,1207,2107-12-31-23-59-56
Universe_mod.pak,UI/UniverseHeroes/Class_Hero_28.(WindowTextView).xdb,added,,1207,2107-12-31-23-59-56
Universe_mod.pak,UI/UniverseHeroes/Class_Hero_29.(WindowTextView).xdb,added,,1207,2107-12-31-23-59-56
Universe_mod.pak,UI/UniverseHeroes/Class_Hero_30.(WindowTextView).xdb,added,,1207,2107-12-31-23-59-56
Universe_mod.pak,UI/UniverseHeroes/Class_Hero_31.(WindowTextView).xdb,added,,1207,2107-12-31-23-59-56
Universe_mod.pak,UI/UniverseHeroes/Class_Hero_32.(WindowTextView).xdb,added,,1207,2107-12-31-23-59-56
Universe_mod.pak,UI/UniverseHeroes/Class_Hero_33.(WindowTextView).xdb,added,,1208,2107-12-31-23-59-56
Universe_mod.pak,UI/UniverseHeroes/Class_Hero_34.(WindowTextView).xdb,added,,1208,2107-12-31-23-59-56
Universe_mod.pak,UI/UniverseHeroes/Class_Hero_35.(WindowTextView).xdb,added,,1208,2107-12-31-23-59-56
Universe_mod.pak,UI/UniverseHeroes/Class_Hero_36.(WindowTextView).xdb,added,,1208,2107-12-31-23-59-56
Universe_mod.pak,UI/UniverseHeroes/Class_Hero_37.(WindowTextView).xdb,added,,1208,2107-12-31-23-59-56
Universe_mod.pak,UI/UniverseHeroes/Class_Hero_38.(WindowTextView).xdb,added,,1208,2107-12-31-23-59-56
Universe_mod.pak,UI/UniverseHeroes/Class_Hero_39.(WindowTextView).xdb,added,,1208,2107-12-31-23-59-56
Universe_mod.pak,UI/UniverseHeroes/Class_Hero_40.(WindowTextView).xdb,added,,1208,2107-12-31-23-59-56
Universe_mod.pak,UI/UniverseHeroes/Class_Hero_41.(WindowTextView).xdb,added,,1209,2107-12-31-23-59-56
Universe_mod.pak,UI/UniverseHeroes/Class_Hero_42.(WindowTextView).xdb,added,,1209,2107-12-31-23-59-56
Universe_mod.pak,UI/UniverseHeroes/Class_Hero_43.(WindowTextView).xdb,added,,1209,2107-12-31-23-59-56
Universe_mod.pak,UI/UniverseHeroes/Class_Hero_44.(WindowTextView).xdb,added,,1209,2107-12-31-23-59-56
Universe_mod.pak,UI/UniverseHeroes/Class_Hero_45.(WindowTextView).xdb,added,,1209,2107-12-31-23-59-56
Universe_mod.pak,UI/UniverseHeroes/Class_Hero_46.(WindowTextView).xdb,added,,1209,2107-12-31-23-59-56
Universe_mod.pak,UI/UniverseHeroes/Class_Hero_47.(WindowTextView).xdb,added,,1209,2107-12-31-23-59-56
Universe_mod.pak,UI/UniverseHeroes/Class_Hero_48.(WindowTextView).xdb,added,,1209,2107-12-31-23-59-56
Universe_mod.pak,UI/UniverseHeroes/Class_Hero_49.(WindowTextView).xdb,added,,1208,2107-12-31-23-59-56
Universe_mod.pak,UI/UniverseHeroes/Class_Hero_50.(WindowTextView).xdb,added,,1208,2107-12-31-23-59-56
Universe_mod.pak,UI/UniverseHeroes/Class_Hero_51.(WindowTextView).xdb,added,,1208,2107-12-31-23-59-56
Universe_mod.pak,UI/UniverseHeroes/Class_Hero_52.(WindowTextView).xdb,added,,1208,2107-12-31-23-59-56
Universe_mod.pak,UI/UniverseHeroes/Class_Hero_53.(WindowTextView).xdb,added,,1208,2107-12-31-23-59-56
Universe_mod.pak,UI/UniverseHeroes/Class_Hero_54.(WindowTextView).xdb,added,,1208,2107-12-31-23-59-56
Universe_mod.pak,UI/UniverseHeroes/Class_Hero_55.(WindowTextView).xdb,added,,1208,2107-12-31-23-59-56
Universe_mod.pak,UI/UniverseHeroes/Class_Hero_56.(WindowTextView).xdb,added,,1208,2107-12-31-23-59-56
Universe_mod.pak,UI/UniverseHeroes/Class_Hero_57.(WindowTextView).xdb,added,,1210,2107-12-31-23-59-56
Universe_mod.pak,UI/UniverseHeroes/Class_Hero_58.(WindowTextView).xdb,added,,1210,2107-12-31-23-59-56
Universe_mod.pak,UI/UniverseHeroes/Class_Hero_59.(WindowTextView).xdb,added,,1210,2107-12-31-23-59-56
Universe_mod.pak,UI/UniverseHeroes/Class_Hero_60.(WindowTextView).xdb,added,,1210,2107-12-31-23-59-56
Universe_mod.pak,UI/UniverseHeroes/Class_Hero_61.(WindowTextView).xdb,added,,1210,2107-12-31-23-59-56
Universe_mod.pak,UI/UniverseHeroes/Class_Hero_62.(WindowTextView).xdb,added,,1210,2107-12-31-23-59-56
Universe_mod.pak,UI/UniverseHeroes/Class_Hero_63.(WindowTextView).xdb,added,,1210,2107-12-31-23-59-56
Universe_mod.pak,UI/UniverseHeroes/Class_Hero_64.(WindowTextView).xdb,added,,1210,2107-12-31-23-59-56
Universe_mod.pak,UI/UniverseHeroes/CLOSEALLNormal.(BackgroundSimpleTexture).xdb,added,,292,2107-12-31-23-59-56
Universe_mod.pak,UI/UniverseHeroes/CLOSEALLNormal.(Texture).dds,added,,2628,2107-12-31-23-59-56
Universe_mod.pak,UI/UniverseHeroes/CLOSEALLNormal.(Texture).xdb,added,,575,2107-12-31-23-59-56
Universe_mod.pak,UI/UniverseHeroes/CloseALLPUSH.(BackgroundSimpleTexture).xdb,added,,290,2107-12-31-23-59-56
Universe_mod.pak,UI/UniverseHeroes/CloseALLPUSH.(Texture).dds,added,,2628,2107-12-31-23-59-56
Universe_mod.pak,UI/UniverseHeroes/CloseALLPUSH.(Texture).xdb,added,,573,2107-12-31-23-59-56
Universe_mod.pak,UI/UniverseHeroes/Extra_Info_Hero_01.(WindowTextView).xdb,added,,1238,2107-12-31-23-59-56
Universe_mod.pak,UI/UniverseHeroes/Extra_Info_Hero_01.(WindowTextViewShared).xdb,added,,1024,2107-12-31-23-59-56
Universe_mod.pak,UI/UniverseHeroes/Extra_Info_Hero_02.(WindowTextView).xdb,added,,1238,2107-12-31-23-59-56
Universe_mod.pak,UI/UniverseHeroes/Extra_Info_Hero_03.(WindowTextView).xdb,added,,1238,2107-12-31-23-59-56
Universe_mod.pak,UI/UniverseHeroes/Extra_Info_Hero_04.(WindowTextView).xdb,added,,1238,2107-12-31-23-59-56
Universe_mod.pak,UI/UniverseHeroes/Extra_Info_Hero_05.(WindowTextView).xdb,added,,1238,2107-12-31-23-59-56
Universe_mod.pak,UI/UniverseHeroes/Extra_Info_Hero_06.(WindowTextView).xdb,added,,1238,2107-12-31-23-59-56
Universe_mod.pak,UI/UniverseHeroes/Extra_Info_Hero_07.(WindowTextView).xdb,added,,1238,2107-12-31-23-59-56
Universe_mod.pak,UI/UniverseHeroes/Extra_Info_Hero_08.(WindowTextView).xdb,added,,1238,2107-12-31-23-59-56
Universe_mod.pak,UI/UniverseHeroes/Extra_Info_Hero_09.(WindowTextView).xdb,added,,1238,2107-12-31-23-59-56
Universe_mod.pak,UI/UniverseHeroes/Extra_Info_Hero_10.(WindowTextView).xdb,added,,1238,2107-12-31-23-59-56
Universe_mod.pak,UI/UniverseHeroes/Extra_Info_Hero_11.(WindowTextView).xdb,added,,1238,2107-12-31-23-59-56
Universe_mod.pak,UI/UniverseHeroes/Extra_Info_Hero_12.(WindowTextView).xdb,added,,1238,2107-12-31-23-59-56
Universe_mod.pak,UI/UniverseHeroes/Extra_Info_Hero_13.(WindowTextView).xdb,added,,1238,2107-12-31-23-59-56
Universe_mod.pak,UI/UniverseHeroes/Extra_Info_Hero_14.(WindowTextView).xdb,added,,1238,2107-12-31-23-59-56
Universe_mod.pak,UI/UniverseHeroes/Extra_Info_Hero_15.(WindowTextView).xdb,added,,1238,2107-12-31-23-59-56
Universe_mod.pak,UI/UniverseHeroes/Extra_Info_Hero_16.(WindowTextView).xdb,added,,1238,2107-12-31-23-59-56
Universe_mod.pak,UI/UniverseHeroes/Extra_Info_Hero_17.(WindowTextView).xdb,added,,1238,2107-12-31-23-59-56
Universe_mod.pak,UI/UniverseHeroes/Extra_Info_Hero_18.(WindowTextView).xdb,added,,1238,2107-12-31-23-59-56
Universe_mod.pak,UI/UniverseHeroes/Extra_Info_Hero_19.(WindowTextView).xdb,added,,1238,2107-12-31-23-59-56
Universe_mod.pak,UI/UniverseHeroes/Extra_Info_Hero_20.(WindowTextView).xdb,added,,1238,2107-12-31-23-59-56
Universe_mod.pak,UI/UniverseHeroes/Extra_Info_Hero_21.(WindowTextView).xdb,added,,1238,2107-12-31-23-59-56
Universe_mod.pak,UI/UniverseHeroes/Extra_Info_Hero_22.(WindowTextView).xdb,added,,1238,2107-12-31-23-59-56
Universe_mod.pak,UI/UniverseHeroes/Extra_Info_Hero_23.(WindowTextView).xdb,added,,1238,2107-12-31-23-59-56
Universe_mod.pak,UI/UniverseHeroes/Extra_Info_Hero_24.(WindowTextView).xdb,added,,1238,2107-12-31-23-59-56
Universe_mod.pak,UI/UniverseHeroes/Extra_Info_Hero_25.(WindowTextView).xdb,added,,1238,2107-12-31-23-59-56
Universe_mod.pak,UI/UniverseHeroes/Extra_Info_Hero_26.(WindowTextView).xdb,added,,1238,2107-12-31-23-59-56
Universe_mod.pak,UI/UniverseHeroes/Extra_Info_Hero_27.(WindowTextView).xdb,added,,1238,2107-12-31-23-59-56
Universe_mod.pak,UI/UniverseHeroes/Extra_Info_Hero_28.(WindowTextView).xdb,added,,1238,2107-12-31-23-59-56
Universe_mod.pak,UI/UniverseHeroes/Extra_Info_Hero_29.(WindowTextView).xdb,added,,1238,2107-12-31-23-59-56
Universe_mod.pak,UI/UniverseHeroes/Extra_Info_Hero_30.(WindowTextView).xdb,added,,1238,2107-12-31-23-59-56
Universe_mod.pak,UI/UniverseHeroes/Extra_Info_Hero_31.(WindowTextView).xdb,added,,1238,2107-12-31-23-59-56
Universe_mod.pak,UI/UniverseHeroes/Extra_Info_Hero_32.(WindowTextView).xdb,added,,1238,2107-12-31-23-59-56
Universe_mod.pak,UI/UniverseHeroes/Extra_Info_Hero_33.(WindowTextView).xdb,added,,1238,2107-12-31-23-59-56
Universe_mod.pak,UI/UniverseHeroes/Extra_Info_Hero_34.(WindowTextView).xdb,added,,1238,2107-12-31-23-59-56
Universe_mod.pak,UI/UniverseHeroes/Extra_Info_Hero_35.(WindowTextView).xdb,added,,1238,2107-12-31-23-59-56
Universe_mod.pak,UI/UniverseHeroes/Extra_Info_Hero_36.(WindowTextView).xdb,added,,1238,2107-12-31-23-59-56
Universe_mod.pak,UI/UniverseHeroes/Extra_Info_Hero_37.(WindowTextView).xdb,added,,1238,2107-12-31-23-59-56
Universe_mod.pak,UI/UniverseHeroes/Extra_Info_Hero_38.(WindowTextView).xdb,added,,1238,2107-12-31-23-59-56
Universe_mod.pak,UI/UniverseHeroes/Extra_Info_Hero_39.(WindowTextView).xdb,added,,1238,2107-12-31-23-59-56
Universe_mod.pak,UI/UniverseHeroes/Extra_Info_Hero_40.(WindowTextView).xdb,added,,1238,2107-12-31-23-59-56
Universe_mod.pak,UI/UniverseHeroes/Extra_Info_Hero_41.(WindowTextView).xdb,added,,1238,2107-12-31-23-59-56
Universe_mod.pak,UI/UniverseHeroes/Extra_Info_Hero_42.(WindowTextView).xdb,added,,1238,2107-12-31-23-59-56
Universe_mod.pak,UI/UniverseHeroes/Extra_Info_Hero_43.(WindowTextView).xdb,added,,1238,2107-12-31-23-59-56
Universe_mod.pak,UI/UniverseHeroes/Extra_Info_Hero_44.(WindowTextView).xdb,added,,1238,2107-12-31-23-59-56
Universe_mod.pak,UI/UniverseHeroes/Extra_Info_Hero_45.(WindowTextView).xdb,added,,1238,2107-12-31-23-59-56
Universe_mod.pak,UI/UniverseHeroes/Extra_Info_Hero_46.(WindowTextView).xdb,added,,1238,2107-12-31-23-59-56
Universe_mod.pak,UI/UniverseHeroes/Extra_Info_Hero_47.(WindowTextView).xdb,added,,1238,2107-12-31-23-59-56
Universe_mod.pak,UI/UniverseHeroes/Extra_Info_Hero_48.(WindowTextView).xdb,added,,1238,2107-12-31-23-59-56
Universe_mod.pak,UI/UniverseHeroes/Extra_Info_Hero_49.(WindowTextView).xdb,added,,1238,2107-12-31-23-59-56
Universe_mod.pak,UI/UniverseHeroes/Extra_Info_Hero_50.(WindowTextView).xdb,added,,1238,2107-12-31-23-59-56
Universe_mod.pak,UI/UniverseHeroes/Extra_Info_Hero_51.(WindowTextView).xdb,added,,1238,2107-12-31-23-59-56
Universe_mod.pak,UI/UniverseHeroes/Extra_Info_Hero_52.(WindowTextView).xdb,added,,1238,2107-12-31-23-59-56
Universe_mod.pak,UI/UniverseHeroes/Extra_Info_Hero_53.(WindowTextView).xdb,added,,1238,2107-12-31-23-59-56
Universe_mod.pak,UI/UniverseHeroes/Extra_Info_Hero_54.(WindowTextView).xdb,added,,1238,2107-12-31-23-59-56
Universe_mod.pak,UI/UniverseHeroes/Extra_Info_Hero_55.(WindowTextView).xdb,added,,1238,2107-12-31-23-59-56
Universe_mod.pak,UI/UniverseHeroes/Extra_Info_Hero_56.(WindowTextView).xdb,added,,1238,2107-12-31-23-59-56
Universe_mod.pak,UI/UniverseHeroes/Extra_Info_Hero_57.(WindowTextView).xdb,added,,1238,2107-12-31-23-59-56
Universe_mod.pak,UI/UniverseHeroes/Extra_Info_Hero_58.(WindowTextView).xdb,added,,1238,2107-12-31-23-59-56
Universe_mod.pak,UI/UniverseHeroes/Extra_Info_Hero_59.(WindowTextView).xdb,added,,1238,2107-12-31-23-59-56
Universe_mod.pak,UI/UniverseHeroes/Extra_Info_Hero_60.(WindowTextView).xdb,added,,1238,2107-12-31-23-59-56
Universe_mod.pak,UI/UniverseHeroes/Extra_Info_Hero_61.(WindowTextView).xdb,added,,1238,2107-12-31-23-59-56
Universe_mod.pak,UI/UniverseHeroes/Extra_Info_Hero_62.(WindowTextView).xdb,added,,1238,2107-12-31-23-59-56
Universe_mod.pak,UI/UniverseHeroes/Extra_Info_Hero_63.(WindowTextView).xdb,added,,1238,2107-12-31-23-59-56
Universe_mod.pak,UI/UniverseHeroes/Extra_Info_Hero_64.(WindowTextView).xdb,added,,1238,2107-12-31-23-59-56
Universe_mod.pak,UI/UniverseHeroes/GMAPBUTT.(BackgroundSimpleTexture).xdb,added,,287,2107-12-31-23-59-56
Universe_mod.pak,UI/UniverseHeroes/GMAPBUTT.(Texture).xdb,added,,577,2107-12-31-23-59-56
Universe_mod.pak,UI/UniverseHeroes/gmapnormal.(Texture).dds,added,,6528,2107-12-31-23-59-56
Universe_mod.pak,UI/UniverseHeroes/Hero01_INFOTEXTURE.(BackgroundSimpleTexture).xdb,added,,296,2107-12-31-23-59-56
Universe_mod.pak,UI/UniverseHeroes/Hero01_INFOTEXTURE.(Texture).dds,added,,1502468,2107-12-31-23-59-56
Universe_mod.pak,UI/UniverseHeroes/Hero01_INFOTEXTURE.(Texture).xdb,added,,589,2107-12-31-23-59-56
Universe_mod.pak,UI/UniverseHeroes/Hero02_INFOTEXTURE.(BackgroundSimpleTexture).xdb,added,,296,2107-12-31-23-59-56
Universe_mod.pak,UI/UniverseHeroes/Hero02_INFOTEXTURE.(Texture).dds,added,,1502468,2107-12-31-23-59-56
Universe_mod.pak,UI/UniverseHeroes/Hero02_INFOTEXTURE.(Texture).xdb,added,,589,2107-12-31-23-59-56
Universe_mod.pak,UI/UniverseHeroes/Hero03_INFOTEXTURE.(BackgroundSimpleTexture).xdb,added,,296,2107-12-31-23-59-56
Universe_mod.pak,UI/UniverseHeroes/Hero03_INFOTEXTURE.(Texture).dds,added,,1502468,2107-12-31-23-59-56
Universe_mod.pak,UI/UniverseHeroes/Hero03_INFOTEXTURE.(Texture).xdb,added,,602,2107-12-31-23-59-56
Universe_mod.pak,UI/UniverseHeroes/Hero04_INFOTEXTURE.(BackgroundSimpleTexture).xdb,added,,296,2107-12-31-23-59-56
Universe_mod.pak,UI/UniverseHeroes/Hero04_INFOTEXTURE.(Texture).dds,added,,1502468,2107-12-31-23-59-56
Universe_mod.pak,UI/UniverseHeroes/Hero04_INFOTEXTURE.(Texture).xdb,added,,589,2107-12-31-23-59-56
Universe_mod.pak,UI/UniverseHeroes/Hero05_INFOTEXTURE.(BackgroundSimpleTexture).xdb,added,,296,2107-12-31-23-59-56
Universe_mod.pak,UI/UniverseHeroes/Hero05_INFOTEXTURE.(Texture).dds,added,,1502468,2107-12-31-23-59-56
Universe_mod.pak,UI/UniverseHeroes/Hero05_INFOTEXTURE.(Texture).xdb,added,,589,2107-12-31-23-59-56
Universe_mod.pak,UI/UniverseHeroes/Hero06_INFOTEXTURE.(BackgroundSimpleTexture).xdb,added,,296,2107-12-31-23-59-56
Universe_mod.pak,UI/UniverseHeroes/Hero06_INFOTEXTURE.(Texture).dds,added,,1502468,2107-12-31-23-59-56
Universe_mod.pak,UI/UniverseHeroes/Hero06_INFOTEXTURE.(Texture).xdb,added,,602,2107-12-31-23-59-56
Universe_mod.pak,UI/UniverseHeroes/Hero07_INFOTEXTURE.(BackgroundSimpleTexture).xdb,added,,296,2107-12-31-23-59-56
Universe_mod.pak,UI/UniverseHeroes/Hero07_INFOTEXTURE.(Texture).dds,added,,1502468,2107-12-31-23-59-56
Universe_mod.pak,UI/UniverseHeroes/Hero07_INFOTEXTURE.(Texture).xdb,added,,589,2107-12-31-23-59-56
Universe_mod.pak,UI/UniverseHeroes/Hero08_INFOTEXTURE.(BackgroundSimpleTexture).xdb,added,,296,2107-12-31-23-59-56
Universe_mod.pak,UI/UniverseHeroes/Hero08_INFOTEXTURE.(Texture).dds,added,,1502468,2107-12-31-23-59-56
Universe_mod.pak,UI/UniverseHeroes/Hero08_INFOTEXTURE.(Texture).xdb,added,,589,2107-12-31-23-59-56
Universe_mod.pak,UI/UniverseHeroes/Hero09_INFOTEXTURE.(BackgroundSimpleTexture).xdb,added,,296,2107-12-31-23-59-56
Universe_mod.pak,UI/UniverseHeroes/Hero09_INFOTEXTURE.(Texture).dds,added,,1502468,2107-12-31-23-59-56
Universe_mod.pak,UI/UniverseHeroes/Hero09_INFOTEXTURE.(Texture).xdb,added,,589,2107-12-31-23-59-56
Universe_mod.pak,UI/UniverseHeroes/Hero10_INFOTEXTURE.(BackgroundSimpleTexture).xdb,added,,296,2107-12-31-23-59-56
Universe_mod.pak,UI/UniverseHeroes/Hero10_INFOTEXTURE.(Texture).dds,added,,1502468,2107-12-31-23-59-56
Universe_mod.pak,UI/UniverseHeroes/Hero10_INFOTEXTURE.(Texture).xdb,added,,589,2107-12-31-23-59-56
Universe_mod.pak,UI/UniverseHeroes/Hero11_INFOTEXTURE.(BackgroundSimpleTexture).xdb,added,,296,2107-12-31-23-59-56
Universe_mod.pak,UI/UniverseHeroes/Hero11_INFOTEXTURE.(Texture).dds,added,,1502468,2107-12-31-23-59-56
Universe_mod.pak,UI/UniverseHeroes/Hero11_INFOTEXTURE.(Texture).xdb,added,,589,2107-12-31-23-59-56
Universe_mod.pak,UI/UniverseHeroes/Hero12_INFOTEXTURE.(BackgroundSimpleTexture).xdb,added,,296,2107-12-31-23-59-56
Universe_mod.pak,UI/UniverseHeroes/Hero12_INFOTEXTURE.(Texture).dds,added,,1502468,2107-12-31-23-59-56
Universe_mod.pak,UI/UniverseHeroes/Hero12_INFOTEXTURE.(Texture).xdb,added,,589,2107-12-31-23-59-56
Universe_mod.pak,UI/UniverseHeroes/Hero13_INFOTEXTURE.(BackgroundSimpleTexture).xdb,added,,296,2107-12-31-23-59-56
Universe_mod.pak,UI/UniverseHeroes/Hero13_INFOTEXTURE.(Texture).dds,added,,1502468,2107-12-31-23-59-56
Universe_mod.pak,UI/UniverseHeroes/Hero13_INFOTEXTURE.(Texture).xdb,added,,602,2107-12-31-23-59-56
Universe_mod.pak,UI/UniverseHeroes/Hero14_INFOTEXTURE.(BackgroundSimpleTexture).xdb,added,,296,2107-12-31-23-59-56
Universe_mod.pak,UI/UniverseHeroes/Hero14_INFOTEXTURE.(Texture).dds,added,,1502468,2107-12-31-23-59-56
Universe_mod.pak,UI/UniverseHeroes/Hero14_INFOTEXTURE.(Texture).xdb,added,,602,2107-12-31-23-59-56
Universe_mod.pak,UI/UniverseHeroes/Hero15_INFOTEXTURE.(BackgroundSimpleTexture).xdb,added,,296,2107-12-31-23-59-56
Universe_mod.pak,UI/UniverseHeroes/Hero15_INFOTEXTURE.(Texture).dds,added,,1502468,2107-12-31-23-59-56
Universe_mod.pak,UI/UniverseHeroes/Hero15_INFOTEXTURE.(Texture).xdb,added,,589,2107-12-31-23-59-56
Universe_mod.pak,UI/UniverseHeroes/Hero16_INFOTEXTURE.(BackgroundSimpleTexture).xdb,added,,296,2107-12-31-23-59-56
Universe_mod.pak,UI/UniverseHeroes/Hero16_INFOTEXTURE.(Texture).dds,added,,1502468,2107-12-31-23-59-56
Universe_mod.pak,UI/UniverseHeroes/Hero16_INFOTEXTURE.(Texture).xdb,added,,602,2107-12-31-23-59-56
Universe_mod.pak,UI/UniverseHeroes/Hero17_INFOTEXTURE.(BackgroundSimpleTexture).xdb,added,,296,2107-12-31-23-59-56
Universe_mod.pak,UI/UniverseHeroes/Hero17_INFOTEXTURE.(Texture).dds,added,,1502468,2107-12-31-23-59-56
Universe_mod.pak,UI/UniverseHeroes/Hero17_INFOTEXTURE.(Texture).xdb,added,,589,2107-12-31-23-59-56
Universe_mod.pak,UI/UniverseHeroes/Hero18_INFOTEXTURE.(BackgroundSimpleTexture).xdb,added,,296,2107-12-31-23-59-56
Universe_mod.pak,UI/UniverseHeroes/Hero18_INFOTEXTURE.(Texture).dds,added,,1502468,2107-12-31-23-59-56
Universe_mod.pak,UI/UniverseHeroes/Hero18_INFOTEXTURE.(Texture).xdb,added,,589,2107-12-31-23-59-56
Universe_mod.pak,UI/UniverseHeroes/Hero19_INFOTEXTURE.(BackgroundSimpleTexture).xdb,added,,296,2107-12-31-23-59-56
Universe_mod.pak,UI/UniverseHeroes/Hero19_INFOTEXTURE.(Texture).dds,added,,1502468,2107-12-31-23-59-56
Universe_mod.pak,UI/UniverseHeroes/Hero19_INFOTEXTURE.(Texture).xdb,added,,589,2107-12-31-23-59-56
Universe_mod.pak,UI/UniverseHeroes/Hero20_INFOTEXTURE.(BackgroundSimpleTexture).xdb,added,,296,2107-12-31-23-59-56
Universe_mod.pak,UI/UniverseHeroes/Hero20_INFOTEXTURE.(Texture).dds,added,,1502468,2107-12-31-23-59-56
Universe_mod.pak,UI/UniverseHeroes/Hero20_INFOTEXTURE.(Texture).xdb,added,,589,2107-12-31-23-59-56
Universe_mod.pak,UI/UniverseHeroes/Hero21_INFOTEXTURE.(BackgroundSimpleTexture).xdb,added,,296,2107-12-31-23-59-56
Universe_mod.pak,UI/UniverseHeroes/Hero21_INFOTEXTURE.(Texture).dds,added,,1502468,2107-12-31-23-59-56
Universe_mod.pak,UI/UniverseHeroes/Hero21_INFOTEXTURE.(Texture).xdb,added,,589,2107-12-31-23-59-56
Universe_mod.pak,UI/UniverseHeroes/Hero22_INFOTEXTURE.(BackgroundSimpleTexture).xdb,added,,296,2107-12-31-23-59-56
Universe_mod.pak,UI/UniverseHeroes/Hero22_INFOTEXTURE.(Texture).dds,added,,1502468,2107-12-31-23-59-56
Universe_mod.pak,UI/UniverseHeroes/Hero22_INFOTEXTURE.(Texture).xdb,added,,589,2107-12-31-23-59-56
Universe_mod.pak,UI/UniverseHeroes/Hero23_INFOTEXTURE.(BackgroundSimpleTexture).xdb,added,,296,2107-12-31-23-59-56
Universe_mod.pak,UI/UniverseHeroes/Hero23_INFOTEXTURE.(Texture).dds,added,,1502468,2107-12-31-23-59-56
Universe_mod.pak,UI/UniverseHeroes/Hero23_INFOTEXTURE.(Texture).xdb,added,,589,2107-12-31-23-59-56
Universe_mod.pak,UI/UniverseHeroes/Hero24_INFOTEXTURE.(BackgroundSimpleTexture).xdb,added,,296,2107-12-31-23-59-56
Universe_mod.pak,UI/UniverseHeroes/Hero24_INFOTEXTURE.(Texture).dds,added,,1502468,2107-12-31-23-59-56
Universe_mod.pak,UI/UniverseHeroes/Hero24_INFOTEXTURE.(Texture).xdb,added,,600,2107-12-31-23-59-56
Universe_mod.pak,UI/UniverseHeroes/Hero25_INFOTEXTURE.(BackgroundSimpleTexture).xdb,added,,296,2107-12-31-23-59-56
Universe_mod.pak,UI/UniverseHeroes/Hero25_INFOTEXTURE.(Texture).dds,added,,1502468,2107-12-31-23-59-56
Universe_mod.pak,UI/UniverseHeroes/Hero25_INFOTEXTURE.(Texture).xdb,added,,600,2107-12-31-23-59-56
Universe_mod.pak,UI/UniverseHeroes/Hero26_INFOTEXTURE.(BackgroundSimpleTexture).xdb,added,,296,2107-12-31-23-59-56
Universe_mod.pak,UI/UniverseHeroes/Hero26_INFOTEXTURE.(Texture).dds,added,,1502468,2107-12-31-23-59-56
Universe_mod.pak,UI/UniverseHeroes/Hero26_INFOTEXTURE.(Texture).xdb,added,,589,2107-12-31-23-59-56
Universe_mod.pak,UI/UniverseHeroes/Hero27_INFOTEXTURE.(BackgroundSimpleTexture).xdb,added,,296,2107-12-31-23-59-56
Universe_mod.pak,UI/UniverseHeroes/Hero27_INFOTEXTURE.(Texture).dds,added,,1502468,2107-12-31-23-59-56
Universe_mod.pak,UI/UniverseHeroes/Hero27_INFOTEXTURE.(Texture).xdb,added,,589,2107-12-31-23-59-56
Universe_mod.pak,UI/UniverseHeroes/Hero28_INFOTEXTURE.(BackgroundSimpleTexture).xdb,added,,296,2107-12-31-23-59-56
Universe_mod.pak,UI/UniverseHeroes/Hero28_INFOTEXTURE.(Texture).dds,added,,1502468,2107-12-31-23-59-56
Universe_mod.pak,UI/UniverseHeroes/Hero28_INFOTEXTURE.(Texture).xdb,added,,600,2107-12-31-23-59-56
Universe_mod.pak,UI/UniverseHeroes/Hero29_INFOTEXTURE.(BackgroundSimpleTexture).xdb,added,,296,2107-12-31-23-59-56
Universe_mod.pak,UI/UniverseHeroes/Hero29_INFOTEXTURE.(Texture).dds,added,,1502468,2107-12-31-23-59-56
Universe_mod.pak,UI/UniverseHeroes/Hero29_INFOTEXTURE.(Texture).xdb,added,,589,2107-12-31-23-59-56
Universe_mod.pak,UI/UniverseHeroes/Hero30_INFOTEXTURE.(BackgroundSimpleTexture).xdb,added,,296,2107-12-31-23-59-56
Universe_mod.pak,UI/UniverseHeroes/Hero30_INFOTEXTURE.(Texture).dds,added,,1502468,2107-12-31-23-59-56
Universe_mod.pak,UI/UniverseHeroes/Hero30_INFOTEXTURE.(Texture).xdb,added,,602,2107-12-31-23-59-56
Universe_mod.pak,UI/UniverseHeroes/Hero31_INFOTEXTURE.(BackgroundSimpleTexture).xdb,added,,296,2107-12-31-23-59-56
Universe_mod.pak,UI/UniverseHeroes/Hero31_INFOTEXTURE.(Texture).dds,added,,1502468,2107-12-31-23-59-56
Universe_mod.pak,UI/UniverseHeroes/Hero31_INFOTEXTURE.(Texture).xdb,added,,602,2107-12-31-23-59-56
Universe_mod.pak,UI/UniverseHeroes/Hero32_INFOTEXTURE.(BackgroundSimpleTexture).xdb,added,,296,2107-12-31-23-59-56
Universe_mod.pak,UI/UniverseHeroes/Hero32_INFOTEXTURE.(Texture).dds,added,,1502468,2107-12-31-23-59-56
Universe_mod.pak,UI/UniverseHeroes/Hero32_INFOTEXTURE.(Texture).xdb,added,,589,2107-12-31-23-59-56
Universe_mod.pak,UI/UniverseHeroes/Hero33_INFOTEXTURE.(BackgroundSimpleTexture).xdb,added,,296,2107-12-31-23-59-56
Universe_mod.pak,UI/UniverseHeroes/Hero33_INFOTEXTURE.(Texture).dds,added,,1502468,2107-12-31-23-59-56
Universe_mod.pak,UI/UniverseHeroes/Hero33_INFOTEXTURE.(Texture).xdb,added,,589,2107-12-31-23-59-56
Universe_mod.pak,UI/UniverseHeroes/Hero34_INFOTEXTURE.(BackgroundSimpleTexture).xdb,added,,296,2107-12-31-23-59-56
Universe_mod.pak,UI/UniverseHeroes/Hero34_INFOTEXTURE.(Texture).dds,added,,1502468,2107-12-31-23-59-56
Universe_mod.pak,UI/UniverseHeroes/Hero34_INFOTEXTURE.(Texture).xdb,added,,589,2107-12-31-23-59-56
Universe_mod.pak,UI/UniverseHeroes/Hero35_INFOTEXTURE.(BackgroundSimpleTexture).xdb,added,,296,2107-12-31-23-59-56
Universe_mod.pak,UI/UniverseHeroes/Hero35_INFOTEXTURE.(Texture).dds,added,,1502468,2107-12-31-23-59-56
Universe_mod.pak,UI/UniverseHeroes/Hero35_INFOTEXTURE.(Texture).xdb,added,,589,2107-12-31-23-59-56
Universe_mod.pak,UI/UniverseHeroes/Hero36_INFOTEXTURE.(BackgroundSimpleTexture).xdb,added,,296,2107-12-31-23-59-56
Universe_mod.pak,UI/UniverseHeroes/Hero36_INFOTEXTURE.(Texture).dds,added,,1502468,2107-12-31-23-59-56
Universe_mod.pak,UI/UniverseHeroes/Hero36_INFOTEXTURE.(Texture).xdb,added,,589,2107-12-31-23-59-56
Universe_mod.pak,UI/UniverseHeroes/Hero37_INFOTEXTURE.(BackgroundSimpleTexture).xdb,added,,296,2107-12-31-23-59-56
Universe_mod.pak,UI/UniverseHeroes/Hero37_INFOTEXTURE.(Texture).dds,added,,1502468,2107-12-31-23-59-56
Universe_mod.pak,UI/UniverseHeroes/Hero37_INFOTEXTURE.(Texture).xdb,added,,589,2107-12-31-23-59-56
Universe_mod.pak,UI/UniverseHeroes/Hero38_INFOTEXTURE.(BackgroundSimpleTexture).xdb,added,,296,2107-12-31-23-59-56
Universe_mod.pak,UI/UniverseHeroes/Hero38_INFOTEXTURE.(Texture).dds,added,,1502468,2107-12-31-23-59-56
Universe_mod.pak,UI/UniverseHeroes/Hero38_INFOTEXTURE.(Texture).xdb,added,,589,2107-12-31-23-59-56
Universe_mod.pak,UI/UniverseHeroes/Hero39_INFOTEXTURE.(BackgroundSimpleTexture).xdb,added,,296,2107-12-31-23-59-56
Universe_mod.pak,UI/UniverseHeroes/Hero39_INFOTEXTURE.(Texture).dds,added,,1502468,2107-12-31-23-59-56
Universe_mod.pak,UI/UniverseHeroes/Hero39_INFOTEXTURE.(Texture).xdb,added,,589,2107-12-31-23-59-56
Universe_mod.pak,UI/UniverseHeroes/Hero40_INFOTEXTURE.(BackgroundSimpleTexture).xdb,added,,296,2107-12-31-23-59-56
Universe_mod.pak,UI/UniverseHeroes/Hero40_INFOTEXTURE.(Texture).dds,added,,1502468,2107-12-31-23-59-56
Universe_mod.pak,UI/UniverseHeroes/Hero40_INFOTEXTURE.(Texture).xdb,added,,589,2107-12-31-23-59-56
Universe_mod.pak,UI/UniverseHeroes/Hero41_INFOTEXTURE.(BackgroundSimpleTexture).xdb,added,,296,2107-12-31-23-59-56
Universe_mod.pak,UI/UniverseHeroes/Hero41_INFOTEXTURE.(Texture).dds,added,,1502468,2107-12-31-23-59-56
Universe_mod.pak,UI/UniverseHeroes/Hero41_INFOTEXTURE.(Texture).xdb,added,,589,2107-12-31-23-59-56
Universe_mod.pak,UI/UniverseHeroes/Hero42_INFOTEXTURE.(BackgroundSimpleTexture).xdb,added,,296,2107-12-31-23-59-56
Universe_mod.pak,UI/UniverseHeroes/Hero42_INFOTEXTURE.(Texture).dds,added,,1502468,2107-12-31-23-59-56
Universe_mod.pak,UI/UniverseHeroes/Hero42_INFOTEXTURE.(Texture).xdb,added,,589,2107-12-31-23-59-56
Universe_mod.pak,UI/UniverseHeroes/Hero43_INFOTEXTURE.(BackgroundSimpleTexture).xdb,added,,296,2107-12-31-23-59-56
Universe_mod.pak,UI/UniverseHeroes/Hero43_INFOTEXTURE.(Texture).dds,added,,1502468,2107-12-31-23-59-56
Universe_mod.pak,UI/UniverseHeroes/Hero43_INFOTEXTURE.(Texture).xdb,added,,600,2107-12-31-23-59-56
Universe_mod.pak,UI/UniverseHeroes/Hero44_INFOTEXTURE.(BackgroundSimpleTexture).xdb,added,,296,2107-12-31-23-59-56
Universe_mod.pak,UI/UniverseHeroes/Hero44_INFOTEXTURE.(Texture).dds,added,,1502468,2107-12-31-23-59-56
Universe_mod.pak,UI/UniverseHeroes/Hero44_INFOTEXTURE.(Texture).xdb,added,,589,2107-12-31-23-59-56
Universe_mod.pak,UI/UniverseHeroes/Hero45_INFOTEXTURE.(BackgroundSimpleTexture).xdb,added,,296,2107-12-31-23-59-56
Universe_mod.pak,UI/UniverseHeroes/Hero45_INFOTEXTURE.(Texture).dds,added,,1502468,2107-12-31-23-59-56
Universe_mod.pak,UI/UniverseHeroes/Hero45_INFOTEXTURE.(Texture).xdb,added,,589,2107-12-31-23-59-56
Universe_mod.pak,UI/UniverseHeroes/Hero46_INFOTEXTURE.(BackgroundSimpleTexture).xdb,added,,296,2107-12-31-23-59-56
Universe_mod.pak,UI/UniverseHeroes/Hero46_INFOTEXTURE.(Texture).dds,added,,1502468,2107-12-31-23-59-56
Universe_mod.pak,UI/UniverseHeroes/Hero46_INFOTEXTURE.(Texture).xdb,added,,600,2107-12-31-23-59-56
Universe_mod.pak,UI/UniverseHeroes/Hero47_INFOTEXTURE.(BackgroundSimpleTexture).xdb,added,,296,2107-12-31-23-59-56
Universe_mod.pak,UI/UniverseHeroes/Hero47_INFOTEXTURE.(Texture).dds,added,,1502468,2107-12-31-23-59-56
Universe_mod.pak,UI/UniverseHeroes/Hero47_INFOTEXTURE.(Texture).xdb,added,,589,2107-12-31-23-59-56
Universe_mod.pak,UI/UniverseHeroes/Hero48_INFOTEXTURE.(BackgroundSimpleTexture).xdb,added,,296,2107-12-31-23-59-56
Universe_mod.pak,UI/UniverseHeroes/Hero48_INFOTEXTURE.(Texture).dds,added,,1502468,2107-12-31-23-59-56
Universe_mod.pak,UI/UniverseHeroes/Hero48_INFOTEXTURE.(Texture).xdb,added,,589,2107-12-31-23-59-56
Universe_mod.pak,UI/UniverseHeroes/Hero49_INFOTEXTURE.(BackgroundSimpleTexture).xdb,added,,296,2107-12-31-23-59-56
Universe_mod.pak,UI/UniverseHeroes/Hero49_INFOTEXTURE.(Texture).dds,added,,1502468,2107-12-31-23-59-56
Universe_mod.pak,UI/UniverseHeroes/Hero49_INFOTEXTURE.(Texture).xdb,added,,602,2107-12-31-23-59-56
Universe_mod.pak,UI/UniverseHeroes/Hero50_INFOTEXTURE.(BackgroundSimpleTexture).xdb,added,,296,2107-12-31-23-59-56
Universe_mod.pak,UI/UniverseHeroes/Hero50_INFOTEXTURE.(Texture).dds,added,,1502468,2107-12-31-23-59-56
Universe_mod.pak,UI/UniverseHeroes/Hero50_INFOTEXTURE.(Texture).xdb,added,,589,2107-12-31-23-59-56
Universe_mod.pak,UI/UniverseHeroes/Hero51_INFOTEXTURE.(BackgroundSimpleTexture).xdb,added,,296,2107-12-31-23-59-56
Universe_mod.pak,UI/UniverseHeroes/Hero51_INFOTEXTURE.(Texture).dds,added,,1502468,2107-12-31-23-59-56
Universe_mod.pak,UI/UniverseHeroes/Hero51_INFOTEXTURE.(Texture).xdb,added,,589,2107-12-31-23-59-56
Universe_mod.pak,UI/UniverseHeroes/Hero52_INFOTEXTURE.(BackgroundSimpleTexture).xdb,added,,296,2107-12-31-23-59-56
Universe_mod.pak,UI/UniverseHeroes/Hero52_INFOTEXTURE.(Texture).dds,added,,1502468,2107-12-31-23-59-56
Universe_mod.pak,UI/UniverseHeroes/Hero52_INFOTEXTURE.(Texture).xdb,added,,589,2107-12-31-23-59-56
Universe_mod.pak,UI/UniverseHeroes/Hero53_INFOTEXTURE.(BackgroundSimpleTexture).xdb,added,,296,2107-12-31-23-59-56
Universe_mod.pak,UI/UniverseHeroes/Hero53_INFOTEXTURE.(Texture).dds,added,,1502468,2107-12-31-23-59-56
Universe_mod.pak,UI/UniverseHeroes/Hero53_INFOTEXTURE.(Texture).xdb,added,,589,2107-12-31-23-59-56
Universe_mod.pak,UI/UniverseHeroes/Hero54_INFOTEXTURE.(BackgroundSimpleTexture).xdb,added,,296,2107-12-31-23-59-56
Universe_mod.pak,UI/UniverseHeroes/Hero54_INFOTEXTURE.(Texture).dds,added,,1502468,2107-12-31-23-59-56
Universe_mod.pak,UI/UniverseHeroes/Hero54_INFOTEXTURE.(Texture).xdb,added,,589,2107-12-31-23-59-56
Universe_mod.pak,UI/UniverseHeroes/Hero55_INFOTEXTURE.(BackgroundSimpleTexture).xdb,added,,296,2107-12-31-23-59-56
Universe_mod.pak,UI/UniverseHeroes/Hero55_INFOTEXTURE.(Texture).dds,added,,1502468,2107-12-31-23-59-56
Universe_mod.pak,UI/UniverseHeroes/Hero55_INFOTEXTURE.(Texture).xdb,added,,589,2107-12-31-23-59-56
Universe_mod.pak,UI/UniverseHeroes/Hero56_INFOTEXTURE.(BackgroundSimpleTexture).xdb,added,,296,2107-12-31-23-59-56
Universe_mod.pak,UI/UniverseHeroes/Hero56_INFOTEXTURE.(Texture).dds,added,,1502468,2107-12-31-23-59-56
Universe_mod.pak,UI/UniverseHeroes/Hero56_INFOTEXTURE.(Texture).xdb,added,,589,2107-12-31-23-59-56
Universe_mod.pak,UI/UniverseHeroes/Hero57_INFOTEXTURE.(BackgroundSimpleTexture).xdb,added,,296,2107-12-31-23-59-56
Universe_mod.pak,UI/UniverseHeroes/Hero57_INFOTEXTURE.(Texture).dds,added,,1502468,2107-12-31-23-59-56
Universe_mod.pak,UI/UniverseHeroes/Hero57_INFOTEXTURE.(Texture).xdb,added,,602,2107-12-31-23-59-56
Universe_mod.pak,UI/UniverseHeroes/Hero58_INFOTEXTURE.(BackgroundSimpleTexture).xdb,added,,296,2107-12-31-23-59-56
Universe_mod.pak,UI/UniverseHeroes/Hero58_INFOTEXTURE.(Texture).dds,added,,1502468,2107-12-31-23-59-56
Universe_mod.pak,UI/UniverseHeroes/Hero58_INFOTEXTURE.(Texture).xdb,added,,589,2107-12-31-23-59-56
Universe_mod.pak,UI/UniverseHeroes/Hero59_INFOTEXTURE.(BackgroundSimpleTexture).xdb,added,,296,2107-12-31-23-59-56
Universe_mod.pak,UI/UniverseHeroes/Hero59_INFOTEXTURE.(Texture).dds,added,,1502468,2107-12-31-23-59-56
Universe_mod.pak,UI/UniverseHeroes/Hero59_INFOTEXTURE.(Texture).xdb,added,,589,2107-12-31-23-59-56
Universe_mod.pak,UI/UniverseHeroes/Hero60_INFOTEXTURE.(BackgroundSimpleTexture).xdb,added,,296,2107-12-31-23-59-56
Universe_mod.pak,UI/UniverseHeroes/Hero60_INFOTEXTURE.(Texture).dds,added,,1502468,2107-12-31-23-59-56
Universe_mod.pak,UI/UniverseHeroes/Hero60_INFOTEXTURE.(Texture).xdb,added,,589,2107-12-31-23-59-56
Universe_mod.pak,UI/UniverseHeroes/Hero61_INFOTEXTURE.(BackgroundSimpleTexture).xdb,added,,296,2107-12-31-23-59-56
Universe_mod.pak,UI/UniverseHeroes/Hero61_INFOTEXTURE.(Texture).dds,added,,1502468,2107-12-31-23-59-56
Universe_mod.pak,UI/UniverseHeroes/Hero61_INFOTEXTURE.(Texture).xdb,added,,589,2107-12-31-23-59-56
Universe_mod.pak,UI/UniverseHeroes/Hero62_INFOTEXTURE.(BackgroundSimpleTexture).xdb,added,,296,2107-12-31-23-59-56
Universe_mod.pak,UI/UniverseHeroes/Hero62_INFOTEXTURE.(Texture).dds,added,,1502468,2107-12-31-23-59-56
Universe_mod.pak,UI/UniverseHeroes/Hero62_INFOTEXTURE.(Texture).xdb,added,,589,2107-12-31-23-59-56
Universe_mod.pak,UI/UniverseHeroes/Hero63_INFOTEXTURE.(BackgroundSimpleTexture).xdb,added,,296,2107-12-31-23-59-56
Universe_mod.pak,UI/UniverseHeroes/Hero63_INFOTEXTURE.(Texture).dds,added,,1502468,2107-12-31-23-59-56
Universe_mod.pak,UI/UniverseHeroes/Hero63_INFOTEXTURE.(Texture).xdb,added,,602,2107-12-31-23-59-56
Universe_mod.pak,UI/UniverseHeroes/Hero64_INFOTEXTURE.(BackgroundSimpleTexture).xdb,added,,296,2107-12-31-23-59-56
Universe_mod.pak,UI/UniverseHeroes/Hero64_INFOTEXTURE.(Texture).dds,added,,1502468,2107-12-31-23-59-56
Universe_mod.pak,UI/UniverseHeroes/Hero64_INFOTEXTURE.(Texture).xdb,added,,589,2107-12-31-23-59-56
Universe_mod.pak,UI/UniverseHeroes/overbutt.(Texture).dds,added,,3728,2107-12-31-23-59-56
Universe_mod.pak,UI/UniverseHeroes/overbutt.(Texture).xdb,added,,575,2107-12-31-23-59-56
Universe_mod.pak,UI/UniverseHeroes/overbutton.xdb,added,,286,2107-12-31-23-59-56
Universe_mod.pak,UI/UniverseHeroes/Perks_Status.(WindowTextViewShared).xdb,added,,1021,2107-12-31-23-59-56
Universe_mod.pak,UI/UniverseHeroes/Perks_Status_Hero_01.(WindowTextView).xdb,added,,1239,2107-12-31-23-59-56
Universe_mod.pak,UI/UniverseHeroes/Perks_Status_Hero_02.(WindowTextView).xdb,added,,1239,2107-12-31-23-59-56
Universe_mod.pak,UI/UniverseHeroes/Perks_Status_Hero_03.(WindowTextView).xdb,added,,1239,2107-12-31-23-59-56
Universe_mod.pak,UI/UniverseHeroes/Perks_Status_Hero_04.(WindowTextView).xdb,added,,1239,2107-12-31-23-59-56
Universe_mod.pak,UI/UniverseHeroes/Perks_Status_Hero_05.(WindowTextView).xdb,added,,1239,2107-12-31-23-59-56
Universe_mod.pak,UI/UniverseHeroes/Perks_Status_Hero_06.(WindowTextView).xdb,added,,1239,2107-12-31-23-59-56
Universe_mod.pak,UI/UniverseHeroes/Perks_Status_Hero_07.(WindowTextView).xdb,added,,1239,2107-12-31-23-59-56
Universe_mod.pak,UI/UniverseHeroes/Perks_Status_Hero_08.(WindowTextView).xdb,added,,1239,2107-12-31-23-59-56
Universe_mod.pak,UI/UniverseHeroes/Perks_Status_Hero_09.(WindowTextView).xdb,added,,1239,2107-12-31-23-59-56
Universe_mod.pak,UI/UniverseHeroes/Perks_Status_Hero_10.(WindowTextView).xdb,added,,1239,2107-12-31-23-59-56
Universe_mod.pak,UI/UniverseHeroes/Perks_Status_Hero_11.(WindowTextView).xdb,added,,1239,2107-12-31-23-59-56
Universe_mod.pak,UI/UniverseHeroes/Perks_Status_Hero_12.(WindowTextView).xdb,added,,1239,2107-12-31-23-59-56
Universe_mod.pak,UI/UniverseHeroes/Perks_Status_Hero_13.(WindowTextView).xdb,added,,1239,2107-12-31-23-59-56
Universe_mod.pak,UI/UniverseHeroes/Perks_Status_Hero_14.(WindowTextView).xdb,added,,1239,2107-12-31-23-59-56
Universe_mod.pak,UI/UniverseHeroes/Perks_Status_Hero_15.(WindowTextView).xdb,added,,1239,2107-12-31-23-59-56
Universe_mod.pak,UI/UniverseHeroes/Perks_Status_Hero_16.(WindowTextView).xdb,added,,1239,2107-12-31-23-59-56
Universe_mod.pak,UI/UniverseHeroes/Perks_Status_Hero_17.(WindowTextView).xdb,added,,1239,2107-12-31-23-59-56
Universe_mod.pak,UI/UniverseHeroes/Perks_Status_Hero_18.(WindowTextView).xdb,added,,1239,2107-12-31-23-59-56
Universe_mod.pak,UI/UniverseHeroes/Perks_Status_Hero_19.(WindowTextView).xdb,added,,1239,2107-12-31-23-59-56
Universe_mod.pak,UI/UniverseHeroes/Perks_Status_Hero_20.(WindowTextView).xdb,added,,1239,2107-12-31-23-59-56
Universe_mod.pak,UI/UniverseHeroes/Perks_Status_Hero_21.(WindowTextView).xdb,added,,1239,2107-12-31-23-59-56
Universe_mod.pak,UI/UniverseHeroes/Perks_Status_Hero_22.(WindowTextView).xdb,added,,1239,2107-12-31-23-59-56
Universe_mod.pak,UI/UniverseHeroes/Perks_Status_Hero_23.(WindowTextView).xdb,added,,1239,2107-12-31-23-59-56
Universe_mod.pak,UI/UniverseHeroes/Perks_Status_Hero_24.(WindowTextView).xdb,added,,1239,2107-12-31-23-59-56
Universe_mod.pak,UI/UniverseHeroes/Perks_Status_Hero_25.(WindowTextView).xdb,added,,1239,2107-12-31-23-59-56
Universe_mod.pak,UI/UniverseHeroes/Perks_Status_Hero_26.(WindowTextView).xdb,added,,1239,2107-12-31-23-59-56
Universe_mod.pak,UI/UniverseHeroes/Perks_Status_Hero_27.(WindowTextView).xdb,added,,1239,2107-12-31-23-59-56
Universe_mod.pak,UI/UniverseHeroes/Perks_Status_Hero_28.(WindowTextView).xdb,added,,1239,2107-12-31-23-59-56
Universe_mod.pak,UI/UniverseHeroes/Perks_Status_Hero_29.(WindowTextView).xdb,added,,1239,2107-12-31-23-59-56
Universe_mod.pak,UI/UniverseHeroes/Perks_Status_Hero_30.(WindowTextView).xdb,added,,1239,2107-12-31-23-59-56
Universe_mod.pak,UI/UniverseHeroes/Perks_Status_Hero_31.(WindowTextView).xdb,added,,1239,2107-12-31-23-59-56
Universe_mod.pak,UI/UniverseHeroes/Perks_Status_Hero_32.(WindowTextView).xdb,added,,1239,2107-12-31-23-59-56
Universe_mod.pak,UI/UniverseHeroes/Perks_Status_Hero_33.(WindowTextView).xdb,added,,1239,2107-12-31-23-59-56
Universe_mod.pak,UI/UniverseHeroes/Perks_Status_Hero_34.(WindowTextView).xdb,added,,1239,2107-12-31-23-59-56
Universe_mod.pak,UI/UniverseHeroes/Perks_Status_Hero_35.(WindowTextView).xdb,added,,1239,2107-12-31-23-59-56
Universe_mod.pak,UI/UniverseHeroes/Perks_Status_Hero_36.(WindowTextView).xdb,added,,1239,2107-12-31-23-59-56
Universe_mod.pak,UI/UniverseHeroes/Perks_Status_Hero_37.(WindowTextView).xdb,added,,1239,2107-12-31-23-59-56
Universe_mod.pak,UI/UniverseHeroes/Perks_Status_Hero_38.(WindowTextView).xdb,added,,1239,2107-12-31-23-59-56
Universe_mod.pak,UI/UniverseHeroes/Perks_Status_Hero_39.(WindowTextView).xdb,added,,1239,2107-12-31-23-59-56
Universe_mod.pak,UI/UniverseHeroes/Perks_Status_Hero_40.(WindowTextView).xdb,added,,1239,2107-12-31-23-59-56
Universe_mod.pak,UI/UniverseHeroes/Perks_Status_Hero_41.(WindowTextView).xdb,added,,1239,2107-12-31-23-59-56
Universe_mod.pak,UI/UniverseHeroes/Perks_Status_Hero_42.(WindowTextView).xdb,added,,1239,2107-12-31-23-59-56
Universe_mod.pak,UI/UniverseHeroes/Perks_Status_Hero_43.(WindowTextView).xdb,added,,1239,2107-12-31-23-59-56
Universe_mod.pak,UI/UniverseHeroes/Perks_Status_Hero_44.(WindowTextView).xdb,added,,1239,2107-12-31-23-59-56
Universe_mod.pak,UI/UniverseHeroes/Perks_Status_Hero_45.(WindowTextView).xdb,added,,1239,2107-12-31-23-59-56
Universe_mod.pak,UI/UniverseHeroes/Perks_Status_Hero_46.(WindowTextView).xdb,added,,1239,2107-12-31-23-59-56
Universe_mod.pak,UI/UniverseHeroes/Perks_Status_Hero_47.(WindowTextView).xdb,added,,1239,2107-12-31-23-59-56
Universe_mod.pak,UI/UniverseHeroes/Perks_Status_Hero_48.(WindowTextView).xdb,added,,1239,2107-12-31-23-59-56
Universe_mod.pak,UI/UniverseHeroes/Perks_Status_Hero_49.(WindowTextView).xdb,added,,1239,2107-12-31-23-59-56
Universe_mod.pak,UI/UniverseHeroes/Perks_Status_Hero_50.(WindowTextView).xdb,added,,1239,2107-12-31-23-59-56
Universe_mod.pak,UI/UniverseHeroes/Perks_Status_Hero_51.(WindowTextView).xdb,added,,1239,2107-12-31-23-59-56
Universe_mod.pak,UI/UniverseHeroes/Perks_Status_Hero_52.(WindowTextView).xdb,added,,1239,2107-12-31-23-59-56
Universe_mod.pak,UI/UniverseHeroes/Perks_Status_Hero_53.(WindowTextView).xdb,added,,1239,2107-12-31-23-59-56
Universe_mod.pak,UI/UniverseHeroes/Perks_Status_Hero_54.(WindowTextView).xdb,added,,1239,2107-12-31-23-59-56
Universe_mod.pak,UI/UniverseHeroes/Perks_Status_Hero_55.(WindowTextView).xdb,added,,1239,2107-12-31-23-59-56
Universe_mod.pak,UI/UniverseHeroes/Perks_Status_Hero_56.(WindowTextView).xdb,added,,1239,2107-12-31-23-59-56
Universe_mod.pak,UI/UniverseHeroes/Perks_Status_Hero_57.(WindowTextView).xdb,added,,1239,2107-12-31-23-59-56
Universe_mod.pak,UI/UniverseHeroes/Perks_Status_Hero_58.(WindowTextView).xdb,added,,1239,2107-12-31-23-59-56
Universe_mod.pak,UI/UniverseHeroes/Perks_Status_Hero_59.(WindowTextView).xdb,added,,1239,2107-12-31-23-59-56
Universe_mod.pak,UI/UniverseHeroes/Perks_Status_Hero_60.(WindowTextView).xdb,added,,1239,2107-12-31-23-59-56
Universe_mod.pak,UI/UniverseHeroes/Perks_Status_Hero_61.(WindowTextView).xdb,added,,1239,2107-12-31-23-59-56
Universe_mod.pak,UI/UniverseHeroes/Perks_Status_Hero_62.(WindowTextView).xdb,added,,1239,2107-12-31-23-59-56
Universe_mod.pak,UI/UniverseHeroes/Perks_Status_Hero_63.(WindowTextView).xdb,added,,1239,2107-12-31-23-59-56
Universe_mod.pak,UI/UniverseHeroes/Perks_Status_Hero_64.(WindowTextView).xdb,added,,1239,2107-12-31-23-59-56
Universe_mod.pak,UI/UniverseHeroes/press00.(Texture).dds,added,,3728,2107-12-31-23-59-56
Universe_mod.pak,UI/UniverseHeroes/press00.(Texture).xdb,added,,576,2107-12-31-23-59-56
Universe_mod.pak,UI/UniverseHeroes/pressed.xdb,added,,285,2107-12-31-23-59-56
Universe_mod.pak,UI/UniverseHeroes/SpecFormat.(TextFormat).xdb,added,,802,2107-12-31-23-59-56
Universe_mod.pak,UI/UniverseHeroes/SpecFormatName.(TextFormat).xdb,added,,806,2107-12-31-23-59-56
Universe_mod.pak,UI/UniverseHeroes/Specialization.(WindowTextViewShared).xdb,added,,1025,2107-12-31-23-59-56
Universe_mod.pak,UI/UniverseHeroes/Specialization_Hero_01.(WindowTextView).xdb,added,,1312,2107-12-31-23-59-56
Universe_mod.pak,UI/UniverseHeroes/Specialization_Hero_02.(WindowTextView).xdb,added,,1316,2107-12-31-23-59-56
Universe_mod.pak,UI/UniverseHeroes/Specialization_Hero_03.(WindowTextView).xdb,added,,1313,2107-12-31-23-59-56
Universe_mod.pak,UI/UniverseHeroes/Specialization_Hero_04.(WindowTextView).xdb,added,,1322,2107-12-31-23-59-56
Universe_mod.pak,UI/UniverseHeroes/Specialization_Hero_05.(WindowTextView).xdb,added,,1310,2107-12-31-23-59-56
Universe_mod.pak,UI/UniverseHeroes/Specialization_Hero_06.(WindowTextView).xdb,added,,1320,2107-12-31-23-59-56
Universe_mod.pak,UI/UniverseHeroes/Specialization_Hero_07.(WindowTextView).xdb,added,,1311,2107-12-31-23-59-56
Universe_mod.pak,UI/UniverseHeroes/Specialization_Hero_08.(WindowTextView).xdb,added,,1321,2107-12-31-23-59-56
Universe_mod.pak,UI/UniverseHeroes/Specialization_Hero_09.(WindowTextView).xdb,added,,1313,2107-12-31-23-59-56
Universe_mod.pak,UI/UniverseHeroes/Specialization_Hero_10.(WindowTextView).xdb,added,,1316,2107-12-31-23-59-56
Universe_mod.pak,UI/UniverseHeroes/Specialization_Hero_11.(WindowTextView).xdb,added,,1315,2107-12-31-23-59-56
Universe_mod.pak,UI/UniverseHeroes/Specialization_Hero_12.(WindowTextView).xdb,added,,1312,2107-12-31-23-59-56
Universe_mod.pak,UI/UniverseHeroes/Specialization_Hero_13.(WindowTextView).xdb,added,,1328,2107-12-31-23-59-56
Universe_mod.pak,UI/UniverseHeroes/Specialization_Hero_14.(WindowTextView).xdb,added,,1317,2107-12-31-23-59-56
Universe_mod.pak,UI/UniverseHeroes/Specialization_Hero_15.(WindowTextView).xdb,added,,1317,2107-12-31-23-59-56
Universe_mod.pak,UI/UniverseHeroes/Specialization_Hero_16.(WindowTextView).xdb,added,,1315,2107-12-31-23-59-56
Universe_mod.pak,UI/UniverseHeroes/Specialization_Hero_17.(WindowTextView).xdb,added,,1321,2107-12-31-23-59-56
Universe_mod.pak,UI/UniverseHeroes/Specialization_Hero_18.(WindowTextView).xdb,added,,1319,2107-12-31-23-59-56
Universe_mod.pak,UI/UniverseHeroes/Specialization_Hero_19.(WindowTextView).xdb,added,,1316,2107-12-31-23-59-56
Universe_mod.pak,UI/UniverseHeroes/Specialization_Hero_20.(WindowTextView).xdb,added,,1319,2107-12-31-23-59-56
Universe_mod.pak,UI/UniverseHeroes/Specialization_Hero_21.(WindowTextView).xdb,added,,1322,2107-12-31-23-59-56
Universe_mod.pak,UI/UniverseHeroes/Specialization_Hero_22.(WindowTextView).xdb,added,,1319,2107-12-31-23-59-56
Universe_mod.pak,UI/UniverseHeroes/Specialization_Hero_23.(WindowTextView).xdb,added,,1322,2107-12-31-23-59-56
Universe_mod.pak,UI/UniverseHeroes/Specialization_Hero_24.(WindowTextView).xdb,added,,1325,2107-12-31-23-59-56
Universe_mod.pak,UI/UniverseHeroes/Specialization_Hero_25.(WindowTextView).xdb,added,,1323,2107-12-31-23-59-56
Universe_mod.pak,UI/UniverseHeroes/Specialization_Hero_26.(WindowTextView).xdb,added,,1323,2107-12-31-23-59-56
Universe_mod.pak,UI/UniverseHeroes/Specialization_Hero_27.(WindowTextView).xdb,added,,1319,2107-12-31-23-59-56
Universe_mod.pak,UI/UniverseHeroes/Specialization_Hero_28.(WindowTextView).xdb,added,,1322,2107-12-31-23-59-56
Universe_mod.pak,UI/UniverseHeroes/Specialization_Hero_29.(WindowTextView).xdb,added,,1315,2107-12-31-23-59-56
Universe_mod.pak,UI/UniverseHeroes/Specialization_Hero_30.(WindowTextView).xdb,added,,1322,2107-12-31-23-59-56
Universe_mod.pak,UI/UniverseHeroes/Specialization_Hero_31.(WindowTextView).xdb,added,,1322,2107-12-31-23-59-56
Universe_mod.pak,UI/UniverseHeroes/Specialization_Hero_32.(WindowTextView).xdb,added,,1313,2107-12-31-23-59-56
Universe_mod.pak,UI/UniverseHeroes/Specialization_Hero_33.(WindowTextView).xdb,added,,1318,2107-12-31-23-59-56
Universe_mod.pak,UI/UniverseHeroes/Specialization_Hero_34.(WindowTextView).xdb,added,,1314,2107-12-31-23-59-56
Universe_mod.pak,UI/UniverseHeroes/Specialization_Hero_35.(WindowTextView).xdb,added,,1318,2107-12-31-23-59-56
Universe_mod.pak,UI/UniverseHeroes/Specialization_Hero_36.(WindowTextView).xdb,added,,1313,2107-12-31-23-59-56
Universe_mod.pak,UI/UniverseHeroes/Specialization_Hero_37.(WindowTextView).xdb,added,,1319,2107-12-31-23-59-56
Universe_mod.pak,UI/UniverseHeroes/Specialization_Hero_38.(WindowTextView).xdb,added,,1317,2107-12-31-23-59-56
Universe_mod.pak,UI/UniverseHeroes/Specialization_Hero_39.(WindowTextView).xdb,added,,1312,2107-12-31-23-59-56
Universe_mod.pak,UI/UniverseHeroes/Specialization_Hero_40.(WindowTextView).xdb,added,,1313,2107-12-31-23-59-56
Universe_mod.pak,UI/UniverseHeroes/Specialization_Hero_41.(WindowTextView).xdb,added,,1319,2107-12-31-23-59-56
Universe_mod.pak,UI/UniverseHeroes/Specialization_Hero_42.(WindowTextView).xdb,added,,1315,2107-12-31-23-59-56
Universe_mod.pak,UI/UniverseHeroes/Specialization_Hero_43.(WindowTextView).xdb,added,,1313,2107-12-31-23-59-56
Universe_mod.pak,UI/UniverseHeroes/Specialization_Hero_44.(WindowTextView).xdb,added,,1315,2107-12-31-23-59-56
Universe_mod.pak,UI/UniverseHeroes/Specialization_Hero_45.(WindowTextView).xdb,added,,1321,2107-12-31-23-59-56
Universe_mod.pak,UI/UniverseHeroes/Specialization_Hero_46.(WindowTextView).xdb,added,,1312,2107-12-31-23-59-56
Universe_mod.pak,UI/UniverseHeroes/Specialization_Hero_47.(WindowTextView).xdb,added,,1318,2107-12-31-23-59-56
Universe_mod.pak,UI/UniverseHeroes/Specialization_Hero_48.(WindowTextView).xdb,added,,1313,2107-12-31-23-59-56
Universe_mod.pak,UI/UniverseHeroes/Specialization_Hero_49.(WindowTextView).xdb,added,,1312,2107-12-31-23-59-56
Universe_mod.pak,UI/UniverseHeroes/Specialization_Hero_50.(WindowTextView).xdb,added,,1316,2107-12-31-23-59-56
Universe_mod.pak,UI/UniverseHeroes/Specialization_Hero_51.(WindowTextView).xdb,added,,1315,2107-12-31-23-59-56
Universe_mod.pak,UI/UniverseHeroes/Specialization_Hero_52.(WindowTextView).xdb,added,,1315,2107-12-31-23-59-56
Universe_mod.pak,UI/UniverseHeroes/Specialization_Hero_53.(WindowTextView).xdb,added,,1320,2107-12-31-23-59-56
Universe_mod.pak,UI/UniverseHeroes/Specialization_Hero_54.(WindowTextView).xdb,added,,1317,2107-12-31-23-59-56
Universe_mod.pak,UI/UniverseHeroes/Specialization_Hero_55.(WindowTextView).xdb,added,,1317,2107-12-31-23-59-56
Universe_mod.pak,UI/UniverseHeroes/Specialization_Hero_56.(WindowTextView).xdb,added,,1318,2107-12-31-23-59-56
Universe_mod.pak,UI/UniverseHeroes/Specialization_Hero_57.(WindowTextView).xdb,added,,1317,2107-12-31-23-59-56
Universe_mod.pak,UI/UniverseHeroes/Specialization_Hero_58.(WindowTextView).xdb,added,,1313,2107-12-31-23-59-56
Universe_mod.pak,UI/UniverseHeroes/Specialization_Hero_59.(WindowTextView).xdb,added,,1321,2107-12-31-23-59-56
Universe_mod.pak,UI/UniverseHeroes/Specialization_Hero_60.(WindowTextView).xdb,added,,1317,2107-12-31-23-59-56
Universe_mod.pak,UI/UniverseHeroes/Specialization_Hero_61.(WindowTextView).xdb,added,,1320,2107-12-31-23-59-56
Universe_mod.pak,UI/UniverseHeroes/Specialization_Hero_62.(WindowTextView).xdb,added,,1324,2107-12-31-23-59-56
Universe_mod.pak,UI/UniverseHeroes/Specialization_Hero_63.(WindowTextView).xdb,added,,1320,2107-12-31-23-59-56
Universe_mod.pak,UI/UniverseHeroes/Specialization_Hero_64.(WindowTextView).xdb,added,,1319,2107-12-31-23-59-56
Universe_mod.pak,UI/UniverseHeroes/Specialization_Name.(WindowTextViewShared).xdb,added,,1021,2107-12-31-23-59-56
Universe_mod.pak,UI/UniverseHeroes/Specialization_Name_Hero_01.(WindowTextView).xdb,added,,1314,2107-12-31-23-59-56
Universe_mod.pak,UI/UniverseHeroes/Specialization_Name_Hero_02.(WindowTextView).xdb,added,,1318,2107-12-31-23-59-56
Universe_mod.pak,UI/UniverseHeroes/Specialization_Name_Hero_03.(WindowTextView).xdb,added,,1315,2107-12-31-23-59-56
Universe_mod.pak,UI/UniverseHeroes/Specialization_Name_Hero_04.(WindowTextView).xdb,added,,1324,2107-12-31-23-59-56
Universe_mod.pak,UI/UniverseHeroes/Specialization_Name_Hero_05.(WindowTextView).xdb,added,,1312,2107-12-31-23-59-56
Universe_mod.pak,UI/UniverseHeroes/Specialization_Name_Hero_06.(WindowTextView).xdb,added,,1322,2107-12-31-23-59-56
Universe_mod.pak,UI/UniverseHeroes/Specialization_Name_Hero_07.(WindowTextView).xdb,added,,1313,2107-12-31-23-59-56
Universe_mod.pak,UI/UniverseHeroes/Specialization_Name_Hero_08.(WindowTextView).xdb,added,,1323,2107-12-31-23-59-56
Universe_mod.pak,UI/UniverseHeroes/Specialization_Name_Hero_09.(WindowTextView).xdb,added,,1315,2107-12-31-23-59-56
Universe_mod.pak,UI/UniverseHeroes/Specialization_Name_Hero_10.(WindowTextView).xdb,added,,1318,2107-12-31-23-59-56
Universe_mod.pak,UI/UniverseHeroes/Specialization_Name_Hero_11.(WindowTextView).xdb,added,,1317,2107-12-31-23-59-56
Universe_mod.pak,UI/UniverseHeroes/Specialization_Name_Hero_12.(WindowTextView).xdb,added,,1314,2107-12-31-23-59-56
Universe_mod.pak,UI/UniverseHeroes/Specialization_Name_Hero_13.(WindowTextView).xdb,added,,1330,2107-12-31-23-59-56
Universe_mod.pak,UI/UniverseHeroes/Specialization_Name_Hero_14.(WindowTextView).xdb,added,,1319,2107-12-31-23-59-56
Universe_mod.pak,UI/UniverseHeroes/Specialization_Name_Hero_15.(WindowTextView).xdb,added,,1319,2107-12-31-23-59-56
Universe_mod.pak,UI/UniverseHeroes/Specialization_Name_Hero_16.(WindowTextView).xdb,added,,1317,2107-12-31-23-59-56
Universe_mod.pak,UI/UniverseHeroes/Specialization_Name_Hero_17.(WindowTextView).xdb,added,,1323,2107-12-31-23-59-56
Universe_mod.pak,UI/UniverseHeroes/Specialization_Name_Hero_18.(WindowTextView).xdb,added,,1321,2107-12-31-23-59-56
Universe_mod.pak,UI/UniverseHeroes/Specialization_Name_Hero_19.(WindowTextView).xdb,added,,1318,2107-12-31-23-59-56
Universe_mod.pak,UI/UniverseHeroes/Specialization_Name_Hero_20.(WindowTextView).xdb,added,,1321,2107-12-31-23-59-56
Universe_mod.pak,UI/UniverseHeroes/Specialization_Name_Hero_21.(WindowTextView).xdb,added,,1324,2107-12-31-23-59-56
Universe_mod.pak,UI/UniverseHeroes/Specialization_Name_Hero_22.(WindowTextView).xdb,added,,1321,2107-12-31-23-59-56
Universe_mod.pak,UI/UniverseHeroes/Specialization_Name_Hero_23.(WindowTextView).xdb,added,,1324,2107-12-31-23-59-56
Universe_mod.pak,UI/UniverseHeroes/Specialization_Name_Hero_24.(WindowTextView).xdb,added,,1327,2107-12-31-23-59-56
Universe_mod.pak,UI/UniverseHeroes/Specialization_Name_Hero_25.(WindowTextView).xdb,added,,1325,2107-12-31-23-59-56
Universe_mod.pak,UI/UniverseHeroes/Specialization_Name_Hero_26.(WindowTextView).xdb,added,,1325,2107-12-31-23-59-56
Universe_mod.pak,UI/UniverseHeroes/Specialization_Name_Hero_27.(WindowTextView).xdb,added,,1321,2107-12-31-23-59-56
Universe_mod.pak,UI/UniverseHeroes/Specialization_Name_Hero_28.(WindowTextView).xdb,added,,1324,2107-12-31-23-59-56
Universe_mod.pak,UI/UniverseHeroes/Specialization_Name_Hero_29.(WindowTextView).xdb,added,,1317,2107-12-31-23-59-56
Universe_mod.pak,UI/UniverseHeroes/Specialization_Name_Hero_30.(WindowTextView).xdb,added,,1324,2107-12-31-23-59-56
Universe_mod.pak,UI/UniverseHeroes/Specialization_Name_Hero_31.(WindowTextView).xdb,added,,1324,2107-12-31-23-59-56
Universe_mod.pak,UI/UniverseHeroes/Specialization_Name_Hero_32.(WindowTextView).xdb,added,,1315,2107-12-31-23-59-56
Universe_mod.pak,UI/UniverseHeroes/Specialization_Name_Hero_33.(WindowTextView).xdb,added,,1320,2107-12-31-23-59-56
Universe_mod.pak,UI/UniverseHeroes/Specialization_Name_Hero_34.(WindowTextView).xdb,added,,1316,2107-12-31-23-59-56
Universe_mod.pak,UI/UniverseHeroes/Specialization_Name_Hero_35.(WindowTextView).xdb,added,,1320,2107-12-31-23-59-56
Universe_mod.pak,UI/UniverseHeroes/Specialization_Name_Hero_36.(WindowTextView).xdb,added,,1315,2107-12-31-23-59-56
Universe_mod.pak,UI/UniverseHeroes/Specialization_Name_Hero_37.(WindowTextView).xdb,added,,1321,2107-12-31-23-59-56
Universe_mod.pak,UI/UniverseHeroes/Specialization_Name_Hero_38.(WindowTextView).xdb,added,,1319,2107-12-31-23-59-56
Universe_mod.pak,UI/UniverseHeroes/Specialization_Name_Hero_39.(WindowTextView).xdb,added,,1314,2107-12-31-23-59-56
Universe_mod.pak,UI/UniverseHeroes/Specialization_Name_Hero_40.(WindowTextView).xdb,added,,1315,2107-12-31-23-59-56
Universe_mod.pak,UI/UniverseHeroes/Specialization_Name_Hero_41.(WindowTextView).xdb,added,,1321,2107-12-31-23-59-56
Universe_mod.pak,UI/UniverseHeroes/Specialization_Name_Hero_42.(WindowTextView).xdb,added,,1317,2107-12-31-23-59-56
Universe_mod.pak,UI/UniverseHeroes/Specialization_Name_Hero_43.(WindowTextView).xdb,added,,1315,2107-12-31-23-59-56
Universe_mod.pak,UI/UniverseHeroes/Specialization_Name_Hero_44.(WindowTextView).xdb,added,,1317,2107-12-31-23-59-56
Universe_mod.pak,UI/UniverseHeroes/Specialization_Name_Hero_45.(WindowTextView).xdb,added,,1323,2107-12-31-23-59-56
Universe_mod.pak,UI/UniverseHeroes/Specialization_Name_Hero_46.(WindowTextView).xdb,added,,1314,2107-12-31-23-59-56
Universe_mod.pak,UI/UniverseHeroes/Specialization_Name_Hero_47.(WindowTextView).xdb,added,,1320,2107-12-31-23-59-56
Universe_mod.pak,UI/UniverseHeroes/Specialization_Name_Hero_48.(WindowTextView).xdb,added,,1315,2107-12-31-23-59-56
Universe_mod.pak,UI/UniverseHeroes/Specialization_Name_Hero_49.(WindowTextView).xdb,added,,1314,2107-12-31-23-59-56
Universe_mod.pak,UI/UniverseHeroes/Specialization_Name_Hero_50.(WindowTextView).xdb,added,,1318,2107-12-31-23-59-56
Universe_mod.pak,UI/UniverseHeroes/Specialization_Name_Hero_51.(WindowTextView).xdb,added,,1317,2107-12-31-23-59-56
Universe_mod.pak,UI/UniverseHeroes/Specialization_Name_Hero_52.(WindowTextView).xdb,added,,1317,2107-12-31-23-59-56
Universe_mod.pak,UI/UniverseHeroes/Specialization_Name_Hero_53.(WindowTextView).xdb,added,,1322,2107-12-31-23-59-56
Universe_mod.pak,UI/UniverseHeroes/Specialization_Name_Hero_54.(WindowTextView).xdb,added,,1319,2107-12-31-23-59-56
Universe_mod.pak,UI/UniverseHeroes/Specialization_Name_Hero_55.(WindowTextView).xdb,added,,1319,2107-12-31-23-59-56
Universe_mod.pak,UI/UniverseHeroes/Specialization_Name_Hero_56.(WindowTextView).xdb,added,,1320,2107-12-31-23-59-56
Universe_mod.pak,UI/UniverseHeroes/Specialization_Name_Hero_57.(WindowTextView).xdb,added,,1319,2107-12-31-23-59-56
Universe_mod.pak,UI/UniverseHeroes/Specialization_Name_Hero_58.(WindowTextView).xdb,added,,1315,2107-12-31-23-59-56
Universe_mod.pak,UI/UniverseHeroes/Specialization_Name_Hero_59.(WindowTextView).xdb,added,,1323,2107-12-31-23-59-56
Universe_mod.pak,UI/UniverseHeroes/Specialization_Name_Hero_60.(WindowTextView).xdb,added,,1319,2107-12-31-23-59-56
Universe_mod.pak,UI/UniverseHeroes/Specialization_Name_Hero_61.(WindowTextView).xdb,added,,1322,2107-12-31-23-59-56
Universe_mod.pak,UI/UniverseHeroes/Specialization_Name_Hero_62.(WindowTextView).xdb,added,,1326,2107-12-31-23-59-56
Universe_mod.pak,UI/UniverseHeroes/Specialization_Name_Hero_63.(WindowTextView).xdb,added,,1322,2107-12-31-23-59-56
Universe_mod.pak,UI/UniverseHeroes/Specialization_Name_Hero_64.(WindowTextView).xdb,added,,1321,2107-12-31-23-59-56
Universe_mod.pak,UI/UniverseHeroes/Spec_Status_Hero.(WindowTextViewShared).xdb,added,,1021,2107-12-31-23-59-56
Universe_mod.pak,UI/UniverseHeroes/Spec_Status_Hero_01.(WindowTextView).xdb,added,,1241,2107-12-31-23-59-56
Universe_mod.pak,UI/UniverseHeroes/Spec_Status_Hero_02.(WindowTextView).xdb,added,,1241,2107-12-31-23-59-56
Universe_mod.pak,UI/UniverseHeroes/Spec_Status_Hero_03.(WindowTextView).xdb,added,,1241,2107-12-31-23-59-56
Universe_mod.pak,UI/UniverseHeroes/Spec_Status_Hero_04.(WindowTextView).xdb,added,,1241,2107-12-31-23-59-56
Universe_mod.pak,UI/UniverseHeroes/Spec_Status_Hero_05.(WindowTextView).xdb,added,,1241,2107-12-31-23-59-56
Universe_mod.pak,UI/UniverseHeroes/Spec_Status_Hero_06.(WindowTextView).xdb,added,,1241,2107-12-31-23-59-56
Universe_mod.pak,UI/UniverseHeroes/Spec_Status_Hero_07.(WindowTextView).xdb,added,,1241,2107-12-31-23-59-56
Universe_mod.pak,UI/UniverseHeroes/Spec_Status_Hero_08.(WindowTextView).xdb,added,,1241,2107-12-31-23-59-56
Universe_mod.pak,UI/UniverseHeroes/Spec_Status_Hero_09.(WindowTextView).xdb,added,,1241,2107-12-31-23-59-56
Universe_mod.pak,UI/UniverseHeroes/Spec_Status_Hero_10.(WindowTextView).xdb,added,,1241,2107-12-31-23-59-56
Universe_mod.pak,UI/UniverseHeroes/Spec_Status_Hero_11.(WindowTextView).xdb,added,,1241,2107-12-31-23-59-56
Universe_mod.pak,UI/UniverseHeroes/Spec_Status_Hero_12.(WindowTextView).xdb,added,,1241,2107-12-31-23-59-56
Universe_mod.pak,UI/UniverseHeroes/Spec_Status_Hero_13.(WindowTextView).xdb,added,,1241,2107-12-31-23-59-56
Universe_mod.pak,UI/UniverseHeroes/Spec_Status_Hero_14.(WindowTextView).xdb,added,,1241,2107-12-31-23-59-56
Universe_mod.pak,UI/UniverseHeroes/Spec_Status_Hero_15.(WindowTextView).xdb,added,,1241,2107-12-31-23-59-56
Universe_mod.pak,UI/UniverseHeroes/Spec_Status_Hero_16.(WindowTextView).xdb,added,,1241,2107-12-31-23-59-56
Universe_mod.pak,UI/UniverseHeroes/Spec_Status_Hero_17.(WindowTextView).xdb,added,,1241,2107-12-31-23-59-56
Universe_mod.pak,UI/UniverseHeroes/Spec_Status_Hero_18.(WindowTextView).xdb,added,,1241,2107-12-31-23-59-56
Universe_mod.pak,UI/UniverseHeroes/Spec_Status_Hero_19.(WindowTextView).xdb,added,,1241,2107-12-31-23-59-56
Universe_mod.pak,UI/UniverseHeroes/Spec_Status_Hero_20.(WindowTextView).xdb,added,,1241,2107-12-31-23-59-56
Universe_mod.pak,UI/UniverseHeroes/Spec_Status_Hero_21.(WindowTextView).xdb,added,,1241,2107-12-31-23-59-56
Universe_mod.pak,UI/UniverseHeroes/Spec_Status_Hero_22.(WindowTextView).xdb,added,,1241,2107-12-31-23-59-56
Universe_mod.pak,UI/UniverseHeroes/Spec_Status_Hero_23.(WindowTextView).xdb,added,,1241,2107-12-31-23-59-56
Universe_mod.pak,UI/UniverseHeroes/Spec_Status_Hero_24.(WindowTextView).xdb,added,,1241,2107-12-31-23-59-56
Universe_mod.pak,UI/UniverseHeroes/Spec_Status_Hero_25.(WindowTextView).xdb,added,,1241,2107-12-31-23-59-56
Universe_mod.pak,UI/UniverseHeroes/Spec_Status_Hero_26.(WindowTextView).xdb,added,,1241,2107-12-31-23-59-56
Universe_mod.pak,UI/UniverseHeroes/Spec_Status_Hero_27.(WindowTextView).xdb,added,,1241,2107-12-31-23-59-56
Universe_mod.pak,UI/UniverseHeroes/Spec_Status_Hero_28.(WindowTextView).xdb,added,,1241,2107-12-31-23-59-56
Universe_mod.pak,UI/UniverseHeroes/Spec_Status_Hero_29.(WindowTextView).xdb,added,,1241,2107-12-31-23-59-56
Universe_mod.pak,UI/UniverseHeroes/Spec_Status_Hero_30.(WindowTextView).xdb,added,,1241,2107-12-31-23-59-56
Universe_mod.pak,UI/UniverseHeroes/Spec_Status_Hero_31.(WindowTextView).xdb,added,,1241,2107-12-31-23-59-56
Universe_mod.pak,UI/UniverseHeroes/Spec_Status_Hero_32.(WindowTextView).xdb,added,,1241,2107-12-31-23-59-56
Universe_mod.pak,UI/UniverseHeroes/Spec_Status_Hero_33.(WindowTextView).xdb,added,,1241,2107-12-31-23-59-56
Universe_mod.pak,UI/UniverseHeroes/Spec_Status_Hero_34.(WindowTextView).xdb,added,,1241,2107-12-31-23-59-56
Universe_mod.pak,UI/UniverseHeroes/Spec_Status_Hero_35.(WindowTextView).xdb,added,,1241,2107-12-31-23-59-56
Universe_mod.pak,UI/UniverseHeroes/Spec_Status_Hero_36.(WindowTextView).xdb,added,,1241,2107-12-31-23-59-56
Universe_mod.pak,UI/UniverseHeroes/Spec_Status_Hero_37.(WindowTextView).xdb,added,,1241,2107-12-31-23-59-56
Universe_mod.pak,UI/UniverseHeroes/Spec_Status_Hero_38.(WindowTextView).xdb,added,,1241,2107-12-31-23-59-56
Universe_mod.pak,UI/UniverseHeroes/Spec_Status_Hero_39.(WindowTextView).xdb,added,,1241,2107-12-31-23-59-56
Universe_mod.pak,UI/UniverseHeroes/Spec_Status_Hero_40.(WindowTextView).xdb,added,,1241,2107-12-31-23-59-56
Universe_mod.pak,UI/UniverseHeroes/Spec_Status_Hero_41.(WindowTextView).xdb,added,,1241,2107-12-31-23-59-56
Universe_mod.pak,UI/UniverseHeroes/Spec_Status_Hero_42.(WindowTextView).xdb,added,,1241,2107-12-31-23-59-56
Universe_mod.pak,UI/UniverseHeroes/Spec_Status_Hero_43.(WindowTextView).xdb,added,,1241,2107-12-31-23-59-56
Universe_mod.pak,UI/UniverseHeroes/Spec_Status_Hero_44.(WindowTextView).xdb,added,,1241,2107-12-31-23-59-56
Universe_mod.pak,UI/UniverseHeroes/Spec_Status_Hero_45.(WindowTextView).xdb,added,,1241,2107-12-31-23-59-56
Universe_mod.pak,UI/UniverseHeroes/Spec_Status_Hero_46.(WindowTextView).xdb,added,,1241,2107-12-31-23-59-56
Universe_mod.pak,UI/UniverseHeroes/Spec_Status_Hero_47.(WindowTextView).xdb,added,,1241,2107-12-31-23-59-56
Universe_mod.pak,UI/UniverseHeroes/Spec_Status_Hero_48.(WindowTextView).xdb,added,,1241,2107-12-31-23-59-56
Universe_mod.pak,UI/UniverseHeroes/Spec_Status_Hero_49.(WindowTextView).xdb,added,,1241,2107-12-31-23-59-56
Universe_mod.pak,UI/UniverseHeroes/Spec_Status_Hero_50.(WindowTextView).xdb,added,,1241,2107-12-31-23-59-56
Universe_mod.pak,UI/UniverseHeroes/Spec_Status_Hero_51.(WindowTextView).xdb,added,,1241,2107-12-31-23-59-56
Universe_mod.pak,UI/UniverseHeroes/Spec_Status_Hero_52.(WindowTextView).xdb,added,,1241,2107-12-31-23-59-56
Universe_mod.pak,UI/UniverseHeroes/Spec_Status_Hero_53.(WindowTextView).xdb,added,,1241,2107-12-31-23-59-56
Universe_mod.pak,UI/UniverseHeroes/Spec_Status_Hero_54.(WindowTextView).xdb,added,,1241,2107-12-31-23-59-56
Universe_mod.pak,UI/UniverseHeroes/Spec_Status_Hero_55.(WindowTextView).xdb,added,,1241,2107-12-31-23-59-56
Universe_mod.pak,UI/UniverseHeroes/Spec_Status_Hero_56.(WindowTextView).xdb,added,,1241,2107-12-31-23-59-56
Universe_mod.pak,UI/UniverseHeroes/Spec_Status_Hero_57.(WindowTextView).xdb,added,,1241,2107-12-31-23-59-56
Universe_mod.pak,UI/UniverseHeroes/Spec_Status_Hero_58.(WindowTextView).xdb,added,,1241,2107-12-31-23-59-56
Universe_mod.pak,UI/UniverseHeroes/Spec_Status_Hero_59.(WindowTextView).xdb,added,,1241,2107-12-31-23-59-56
Universe_mod.pak,UI/UniverseHeroes/Spec_Status_Hero_60.(WindowTextView).xdb,added,,1241,2107-12-31-23-59-56
Universe_mod.pak,UI/UniverseHeroes/Spec_Status_Hero_61.(WindowTextView).xdb,added,,1241,2107-12-31-23-59-56
Universe_mod.pak,UI/UniverseHeroes/Spec_Status_Hero_62.(WindowTextView).xdb,added,,1241,2107-12-31-23-59-56
Universe_mod.pak,UI/UniverseHeroes/Spec_Status_Hero_63.(WindowTextView).xdb,added,,1241,2107-12-31-23-59-56
Universe_mod.pak,UI/UniverseHeroes/Spec_Status_Hero_64.(WindowTextView).xdb,added,,1241,2107-12-31-23-59-56
Universe_mod.pak,UI/UniverseHeroes/Start_Army_Hero.(WindowTextViewShared).xdb,added,,1025,2107-12-31-23-59-56
Universe_mod.pak,UI/UniverseHeroes/Start_Army_Hero_01.(WindowTextView).xdb,added,,1212,2107-12-31-23-59-56
Universe_mod.pak,UI/UniverseHeroes/Start_Army_Hero_01.xdb,added,,1292,2107-12-31-23-59-56
Universe_mod.pak,UI/UniverseHeroes/Start_Army_Hero_02.(WindowTextView).xdb,added,,1212,2107-12-31-23-59-56
Universe_mod.pak,UI/UniverseHeroes/Start_Army_Hero_03.(WindowTextView).xdb,added,,1212,2107-12-31-23-59-56
Universe_mod.pak,UI/UniverseHeroes/Start_Army_Hero_04.(WindowTextView).xdb,added,,1212,2107-12-31-23-59-56
Universe_mod.pak,UI/UniverseHeroes/Start_Army_Hero_05.(WindowTextView).xdb,added,,1212,2107-12-31-23-59-56
Universe_mod.pak,UI/UniverseHeroes/Start_Army_Hero_06.(WindowTextView).xdb,added,,1212,2107-12-31-23-59-56
Universe_mod.pak,UI/UniverseHeroes/Start_Army_Hero_07.(WindowTextView).xdb,added,,1212,2107-12-31-23-59-56
Universe_mod.pak,UI/UniverseHeroes/Start_Army_Hero_08.(WindowTextView).xdb,added,,1212,2107-12-31-23-59-56
Universe_mod.pak,UI/UniverseHeroes/Start_Army_Hero_09.(WindowTextView).xdb,added,,1212,2107-12-31-23-59-56
Universe_mod.pak,UI/UniverseHeroes/Start_Army_Hero_10.(WindowTextView).xdb,added,,1212,2107-12-31-23-59-56
Universe_mod.pak,UI/UniverseHeroes/Start_Army_Hero_11.(WindowTextView).xdb,added,,1212,2107-12-31-23-59-56
Universe_mod.pak,UI/UniverseHeroes/Start_Army_Hero_12.(WindowTextView).xdb,added,,1212,2107-12-31-23-59-56
Universe_mod.pak,UI/UniverseHeroes/Start_Army_Hero_13.(WindowTextView).xdb,added,,1212,2107-12-31-23-59-56
Universe_mod.pak,UI/UniverseHeroes/Start_Army_Hero_14.(WindowTextView).xdb,added,,1212,2107-12-31-23-59-56
Universe_mod.pak,UI/UniverseHeroes/Start_Army_Hero_15.(WindowTextView).xdb,added,,1212,2107-12-31-23-59-56
Universe_mod.pak,UI/UniverseHeroes/Start_Army_Hero_16.(WindowTextView).xdb,added,,1212,2107-12-31-23-59-56
Universe_mod.pak,UI/UniverseHeroes/Start_Army_Hero_17.(WindowTextView).xdb,added,,1212,2107-12-31-23-59-56
Universe_mod.pak,UI/UniverseHeroes/Start_Army_Hero_18.(WindowTextView).xdb,added,,1212,2107-12-31-23-59-56
Universe_mod.pak,UI/UniverseHeroes/Start_Army_Hero_19.(WindowTextView).xdb,added,,1212,2107-12-31-23-59-56
Universe_mod.pak,UI/UniverseHeroes/Start_Army_Hero_20.(WindowTextView).xdb,added,,1212,2107-12-31-23-59-56
Universe_mod.pak,UI/UniverseHeroes/Start_Army_Hero_21.(WindowTextView).xdb,added,,1212,2107-12-31-23-59-56
Universe_mod.pak,UI/UniverseHeroes/Start_Army_Hero_22.(WindowTextView).xdb,added,,1212,2107-12-31-23-59-56
Universe_mod.pak,UI/UniverseHeroes/Start_Army_Hero_23.(WindowTextView).xdb,added,,1212,2107-12-31-23-59-56
Universe_mod.pak,UI/UniverseHeroes/Start_Army_Hero_24.(WindowTextView).xdb,added,,1212,2107-12-31-23-59-56
Universe_mod.pak,UI/UniverseHeroes/Start_Army_Hero_25.(WindowTextView).xdb,added,,1212,2107-12-31-23-59-56
Universe_mod.pak,UI/UniverseHeroes/Start_Army_Hero_26.(WindowTextView).xdb,added,,1212,2107-12-31-23-59-56
Universe_mod.pak,UI/UniverseHeroes/Start_Army_Hero_27.(WindowTextView).xdb,added,,1212,2107-12-31-23-59-56
Universe_mod.pak,UI/UniverseHeroes/Start_Army_Hero_28.(WindowTextView).xdb,added,,1212,2107-12-31-23-59-56
Universe_mod.pak,UI/UniverseHeroes/Start_Army_Hero_29.(WindowTextView).xdb,added,,1212,2107-12-31-23-59-56
Universe_mod.pak,UI/UniverseHeroes/Start_Army_Hero_30.(WindowTextView).xdb,added,,1212,2107-12-31-23-59-56
Universe_mod.pak,UI/UniverseHeroes/Start_Army_Hero_31.(WindowTextView).xdb,added,,1212,2107-12-31-23-59-56
Universe_mod.pak,UI/UniverseHeroes/Start_Army_Hero_32.(WindowTextView).xdb,added,,1212,2107-12-31-23-59-56
Universe_mod.pak,UI/UniverseHeroes/Start_Army_Hero_33.(WindowTextView).xdb,added,,1212,2107-12-31-23-59-56
Universe_mod.pak,UI/UniverseHeroes/Start_Army_Hero_34.(WindowTextView).xdb,added,,1212,2107-12-31-23-59-56
Universe_mod.pak,UI/UniverseHeroes/Start_Army_Hero_35.(WindowTextView).xdb,added,,1212,2107-12-31-23-59-56
Universe_mod.pak,UI/UniverseHeroes/Start_Army_Hero_36.(WindowTextView).xdb,added,,1212,2107-12-31-23-59-56
Universe_mod.pak,UI/UniverseHeroes/Start_Army_Hero_37.(WindowTextView).xdb,added,,1212,2107-12-31-23-59-56
Universe_mod.pak,UI/UniverseHeroes/Start_Army_Hero_38.(WindowTextView).xdb,added,,1212,2107-12-31-23-59-56
Universe_mod.pak,UI/UniverseHeroes/Start_Army_Hero_39.(WindowTextView).xdb,added,,1212,2107-12-31-23-59-56
Universe_mod.pak,UI/UniverseHeroes/Start_Army_Hero_40.(WindowTextView).xdb,added,,1212,2107-12-31-23-59-56
Universe_mod.pak,UI/UniverseHeroes/Start_Army_Hero_41.(WindowTextView).xdb,added,,1212,2107-12-31-23-59-56
Universe_mod.pak,UI/UniverseHeroes/Start_Army_Hero_42.(WindowTextView).xdb,added,,1212,2107-12-31-23-59-56
Universe_mod.pak,UI/UniverseHeroes/Start_Army_Hero_43.(WindowTextView).xdb,added,,1212,2107-12-31-23-59-56
Universe_mod.pak,UI/UniverseHeroes/Start_Army_Hero_44.(WindowTextView).xdb,added,,1212,2107-12-31-23-59-56
Universe_mod.pak,UI/UniverseHeroes/Start_Army_Hero_45.(WindowTextView).xdb,added,,1212,2107-12-31-23-59-56
Universe_mod.pak,UI/UniverseHeroes/Start_Army_Hero_46.(WindowTextView).xdb,added,,1212,2107-12-31-23-59-56
Universe_mod.pak,UI/UniverseHeroes/Start_Army_Hero_47.(WindowTextView).xdb,added,,1212,2107-12-31-23-59-56
Universe_mod.pak,UI/UniverseHeroes/Start_Army_Hero_48.(WindowTextView).xdb,added,,1212,2107-12-31-23-59-56
Universe_mod.pak,UI/UniverseHeroes/Start_Army_Hero_49.(WindowTextView).xdb,added,,1212,2107-12-31-23-59-56
Universe_mod.pak,UI/UniverseHeroes/Start_Army_Hero_50.(WindowTextView).xdb,added,,1212,2107-12-31-23-59-56
Universe_mod.pak,UI/UniverseHeroes/Start_Army_Hero_51.(WindowTextView).xdb,added,,1212,2107-12-31-23-59-56
Universe_mod.pak,UI/UniverseHeroes/Start_Army_Hero_52.(WindowTextView).xdb,added,,1212,2107-12-31-23-59-56
Universe_mod.pak,UI/UniverseHeroes/Start_Army_Hero_53.(WindowTextView).xdb,added,,1212,2107-12-31-23-59-56
Universe_mod.pak,UI/UniverseHeroes/Start_Army_Hero_54.(WindowTextView).xdb,added,,1212,2107-12-31-23-59-56
Universe_mod.pak,UI/UniverseHeroes/Start_Army_Hero_55.(WindowTextView).xdb,added,,1212,2107-12-31-23-59-56
Universe_mod.pak,UI/UniverseHeroes/Start_Army_Hero_56.(WindowTextView).xdb,added,,1212,2107-12-31-23-59-56
Universe_mod.pak,UI/UniverseHeroes/Start_Army_Hero_57.(WindowTextView).xdb,added,,1212,2107-12-31-23-59-56
Universe_mod.pak,UI/UniverseHeroes/Start_Army_Hero_58.(WindowTextView).xdb,added,,1212,2107-12-31-23-59-56
Universe_mod.pak,UI/UniverseHeroes/Start_Army_Hero_59.(WindowTextView).xdb,added,,1212,2107-12-31-23-59-56
Universe_mod.pak,UI/UniverseHeroes/Start_Army_Hero_60.(WindowTextView).xdb,added,,1212,2107-12-31-23-59-56
Universe_mod.pak,UI/UniverseHeroes/Start_Army_Hero_61.(WindowTextView).xdb,added,,1212,2107-12-31-23-59-56
Universe_mod.pak,UI/UniverseHeroes/Start_Army_Hero_62.(WindowTextView).xdb,added,,1212,2107-12-31-23-59-56
Universe_mod.pak,UI/UniverseHeroes/Start_Army_Hero_63.(WindowTextView).xdb,added,,1212,2107-12-31-23-59-56
Universe_mod.pak,UI/UniverseHeroes/Start_Army_Hero_64.(WindowTextView).xdb,added,,1212,2107-12-31-23-59-56
Universe_mod.pak,UI/UniverseHeroes/UniHeroWindow_01.(WindowSimple).xdb,added,,1133,2107-12-31-23-59-56
Universe_mod.pak,UI/UniverseHeroes/UniHeroWindow_01.(WindowSimpleShared).xdb,added,,1632,2107-12-31-23-59-56
Universe_mod.pak,UI/UniverseHeroes/UniHeroWindow_02.(WindowSimple).xdb,added,,1133,2107-12-31-23-59-56
Universe_mod.pak,UI/UniverseHeroes/UniHeroWindow_02.(WindowSimpleShared).xdb,added,,1573,2107-12-31-23-59-56
Universe_mod.pak,UI/UniverseHeroes/UniHeroWindow_03.(WindowSimple).xdb,added,,1133,2107-12-31-23-59-56
Universe_mod.pak,UI/UniverseHeroes/UniHeroWindow_03.(WindowSimpleShared).xdb,added,,1632,2107-12-31-23-59-56
Universe_mod.pak,UI/UniverseHeroes/UniHeroWindow_04.(WindowSimple).xdb,added,,1133,2107-12-31-23-59-56
Universe_mod.pak,UI/UniverseHeroes/UniHeroWindow_04.(WindowSimpleShared).xdb,added,,1573,2107-12-31-23-59-56
Universe_mod.pak,UI/UniverseHeroes/UniHeroWindow_05.(WindowSimple).xdb,added,,1133,2107-12-31-23-59-56
Universe_mod.pak,UI/UniverseHeroes/UniHeroWindow_05.(WindowSimpleShared).xdb,added,,1573,2107-12-31-23-59-56
Universe_mod.pak,UI/UniverseHeroes/UniHeroWindow_06.(WindowSimple).xdb,added,,1133,2107-12-31-23-59-56
Universe_mod.pak,UI/UniverseHeroes/UniHeroWindow_06.(WindowSimpleShared).xdb,added,,1632,2107-12-31-23-59-56
Universe_mod.pak,UI/UniverseHeroes/UniHeroWindow_07.(WindowSimple).xdb,added,,1133,2107-12-31-23-59-56
Universe_mod.pak,UI/UniverseHeroes/UniHeroWindow_07.(WindowSimpleShared).xdb,added,,1573,2107-12-31-23-59-56
Universe_mod.pak,UI/UniverseHeroes/UniHeroWindow_08.(WindowSimple).xdb,added,,1133,2107-12-31-23-59-56
Universe_mod.pak,UI/UniverseHeroes/UniHeroWindow_08.(WindowSimpleShared).xdb,added,,1573,2107-12-31-23-59-56
Universe_mod.pak,UI/UniverseHeroes/UniHeroWindow_09.(WindowSimple).xdb,added,,1133,2107-12-31-23-59-56
Universe_mod.pak,UI/UniverseHeroes/UniHeroWindow_09.(WindowSimpleShared).xdb,added,,1573,2107-12-31-23-59-56
Universe_mod.pak,UI/UniverseHeroes/UniHeroWindow_10.(WindowSimple).xdb,added,,1133,2107-12-31-23-59-56
Universe_mod.pak,UI/UniverseHeroes/UniHeroWindow_10.(WindowSimpleShared).xdb,added,,1573,2107-12-31-23-59-56
Universe_mod.pak,UI/UniverseHeroes/UniHeroWindow_11.(WindowSimple).xdb,added,,1133,2107-12-31-23-59-56
Universe_mod.pak,UI/UniverseHeroes/UniHeroWindow_11.(WindowSimpleShared).xdb,added,,1573,2107-12-31-23-59-56
Universe_mod.pak,UI/UniverseHeroes/UniHeroWindow_12.(WindowSimple).xdb,added,,1133,2107-12-31-23-59-56
Universe_mod.pak,UI/UniverseHeroes/UniHeroWindow_12.(WindowSimpleShared).xdb,added,,1573,2107-12-31-23-59-56
Universe_mod.pak,UI/UniverseHeroes/UniHeroWindow_13.(WindowSimple).xdb,added,,1133,2107-12-31-23-59-56
Universe_mod.pak,UI/UniverseHeroes/UniHeroWindow_13.(WindowSimpleShared).xdb,added,,1632,2107-12-31-23-59-56
Universe_mod.pak,UI/UniverseHeroes/UniHeroWindow_14.(WindowSimple).xdb,added,,1133,2107-12-31-23-59-56
Universe_mod.pak,UI/UniverseHeroes/UniHeroWindow_14.(WindowSimpleShared).xdb,added,,1632,2107-12-31-23-59-56
Universe_mod.pak,UI/UniverseHeroes/UniHeroWindow_15.(WindowSimple).xdb,added,,1133,2107-12-31-23-59-56
Universe_mod.pak,UI/UniverseHeroes/UniHeroWindow_15.(WindowSimpleShared).xdb,added,,1573,2107-12-31-23-59-56
Universe_mod.pak,UI/UniverseHeroes/UniHeroWindow_16.(WindowSimple).xdb,added,,1133,2107-12-31-23-59-56
Universe_mod.pak,UI/UniverseHeroes/UniHeroWindow_16.(WindowSimpleShared).xdb,added,,1632,2107-12-31-23-59-56
Universe_mod.pak,UI/UniverseHeroes/UniHeroWindow_17.(WindowSimple).xdb,added,,1133,2107-12-31-23-59-56
Universe_mod.pak,UI/UniverseHeroes/UniHeroWindow_17.(WindowSimpleShared).xdb,added,,1573,2107-12-31-23-59-56
Universe_mod.pak,UI/UniverseHeroes/UniHeroWindow_18.(WindowSimple).xdb,added,,1133,2107-12-31-23-59-56
Universe_mod.pak,UI/UniverseHeroes/UniHeroWindow_18.(WindowSimpleShared).xdb,added,,1573,2107-12-31-23-59-56
Universe_mod.pak,UI/UniverseHeroes/UniHeroWindow_19.(WindowSimple).xdb,added,,1133,2107-12-31-23-59-56
Universe_mod.pak,UI/UniverseHeroes/UniHeroWindow_19.(WindowSimpleShared).xdb,added,,1573,2107-12-31-23-59-56
Universe_mod.pak,UI/UniverseHeroes/UniHeroWindow_20.(WindowSimple).xdb,added,,1133,2107-12-31-23-59-56
Universe_mod.pak,UI/UniverseHeroes/UniHeroWindow_20.(WindowSimpleShared).xdb,added,,1573,2107-12-31-23-59-56
Universe_mod.pak,UI/UniverseHeroes/UniHeroWindow_21.(WindowSimple).xdb,added,,1133,2107-12-31-23-59-56
Universe_mod.pak,UI/UniverseHeroes/UniHeroWindow_21.(WindowSimpleShared).xdb,added,,1573,2107-12-31-23-59-56
Universe_mod.pak,UI/UniverseHeroes/UniHeroWindow_22.(WindowSimple).xdb,added,,1133,2107-12-31-23-59-56
Universe_mod.pak,UI/UniverseHeroes/UniHeroWindow_22.(WindowSimpleShared).xdb,added,,1573,2107-12-31-23-59-56
Universe_mod.pak,UI/UniverseHeroes/UniHeroWindow_23.(WindowSimple).xdb,added,,1133,2107-12-31-23-59-56
Universe_mod.pak,UI/UniverseHeroes/UniHeroWindow_23.(WindowSimpleShared).xdb,added,,1573,2107-12-31-23-59-56
Universe_mod.pak,UI/UniverseHeroes/UniHeroWindow_24.(WindowSimple).xdb,added,,1133,2107-12-31-23-59-56
Universe_mod.pak,UI/UniverseHeroes/UniHeroWindow_24.(WindowSimpleShared).xdb,added,,1632,2107-12-31-23-59-56
Universe_mod.pak,UI/UniverseHeroes/UniHeroWindow_25.(WindowSimple).xdb,added,,1133,2107-12-31-23-59-56
Universe_mod.pak,UI/UniverseHeroes/UniHeroWindow_25.(WindowSimpleShared).xdb,added,,1632,2107-12-31-23-59-56
Universe_mod.pak,UI/UniverseHeroes/UniHeroWindow_26.(WindowSimple).xdb,added,,1133,2107-12-31-23-59-56
Universe_mod.pak,UI/UniverseHeroes/UniHeroWindow_26.(WindowSimpleShared).xdb,added,,1573,2107-12-31-23-59-56
Universe_mod.pak,UI/UniverseHeroes/UniHeroWindow_27.(WindowSimple).xdb,added,,1133,2107-12-31-23-59-56
Universe_mod.pak,UI/UniverseHeroes/UniHeroWindow_27.(WindowSimpleShared).xdb,added,,1573,2107-12-31-23-59-56
Universe_mod.pak,UI/UniverseHeroes/UniHeroWindow_28.(WindowSimple).xdb,added,,1133,2107-12-31-23-59-56
Universe_mod.pak,UI/UniverseHeroes/UniHeroWindow_28.(WindowSimpleShared).xdb,added,,1632,2107-12-31-23-59-56
Universe_mod.pak,UI/UniverseHeroes/UniHeroWindow_29.(WindowSimple).xdb,added,,1133,2107-12-31-23-59-56
Universe_mod.pak,UI/UniverseHeroes/UniHeroWindow_29.(WindowSimpleShared).xdb,added,,1573,2107-12-31-23-59-56
Universe_mod.pak,UI/UniverseHeroes/UniHeroWindow_30.(WindowSimple).xdb,added,,1133,2107-12-31-23-59-56
Universe_mod.pak,UI/UniverseHeroes/UniHeroWindow_30.(WindowSimpleShared).xdb,added,,1632,2107-12-31-23-59-56
Universe_mod.pak,UI/UniverseHeroes/UniHeroWindow_31.(WindowSimple).xdb,added,,1133,2107-12-31-23-59-56
Universe_mod.pak,UI/UniverseHeroes/UniHeroWindow_31.(WindowSimpleShared).xdb,added,,1632,2107-12-31-23-59-56
Universe_mod.pak,UI/UniverseHeroes/UniHeroWindow_32.(WindowSimple).xdb,added,,1133,2107-12-31-23-59-56
Universe_mod.pak,UI/UniverseHeroes/UniHeroWindow_32.(WindowSimpleShared).xdb,added,,1573,2107-12-31-23-59-56
Universe_mod.pak,UI/UniverseHeroes/UniHeroWindow_33.(WindowSimple).xdb,added,,1131,2107-12-31-23-59-56
Universe_mod.pak,UI/UniverseHeroes/UniHeroWindow_33.(WindowSimpleShared).xdb,added,,1573,2107-12-31-23-59-56
Universe_mod.pak,UI/UniverseHeroes/UniHeroWindow_34.(WindowSimple).xdb,added,,1131,2107-12-31-23-59-56
Universe_mod.pak,UI/UniverseHeroes/UniHeroWindow_34.(WindowSimpleShared).xdb,added,,1573,2107-12-31-23-59-56
Universe_mod.pak,UI/UniverseHeroes/UniHeroWindow_35.(WindowSimple).xdb,added,,1131,2107-12-31-23-59-56
Universe_mod.pak,UI/UniverseHeroes/UniHeroWindow_35.(WindowSimpleShared).xdb,added,,1573,2107-12-31-23-59-56
Universe_mod.pak,UI/UniverseHeroes/UniHeroWindow_36.(WindowSimple).xdb,added,,1131,2107-12-31-23-59-56
Universe_mod.pak,UI/UniverseHeroes/UniHeroWindow_36.(WindowSimpleShared).xdb,added,,1573,2107-12-31-23-59-56
Universe_mod.pak,UI/UniverseHeroes/UniHeroWindow_37.(WindowSimple).xdb,added,,1131,2107-12-31-23-59-56
Universe_mod.pak,UI/UniverseHeroes/UniHeroWindow_37.(WindowSimpleShared).xdb,added,,1573,2107-12-31-23-59-56
Universe_mod.pak,UI/UniverseHeroes/UniHeroWindow_38.(WindowSimple).xdb,added,,1131,2107-12-31-23-59-56
Universe_mod.pak,UI/UniverseHeroes/UniHeroWindow_38.(WindowSimpleShared).xdb,added,,1573,2107-12-31-23-59-56
Universe_mod.pak,UI/UniverseHeroes/UniHeroWindow_39.(WindowSimple).xdb,added,,1131,2107-12-31-23-59-56
Universe_mod.pak,UI/UniverseHeroes/UniHeroWindow_39.(WindowSimpleShared).xdb,added,,1573,2107-12-31-23-59-56
Universe_mod.pak,UI/UniverseHeroes/UniHeroWindow_40.(WindowSimple).xdb,added,,1131,2107-12-31-23-59-56
Universe_mod.pak,UI/UniverseHeroes/UniHeroWindow_40.(WindowSimpleShared).xdb,added,,1573,2107-12-31-23-59-56
Universe_mod.pak,UI/UniverseHeroes/UniHeroWindow_41.(WindowSimple).xdb,added,,1131,2107-12-31-23-59-56
Universe_mod.pak,UI/UniverseHeroes/UniHeroWindow_41.(WindowSimpleShared).xdb,added,,1573,2107-12-31-23-59-56
Universe_mod.pak,UI/UniverseHeroes/UniHeroWindow_42.(WindowSimple).xdb,added,,1131,2107-12-31-23-59-56
Universe_mod.pak,UI/UniverseHeroes/UniHeroWindow_42.(WindowSimpleShared).xdb,added,,1573,2107-12-31-23-59-56
Universe_mod.pak,UI/UniverseHeroes/UniHeroWindow_43.(WindowSimple).xdb,added,,1131,2107-12-31-23-59-56
Universe_mod.pak,UI/UniverseHeroes/UniHeroWindow_43.(WindowSimpleShared).xdb,added,,1632,2107-12-31-23-59-56
Universe_mod.pak,UI/UniverseHeroes/UniHeroWindow_44.(WindowSimple).xdb,added,,1131,2107-12-31-23-59-56
Universe_mod.pak,UI/UniverseHeroes/UniHeroWindow_44.(WindowSimpleShared).xdb,added,,1573,2107-12-31-23-59-56
Universe_mod.pak,UI/UniverseHeroes/UniHeroWindow_45.(WindowSimple).xdb,added,,1131,2107-12-31-23-59-56
Universe_mod.pak,UI/UniverseHeroes/UniHeroWindow_45.(WindowSimpleShared).xdb,added,,1573,2107-12-31-23-59-56
Universe_mod.pak,UI/UniverseHeroes/UniHeroWindow_46.(WindowSimple).xdb,added,,1131,2107-12-31-23-59-56
Universe_mod.pak,UI/UniverseHeroes/UniHeroWindow_46.(WindowSimpleShared).xdb,added,,1632,2107-12-31-23-59-56
Universe_mod.pak,UI/UniverseHeroes/UniHeroWindow_47.(WindowSimple).xdb,added,,1131,2107-12-31-23-59-56
Universe_mod.pak,UI/UniverseHeroes/UniHeroWindow_47.(WindowSimpleShared).xdb,added,,1573,2107-12-31-23-59-56
Universe_mod.pak,UI/UniverseHeroes/UniHeroWindow_48.(WindowSimple).xdb,added,,1131,2107-12-31-23-59-56
Universe_mod.pak,UI/UniverseHeroes/UniHeroWindow_48.(WindowSimpleShared).xdb,added,,1573,2107-12-31-23-59-56
Universe_mod.pak,UI/UniverseHeroes/UniHeroWindow_49.(WindowSimple).xdb,added,,1131,2107-12-31-23-59-56
Universe_mod.pak,UI/UniverseHeroes/UniHeroWindow_49.(WindowSimpleShared).xdb,added,,1632,2107-12-31-23-59-56
Universe_mod.pak,UI/UniverseHeroes/UniHeroWindow_50.(WindowSimple).xdb,added,,1131,2107-12-31-23-59-56
Universe_mod.pak,UI/UniverseHeroes/UniHeroWindow_50.(WindowSimpleShared).xdb,added,,1573,2107-12-31-23-59-56
Universe_mod.pak,UI/UniverseHeroes/UniHeroWindow_51.(WindowSimple).xdb,added,,1131,2107-12-31-23-59-56
Universe_mod.pak,UI/UniverseHeroes/UniHeroWindow_51.(WindowSimpleShared).xdb,added,,1573,2107-12-31-23-59-56
Universe_mod.pak,UI/UniverseHeroes/UniHeroWindow_52.(WindowSimple).xdb,added,,1131,2107-12-31-23-59-56
Universe_mod.pak,UI/UniverseHeroes/UniHeroWindow_52.(WindowSimpleShared).xdb,added,,1573,2107-12-31-23-59-56
Universe_mod.pak,UI/UniverseHeroes/UniHeroWindow_53.(WindowSimple).xdb,added,,1131,2107-12-31-23-59-56
Universe_mod.pak,UI/UniverseHeroes/UniHeroWindow_53.(WindowSimpleShared).xdb,added,,1573,2107-12-31-23-59-56
Universe_mod.pak,UI/UniverseHeroes/UniHeroWindow_54.(WindowSimple).xdb,added,,1131,2107-12-31-23-59-56
Universe_mod.pak,UI/UniverseHeroes/UniHeroWindow_54.(WindowSimpleShared).xdb,added,,1573,2107-12-31-23-59-56
Universe_mod.pak,UI/UniverseHeroes/UniHeroWindow_55.(WindowSimple).xdb,added,,1131,2107-12-31-23-59-56
Universe_mod.pak,UI/UniverseHeroes/UniHeroWindow_55.(WindowSimpleShared).xdb,added,,1573,2107-12-31-23-59-56
Universe_mod.pak,UI/UniverseHeroes/UniHeroWindow_56.(WindowSimple).xdb,added,,1131,2107-12-31-23-59-56
Universe_mod.pak,UI/UniverseHeroes/UniHeroWindow_56.(WindowSimpleShared).xdb,added,,1573,2107-12-31-23-59-56
Universe_mod.pak,UI/UniverseHeroes/UniHeroWindow_57.(WindowSimple).xdb,added,,1131,2107-12-31-23-59-56
Universe_mod.pak,UI/UniverseHeroes/UniHeroWindow_57.(WindowSimpleShared).xdb,added,,1632,2107-12-31-23-59-56
Universe_mod.pak,UI/UniverseHeroes/UniHeroWindow_58.(WindowSimple).xdb,added,,1131,2107-12-31-23-59-56
Universe_mod.pak,UI/UniverseHeroes/UniHeroWindow_58.(WindowSimpleShared).xdb,added,,1573,2107-12-31-23-59-56
Universe_mod.pak,UI/UniverseHeroes/UniHeroWindow_59.(WindowSimple).xdb,added,,1131,2107-12-31-23-59-56
Universe_mod.pak,UI/UniverseHeroes/UniHeroWindow_59.(WindowSimpleShared).xdb,added,,1573,2107-12-31-23-59-56
Universe_mod.pak,UI/UniverseHeroes/UniHeroWindow_60.(WindowSimple).xdb,added,,1131,2107-12-31-23-59-56
Universe_mod.pak,UI/UniverseHeroes/UniHeroWindow_60.(WindowSimpleShared).xdb,added,,1573,2107-12-31-23-59-56
Universe_mod.pak,UI/UniverseHeroes/UniHeroWindow_61.(WindowSimple).xdb,added,,1131,2107-12-31-23-59-56
Universe_mod.pak,UI/UniverseHeroes/UniHeroWindow_61.(WindowSimpleShared).xdb,added,,1573,2107-12-31-23-59-56
Universe_mod.pak,UI/UniverseHeroes/UniHeroWindow_62.(WindowSimple).xdb,added,,1131,2107-12-31-23-59-56
Universe_mod.pak,UI/UniverseHeroes/UniHeroWindow_62.(WindowSimpleShared).xdb,added,,1573,2107-12-31-23-59-56
Universe_mod.pak,UI/UniverseHeroes/UniHeroWindow_63.(WindowSimple).xdb,added,,1131,2107-12-31-23-59-56
Universe_mod.pak,UI/UniverseHeroes/UniHeroWindow_63.(WindowSimpleShared).xdb,added,,1632,2107-12-31-23-59-56
Universe_mod.pak,UI/UniverseHeroes/UniHeroWindow_64.(WindowSimple).xdb,added,,1131,2107-12-31-23-59-56
Universe_mod.pak,UI/UniverseHeroes/UniHeroWindow_64.(WindowSimpleShared).xdb,added,,1573,2107-12-31-23-59-56
Universe_mod.pak,UI/UniverseHeroes/UniHero_01.(UISSendUIMessage).xdb,added,,484,2107-12-31-23-59-56
Universe_mod.pak,UI/UniverseHeroes/UniHero_01.(WindowMSButton).xdb,added,,1854,2107-12-31-23-59-56
Universe_mod.pak,UI/UniverseHeroes/UniHero_01.(WindowMSButtonShared).xdb,added,,2325,2107-12-31-23-59-56
Universe_mod.pak,UI/UniverseHeroes/UniHero_02.(UISSendUIMessage).xdb,added,,484,2107-12-31-23-59-56
Universe_mod.pak,UI/UniverseHeroes/UniHero_02.(WindowMSButton).xdb,added,,1855,2107-12-31-23-59-56
Universe_mod.pak,UI/UniverseHeroes/UniHero_02.(WindowMSButtonShared).xdb,added,,2325,2107-12-31-23-59-56
Universe_mod.pak,UI/UniverseHeroes/UniHero_03.(UISSendUIMessage).xdb,added,,484,2107-12-31-23-59-56
Universe_mod.pak,UI/UniverseHeroes/UniHero_03.(WindowMSButton).xdb,added,,1855,2107-12-31-23-59-56
Universe_mod.pak,UI/UniverseHeroes/UniHero_03.(WindowMSButtonShared).xdb,added,,2325,2107-12-31-23-59-56
Universe_mod.pak,UI/UniverseHeroes/UniHero_04.(UISSendUIMessage).xdb,added,,484,2107-12-31-23-59-56
Universe_mod.pak,UI/UniverseHeroes/UniHero_04.(WindowMSButton).xdb,added,,1855,2107-12-31-23-59-56
Universe_mod.pak,UI/UniverseHeroes/UniHero_04.(WindowMSButtonShared).xdb,added,,2325,2107-12-31-23-59-56
Universe_mod.pak,UI/UniverseHeroes/UniHero_05.(UISSendUIMessage).xdb,added,,484,2107-12-31-23-59-56
Universe_mod.pak,UI/UniverseHeroes/UniHero_05.(WindowMSButton).xdb,added,,1855,2107-12-31-23-59-56
Universe_mod.pak,UI/UniverseHeroes/UniHero_05.(WindowMSButtonShared).xdb,added,,2325,2107-12-31-23-59-56
Universe_mod.pak,UI/UniverseHeroes/UniHero_06.(UISSendUIMessage).xdb,added,,484,2107-12-31-23-59-56
Universe_mod.pak,UI/UniverseHeroes/UniHero_06.(WindowMSButton).xdb,added,,1855,2107-12-31-23-59-56
Universe_mod.pak,UI/UniverseHeroes/UniHero_06.(WindowMSButtonShared).xdb,added,,2325,2107-12-31-23-59-56
Universe_mod.pak,UI/UniverseHeroes/UniHero_07.(UISSendUIMessage).xdb,added,,484,2107-12-31-23-59-56
Universe_mod.pak,UI/UniverseHeroes/UniHero_07.(WindowMSButton).xdb,added,,1855,2107-12-31-23-59-56
Universe_mod.pak,UI/UniverseHeroes/UniHero_07.(WindowMSButtonShared).xdb,added,,2325,2107-12-31-23-59-56
Universe_mod.pak,UI/UniverseHeroes/UniHero_08.(UISSendUIMessage).xdb,added,,484,2107-12-31-23-59-56
Universe_mod.pak,UI/UniverseHeroes/UniHero_08.(WindowMSButton).xdb,added,,1855,2107-12-31-23-59-56
Universe_mod.pak,UI/UniverseHeroes/UniHero_08.(WindowMSButtonShared).xdb,added,,2325,2107-12-31-23-59-56
Universe_mod.pak,UI/UniverseHeroes/UniHero_09.(UISSendUIMessage).xdb,added,,484,2107-12-31-23-59-56
Universe_mod.pak,UI/UniverseHeroes/UniHero_09.(WindowMSButton).xdb,added,,1855,2107-12-31-23-59-56
Universe_mod.pak,UI/UniverseHeroes/UniHero_09.(WindowMSButtonShared).xdb,added,,2325,2107-12-31-23-59-56
Universe_mod.pak,UI/UniverseHeroes/UniHero_10.(UISSendUIMessage).xdb,added,,484,2107-12-31-23-59-56
Universe_mod.pak,UI/UniverseHeroes/UniHero_10.(WindowMSButton).xdb,added,,1856,2107-12-31-23-59-56
Universe_mod.pak,UI/UniverseHeroes/UniHero_10.(WindowMSButtonShared).xdb,added,,2325,2107-12-31-23-59-56
Universe_mod.pak,UI/UniverseHeroes/UniHero_11.(UISSendUIMessage).xdb,added,,484,2107-12-31-23-59-56
Universe_mod.pak,UI/UniverseHeroes/UniHero_11.(WindowMSButton).xdb,added,,1856,2107-12-31-23-59-56
Universe_mod.pak,UI/UniverseHeroes/UniHero_11.(WindowMSButtonShared).xdb,added,,2325,2107-12-31-23-59-56
Universe_mod.pak,UI/UniverseHeroes/UniHero_12.(UISSendUIMessage).xdb,added,,484,2107-12-31-23-59-56
Universe_mod.pak,UI/UniverseHeroes/UniHero_12.(WindowMSButton).xdb,added,,1856,2107-12-31-23-59-56
Universe_mod.pak,UI/UniverseHeroes/UniHero_12.(WindowMSButtonShared).xdb,added,,2325,2107-12-31-23-59-56
Universe_mod.pak,UI/UniverseHeroes/UniHero_13.(UISSendUIMessage).xdb,added,,484,2107-12-31-23-59-56
Universe_mod.pak,UI/UniverseHeroes/UniHero_13.(WindowMSButton).xdb,added,,1856,2107-12-31-23-59-56
Universe_mod.pak,UI/UniverseHeroes/UniHero_13.(WindowMSButtonShared).xdb,added,,2325,2107-12-31-23-59-56
Universe_mod.pak,UI/UniverseHeroes/UniHero_14.(UISSendUIMessage).xdb,added,,484,2107-12-31-23-59-56
Universe_mod.pak,UI/UniverseHeroes/UniHero_14.(WindowMSButton).xdb,added,,1856,2107-12-31-23-59-56
Universe_mod.pak,UI/UniverseHeroes/UniHero_14.(WindowMSButtonShared).xdb,added,,2325,2107-12-31-23-59-56
Universe_mod.pak,UI/UniverseHeroes/UniHero_15.(UISSendUIMessage).xdb,added,,484,2107-12-31-23-59-56
Universe_mod.pak,UI/UniverseHeroes/UniHero_15.(WindowMSButton).xdb,added,,1856,2107-12-31-23-59-56
Universe_mod.pak,UI/UniverseHeroes/UniHero_15.(WindowMSButtonShared).xdb,added,,2325,2107-12-31-23-59-56
Universe_mod.pak,UI/UniverseHeroes/UniHero_16.(UISSendUIMessage).xdb,added,,484,2107-12-31-23-59-56
Universe_mod.pak,UI/UniverseHeroes/UniHero_16.(WindowMSButton).xdb,added,,1856,2107-12-31-23-59-56
Universe_mod.pak,UI/UniverseHeroes/UniHero_16.(WindowMSButtonShared).xdb,added,,2325,2107-12-31-23-59-56
Universe_mod.pak,UI/UniverseHeroes/UniHero_17.(UISSendUIMessage).xdb,added,,484,2107-12-31-23-59-56
Universe_mod.pak,UI/UniverseHeroes/UniHero_17.(WindowMSButton).xdb,added,,1855,2107-12-31-23-59-56
Universe_mod.pak,UI/UniverseHeroes/UniHero_17.(WindowMSButtonShared).xdb,added,,2325,2107-12-31-23-59-56
Universe_mod.pak,UI/UniverseHeroes/UniHero_18.(UISSendUIMessage).xdb,added,,484,2107-12-31-23-59-56
Universe_mod.pak,UI/UniverseHeroes/UniHero_18.(WindowMSButton).xdb,added,,1856,2107-12-31-23-59-56
Universe_mod.pak,UI/UniverseHeroes/UniHero_18.(WindowMSButtonShared).xdb,added,,2325,2107-12-31-23-59-56
Universe_mod.pak,UI/UniverseHeroes/UniHero_19.(UISSendUIMessage).xdb,added,,484,2107-12-31-23-59-56
Universe_mod.pak,UI/UniverseHeroes/UniHero_19.(WindowMSButton).xdb,added,,1856,2107-12-31-23-59-56
Universe_mod.pak,UI/UniverseHeroes/UniHero_19.(WindowMSButtonShared).xdb,added,,2325,2107-12-31-23-59-56
Universe_mod.pak,UI/UniverseHeroes/UniHero_20.(UISSendUIMessage).xdb,added,,484,2107-12-31-23-59-56
Universe_mod.pak,UI/UniverseHeroes/UniHero_20.(WindowMSButton).xdb,added,,1856,2107-12-31-23-59-56
Universe_mod.pak,UI/UniverseHeroes/UniHero_20.(WindowMSButtonShared).xdb,added,,2325,2107-12-31-23-59-56
Universe_mod.pak,UI/UniverseHeroes/UniHero_21.(UISSendUIMessage).xdb,added,,484,2107-12-31-23-59-56
Universe_mod.pak,UI/UniverseHeroes/UniHero_21.(WindowMSButton).xdb,added,,1856,2107-12-31-23-59-56
Universe_mod.pak,UI/UniverseHeroes/UniHero_21.(WindowMSButtonShared).xdb,added,,2325,2107-12-31-23-59-56
Universe_mod.pak,UI/UniverseHeroes/UniHero_22.(UISSendUIMessage).xdb,added,,484,2107-12-31-23-59-56
Universe_mod.pak,UI/UniverseHeroes/UniHero_22.(WindowMSButton).xdb,added,,1856,2107-12-31-23-59-56
Universe_mod.pak,UI/UniverseHeroes/UniHero_22.(WindowMSButtonShared).xdb,added,,2325,2107-12-31-23-59-56
Universe_mod.pak,UI/UniverseHeroes/UniHero_23.(UISSendUIMessage).xdb,added,,484,2107-12-31-23-59-56
Universe_mod.pak,UI/UniverseHeroes/UniHero_23.(WindowMSButton).xdb,added,,1856,2107-12-31-23-59-56
Universe_mod.pak,UI/UniverseHeroes/UniHero_23.(WindowMSButtonShared).xdb,added,,2325,2107-12-31-23-59-56
Universe_mod.pak,UI/UniverseHeroes/UniHero_24.(UISSendUIMessage).xdb,added,,484,2107-12-31-23-59-56
Universe_mod.pak,UI/UniverseHeroes/UniHero_24.(WindowMSButton).xdb,added,,1856,2107-12-31-23-59-56
Universe_mod.pak,UI/UniverseHeroes/UniHero_24.(WindowMSButtonShared).xdb,added,,2325,2107-12-31-23-59-56
Universe_mod.pak,UI/UniverseHeroes/UniHero_25.(UISSendUIMessage).xdb,added,,484,2107-12-31-23-59-56
Universe_mod.pak,UI/UniverseHeroes/UniHero_25.(WindowMSButton).xdb,added,,1855,2107-12-31-23-59-56
Universe_mod.pak,UI/UniverseHeroes/UniHero_25.(WindowMSButtonShared).xdb,added,,2325,2107-12-31-23-59-56
Universe_mod.pak,UI/UniverseHeroes/UniHero_26.(UISSendUIMessage).xdb,added,,484,2107-12-31-23-59-56
Universe_mod.pak,UI/UniverseHeroes/UniHero_26.(WindowMSButton).xdb,added,,1856,2107-12-31-23-59-56
Universe_mod.pak,UI/UniverseHeroes/UniHero_26.(WindowMSButtonShared).xdb,added,,2325,2107-12-31-23-59-56
Universe_mod.pak,UI/UniverseHeroes/UniHero_27.(UISSendUIMessage).xdb,added,,484,2107-12-31-23-59-56
Universe_mod.pak,UI/UniverseHeroes/UniHero_27.(WindowMSButton).xdb,added,,1856,2107-12-31-23-59-56
Universe_mod.pak,UI/UniverseHeroes/UniHero_27.(WindowMSButtonShared).xdb,added,,2325,2107-12-31-23-59-56
Universe_mod.pak,UI/UniverseHeroes/UniHero_28.(UISSendUIMessage).xdb,added,,484,2107-12-31-23-59-56
Universe_mod.pak,UI/UniverseHeroes/UniHero_28.(WindowMSButton).xdb,added,,1856,2107-12-31-23-59-56
Universe_mod.pak,UI/UniverseHeroes/UniHero_28.(WindowMSButtonShared).xdb,added,,2325,2107-12-31-23-59-56
Universe_mod.pak,UI/UniverseHeroes/UniHero_29.(UISSendUIMessage).xdb,added,,484,2107-12-31-23-59-56
Universe_mod.pak,UI/UniverseHeroes/UniHero_29.(WindowMSButton).xdb,added,,1856,2107-12-31-23-59-56
Universe_mod.pak,UI/UniverseHeroes/UniHero_29.(WindowMSButtonShared).xdb,added,,2325,2107-12-31-23-59-56
Universe_mod.pak,UI/UniverseHeroes/UniHero_30.(UISSendUIMessage).xdb,added,,484,2107-12-31-23-59-56
Universe_mod.pak,UI/UniverseHeroes/UniHero_30.(WindowMSButton).xdb,added,,1856,2107-12-31-23-59-56
Universe_mod.pak,UI/UniverseHeroes/UniHero_30.(WindowMSButtonShared).xdb,added,,2325,2107-12-31-23-59-56
Universe_mod.pak,UI/UniverseHeroes/UniHero_31.(UISSendUIMessage).xdb,added,,484,2107-12-31-23-59-56
Universe_mod.pak,UI/UniverseHeroes/UniHero_31.(WindowMSButton).xdb,added,,1856,2107-12-31-23-59-56
Universe_mod.pak,UI/UniverseHeroes/UniHero_31.(WindowMSButtonShared).xdb,added,,2325,2107-12-31-23-59-56
Universe_mod.pak,UI/UniverseHeroes/UniHero_32.(UISSendUIMessage).xdb,added,,484,2107-12-31-23-59-56
Universe_mod.pak,UI/UniverseHeroes/UniHero_32.(WindowMSButton).xdb,added,,1856,2107-12-31-23-59-56
Universe_mod.pak,UI/UniverseHeroes/UniHero_32.(WindowMSButtonShared).xdb,added,,2325,2107-12-31-23-59-56
Universe_mod.pak,UI/UniverseHeroes/UniHero_33.(UISSendUIMessage).xdb,added,,484,2107-12-31-23-59-56
Universe_mod.pak,UI/UniverseHeroes/UniHero_33.(WindowMSButton).xdb,added,,1855,2107-12-31-23-59-56
Universe_mod.pak,UI/UniverseHeroes/UniHero_33.(WindowMSButtonShared).xdb,added,,2325,2107-12-31-23-59-56
Universe_mod.pak,UI/UniverseHeroes/UniHero_34.(UISSendUIMessage).xdb,added,,484,2107-12-31-23-59-56
Universe_mod.pak,UI/UniverseHeroes/UniHero_34.(WindowMSButton).xdb,added,,1856,2107-12-31-23-59-56
Universe_mod.pak,UI/UniverseHeroes/UniHero_34.(WindowMSButtonShared).xdb,added,,2325,2107-12-31-23-59-56
Universe_mod.pak,UI/UniverseHeroes/UniHero_35.(UISSendUIMessage).xdb,added,,484,2107-12-31-23-59-56
Universe_mod.pak,UI/UniverseHeroes/UniHero_35.(WindowMSButton).xdb,added,,1856,2107-12-31-23-59-56
Universe_mod.pak,UI/UniverseHeroes/UniHero_35.(WindowMSButtonShared).xdb,added,,2325,2107-12-31-23-59-56
Universe_mod.pak,UI/UniverseHeroes/UniHero_36.(UISSendUIMessage).xdb,added,,484,2107-12-31-23-59-56
Universe_mod.pak,UI/UniverseHeroes/UniHero_36.(WindowMSButton).xdb,added,,1856,2107-12-31-23-59-56
Universe_mod.pak,UI/UniverseHeroes/UniHero_36.(WindowMSButtonShared).xdb,added,,2325,2107-12-31-23-59-56
Universe_mod.pak,UI/UniverseHeroes/UniHero_37.(UISSendUIMessage).xdb,added,,484,2107-12-31-23-59-56
Universe_mod.pak,UI/UniverseHeroes/UniHero_37.(WindowMSButton).xdb,added,,1856,2107-12-31-23-59-56
Universe_mod.pak,UI/UniverseHeroes/UniHero_37.(WindowMSButtonShared).xdb,added,,2325,2107-12-31-23-59-56
Universe_mod.pak,UI/UniverseHeroes/UniHero_38.(UISSendUIMessage).xdb,added,,484,2107-12-31-23-59-56
Universe_mod.pak,UI/UniverseHeroes/UniHero_38.(WindowMSButton).xdb,added,,1856,2107-12-31-23-59-56
Universe_mod.pak,UI/UniverseHeroes/UniHero_38.(WindowMSButtonShared).xdb,added,,2325,2107-12-31-23-59-56
Universe_mod.pak,UI/UniverseHeroes/UniHero_39.(UISSendUIMessage).xdb,added,,484,2107-12-31-23-59-56
Universe_mod.pak,UI/UniverseHeroes/UniHero_39.(WindowMSButton).xdb,added,,1856,2107-12-31-23-59-56
Universe_mod.pak,UI/UniverseHeroes/UniHero_39.(WindowMSButtonShared).xdb,added,,2325,2107-12-31-23-59-56
Universe_mod.pak,UI/UniverseHeroes/UniHero_40.(UISSendUIMessage).xdb,added,,484,2107-12-31-23-59-56
Universe_mod.pak,UI/UniverseHeroes/UniHero_40.(WindowMSButton).xdb,added,,1856,2107-12-31-23-59-56
Universe_mod.pak,UI/UniverseHeroes/UniHero_40.(WindowMSButtonShared).xdb,added,,2325,2107-12-31-23-59-56
Universe_mod.pak,UI/UniverseHeroes/UniHero_41.(UISSendUIMessage).xdb,added,,484,2107-12-31-23-59-56
Universe_mod.pak,UI/UniverseHeroes/UniHero_41.(WindowMSButton).xdb,added,,1855,2107-12-31-23-59-56
Universe_mod.pak,UI/UniverseHeroes/UniHero_41.(WindowMSButtonShared).xdb,added,,2325,2107-12-31-23-59-56
Universe_mod.pak,UI/UniverseHeroes/UniHero_42.(UISSendUIMessage).xdb,added,,484,2107-12-31-23-59-56
Universe_mod.pak,UI/UniverseHeroes/UniHero_42.(WindowMSButton).xdb,added,,1856,2107-12-31-23-59-56
Universe_mod.pak,UI/UniverseHeroes/UniHero_42.(WindowMSButtonShared).xdb,added,,2325,2107-12-31-23-59-56
Universe_mod.pak,UI/UniverseHeroes/UniHero_43.(UISSendUIMessage).xdb,added,,484,2107-12-31-23-59-56
Universe_mod.pak,UI/UniverseHeroes/UniHero_43.(WindowMSButton).xdb,added,,1856,2107-12-31-23-59-56
Universe_mod.pak,UI/UniverseHeroes/UniHero_43.(WindowMSButtonShared).xdb,added,,2325,2107-12-31-23-59-56
Universe_mod.pak,UI/UniverseHeroes/UniHero_44.(UISSendUIMessage).xdb,added,,484,2107-12-31-23-59-56
Universe_mod.pak,UI/UniverseHeroes/UniHero_44.(WindowMSButton).xdb,added,,1856,2107-12-31-23-59-56
Universe_mod.pak,UI/UniverseHeroes/UniHero_44.(WindowMSButtonShared).xdb,added,,2325,2107-12-31-23-59-56
Universe_mod.pak,UI/UniverseHeroes/UniHero_45.(UISSendUIMessage).xdb,added,,484,2107-12-31-23-59-56
Universe_mod.pak,UI/UniverseHeroes/UniHero_45.(WindowMSButton).xdb,added,,1856,2107-12-31-23-59-56
Universe_mod.pak,UI/UniverseHeroes/UniHero_45.(WindowMSButtonShared).xdb,added,,2325,2107-12-31-23-59-56
Universe_mod.pak,UI/UniverseHeroes/UniHero_46.(UISSendUIMessage).xdb,added,,484,2107-12-31-23-59-56
Universe_mod.pak,UI/UniverseHeroes/UniHero_46.(WindowMSButton).xdb,added,,1856,2107-12-31-23-59-56
Universe_mod.pak,UI/UniverseHeroes/UniHero_46.(WindowMSButtonShared).xdb,added,,2325,2107-12-31-23-59-56
Universe_mod.pak,UI/UniverseHeroes/UniHero_47.(UISSendUIMessage).xdb,added,,484,2107-12-31-23-59-56
Universe_mod.pak,UI/UniverseHeroes/UniHero_47.(WindowMSButton).xdb,added,,1856,2107-12-31-23-59-56
Universe_mod.pak,UI/UniverseHeroes/UniHero_47.(WindowMSButtonShared).xdb,added,,2325,2107-12-31-23-59-56
Universe_mod.pak,UI/UniverseHeroes/UniHero_48.(UISSendUIMessage).xdb,added,,484,2107-12-31-23-59-56
Universe_mod.pak,UI/UniverseHeroes/UniHero_48.(WindowMSButton).xdb,added,,1856,2107-12-31-23-59-56
Universe_mod.pak,UI/UniverseHeroes/UniHero_48.(WindowMSButtonShared).xdb,added,,2325,2107-12-31-23-59-56
Universe_mod.pak,UI/UniverseHeroes/UniHero_49.(UISSendUIMessage).xdb,added,,484,2107-12-31-23-59-56
Universe_mod.pak,UI/UniverseHeroes/UniHero_49.(WindowMSButton).xdb,added,,1855,2107-12-31-23-59-56
Universe_mod.pak,UI/UniverseHeroes/UniHero_49.(WindowMSButtonShared).xdb,added,,2325,2107-12-31-23-59-56
Universe_mod.pak,UI/UniverseHeroes/UniHero_50.(UISSendUIMessage).xdb,added,,484,2107-12-31-23-59-56
Universe_mod.pak,UI/UniverseHeroes/UniHero_50.(WindowMSButton).xdb,added,,1856,2107-12-31-23-59-56
Universe_mod.pak,UI/UniverseHeroes/UniHero_50.(WindowMSButtonShared).xdb,added,,2325,2107-12-31-23-59-56
Universe_mod.pak,UI/UniverseHeroes/UniHero_51.(UISSendUIMessage).xdb,added,,484,2107-12-31-23-59-56
Universe_mod.pak,UI/UniverseHeroes/UniHero_51.(WindowMSButton).xdb,added,,1856,2107-12-31-23-59-56
Universe_mod.pak,UI/UniverseHeroes/UniHero_51.(WindowMSButtonShared).xdb,added,,2325,2107-12-31-23-59-56
Universe_mod.pak,UI/UniverseHeroes/UniHero_52.(UISSendUIMessage).xdb,added,,484,2107-12-31-23-59-56
Universe_mod.pak,UI/UniverseHeroes/UniHero_52.(WindowMSButton).xdb,added,,1856,2107-12-31-23-59-56
Universe_mod.pak,UI/UniverseHeroes/UniHero_52.(WindowMSButtonShared).xdb,added,,2325,2107-12-31-23-59-56
Universe_mod.pak,UI/UniverseHeroes/UniHero_53.(UISSendUIMessage).xdb,added,,484,2107-12-31-23-59-56
Universe_mod.pak,UI/UniverseHeroes/UniHero_53.(WindowMSButton).xdb,added,,1856,2107-12-31-23-59-56
Universe_mod.pak,UI/UniverseHeroes/UniHero_53.(WindowMSButtonShared).xdb,added,,2325,2107-12-31-23-59-56
Universe_mod.pak,UI/UniverseHeroes/UniHero_54.(UISSendUIMessage).xdb,added,,484,2107-12-31-23-59-56
Universe_mod.pak,UI/UniverseHeroes/UniHero_54.(WindowMSButton).xdb,added,,1856,2107-12-31-23-59-56
Universe_mod.pak,UI/UniverseHeroes/UniHero_54.(WindowMSButtonShared).xdb,added,,2325,2107-12-31-23-59-56
Universe_mod.pak,UI/UniverseHeroes/UniHero_55.(UISSendUIMessage).xdb,added,,484,2107-12-31-23-59-56
Universe_mod.pak,UI/UniverseHeroes/UniHero_55.(WindowMSButton).xdb,added,,1856,2107-12-31-23-59-56
Universe_mod.pak,UI/UniverseHeroes/UniHero_55.(WindowMSButtonShared).xdb,added,,2325,2107-12-31-23-59-56
Universe_mod.pak,UI/UniverseHeroes/UniHero_56.(UISSendUIMessage).xdb,added,,484,2107-12-31-23-59-56
Universe_mod.pak,UI/UniverseHeroes/UniHero_56.(WindowMSButton).xdb,added,,1856,2107-12-31-23-59-56
Universe_mod.pak,UI/UniverseHeroes/UniHero_56.(WindowMSButtonShared).xdb,added,,2325,2107-12-31-23-59-56
Universe_mod.pak,UI/UniverseHeroes/UniHero_57.(UISSendUIMessage).xdb,added,,484,2107-12-31-23-59-56
Universe_mod.pak,UI/UniverseHeroes/UniHero_57.(WindowMSButton).xdb,added,,1855,2107-12-31-23-59-56
Universe_mod.pak,UI/UniverseHeroes/UniHero_57.(WindowMSButtonShared).xdb,added,,2325,2107-12-31-23-59-56
Universe_mod.pak,UI/UniverseHeroes/UniHero_58.(UISSendUIMessage).xdb,added,,484,2107-12-31-23-59-56
Universe_mod.pak,UI/UniverseHeroes/UniHero_58.(WindowMSButton).xdb,added,,1856,2107-12-31-23-59-56
Universe_mod.pak,UI/UniverseHeroes/UniHero_58.(WindowMSButtonShared).xdb,added,,2325,2107-12-31-23-59-56
Universe_mod.pak,UI/UniverseHeroes/UniHero_59.(UISSendUIMessage).xdb,added,,484,2107-12-31-23-59-56
Universe_mod.pak,UI/UniverseHeroes/UniHero_59.(WindowMSButton).xdb,added,,1856,2107-12-31-23-59-56
Universe_mod.pak,UI/UniverseHeroes/UniHero_59.(WindowMSButtonShared).xdb,added,,2325,2107-12-31-23-59-56
Universe_mod.pak,UI/UniverseHeroes/UniHero_60.(UISSendUIMessage).xdb,added,,484,2107-12-31-23-59-56
Universe_mod.pak,UI/UniverseHeroes/UniHero_60.(WindowMSButton).xdb,added,,1856,2107-12-31-23-59-56
Universe_mod.pak,UI/UniverseHeroes/UniHero_60.(WindowMSButtonShared).xdb,added,,2325,2107-12-31-23-59-56
Universe_mod.pak,UI/UniverseHeroes/UniHero_61.(UISSendUIMessage).xdb,added,,484,2107-12-31-23-59-56
Universe_mod.pak,UI/UniverseHeroes/UniHero_61.(WindowMSButton).xdb,added,,1856,2107-12-31-23-59-56
Universe_mod.pak,UI/UniverseHeroes/UniHero_61.(WindowMSButtonShared).xdb,added,,2325,2107-12-31-23-59-56
Universe_mod.pak,UI/UniverseHeroes/UniHero_62.(UISSendUIMessage).xdb,added,,484,2107-12-31-23-59-56
Universe_mod.pak,UI/UniverseHeroes/UniHero_62.(WindowMSButton).xdb,added,,1856,2107-12-31-23-59-56
Universe_mod.pak,UI/UniverseHeroes/UniHero_62.(WindowMSButtonShared).xdb,added,,2325,2107-12-31-23-59-56
Universe_mod.pak,UI/UniverseHeroes/UniHero_63.(UISSendUIMessage).xdb,added,,484,2107-12-31-23-59-56
Universe_mod.pak,UI/UniverseHeroes/UniHero_63.(WindowMSButton).xdb,added,,1856,2107-12-31-23-59-56
Universe_mod.pak,UI/UniverseHeroes/UniHero_63.(WindowMSButtonShared).xdb,added,,2325,2107-12-31-23-59-56
Universe_mod.pak,UI/UniverseHeroes/UniHero_64.(UISSendUIMessage).xdb,added,,484,2107-12-31-23-59-56
Universe_mod.pak,UI/UniverseHeroes/UniHero_64.(WindowMSButton).xdb,added,,1856,2107-12-31-23-59-56
Universe_mod.pak,UI/UniverseHeroes/UniHero_64.(WindowMSButtonShared).xdb,added,,2325,2107-12-31-23-59-56
Universe_mod.pak,UI/UniverseHeroes/UniHero_Portrait_Overlay.(BackgroundSimpleTexture).xdb,added,,302,2107-12-31-23-59-56
Universe_mod.pak,UI/UniverseHeroes/UniHero_Portrait_Overlay.(Texture).dds,added,,12228,2107-12-31-23-59-56
Universe_mod.pak,UI/UniverseHeroes/UniHero_Portrait_Overlay.(Texture).xdb,added,,601,2107-12-31-23-59-56
Universe_mod.pak,UI/UniverseHeroes/UNINORMAL.(Texture).dds,added,,3728,2107-12-31-23-59-56
Universe_mod.pak,UI/UniverseHeroes/UniverseHeroesMainTexture.(BackgroundSimpleTexture).xdb,added,,303,2107-12-31-23-59-56
Universe_mod.pak,UI/UniverseHeroes/UniverseHeroesMainTexture.(Texture).dds,added,,3000064,2107-12-31-23-59-56
Universe_mod.pak,UI/UniverseHeroes/UniverseHeroesMainTexture.(Texture).xdb,added,,595,2107-12-31-23-59-56
Universe_mod.pak,UI/UniverseHeroes/UniverseHeroesMainWindow.(WindowSimple).xdb,added,,1514,2107-12-31-23-59-56
Universe_mod.pak,UI/UniverseHeroes/UniverseHeroesMainWindow.(WindowSimpleShared).xdb,added,,1126,2107-12-31-23-59-56
Universe_mod.pak,UI/UniverseHeroes/UniverseHeroesNormal.(BackgroundSimpleTexture).xdb,added,,298,2107-12-31-23-59-56
Universe_mod.pak,UI/UniverseHeroes/UniverseHeroesNormal.(Texture).dds,added,,3728,2107-12-31-23-59-56
Universe_mod.pak,UI/UniverseHeroes/UniverseHeroesNormal.(Texture).xdb,added,,592,2107-12-31-23-59-56
Universe_mod.pak,UI/UniverseHeroes/UniverseHeroesOpenButton.(WindowMSButton).xdb,added,,2903,2107-12-31-23-59-56
Universe_mod.pak,UI/UniverseHeroes/UniverseHeroesOpenButton.(WindowMSButtonShared).xdb,added,,4018,2107-12-31-23-59-56
Universe_mod.pak,UI/UniverseHeroes/UniverseHeroesOver.(BackgroundSimpleTexture).xdb,added,,296,2107-12-31-23-59-56
Universe_mod.pak,UI/UniverseHeroes/UniverseHeroesOver.(Texture).dds,added,,3728,2107-12-31-23-59-56
Universe_mod.pak,UI/UniverseHeroes/UniverseHeroesOver.(Texture).xdb,added,,588,2107-12-31-23-59-56
Universe_mod.pak,UI/UniverseHeroes/UniverseHeroesPush.(BackgroundSimpleTexture).xdb,added,,296,2107-12-31-23-59-56
Universe_mod.pak,UI/UniverseHeroes/UniverseHeroesPush.(Texture).dds,added,,3728,2107-12-31-23-59-56
Universe_mod.pak,UI/UniverseHeroes/UniverseHeroesPush.(Texture).xdb,added,,591,2107-12-31-23-59-56
Universe_mod.pak,UI/UniverseHeroes/UniverseHeroes_64.(WindowSimple).xdb,added,,1521,2107-12-31-23-59-56
Universe_mod.pak,UI/UniverseHeroes/UniverseHeroes_64.(WindowSimpleShared).xdb,added,,11078,2107-12-31-23-59-56
Universe_mod.pak,UI/UniverseHeroes/UniverseHeroes_CLOSE_ALL.(UISSendUIMessage).xdb,added,,513,2107-12-31-23-59-56
Universe_mod.pak,UI/UniverseHeroes/UniverseHeroes_CLOSE_ALL.(WindowMSButton).xdb,added,,2593,2107-12-31-23-59-56
Universe_mod.pak,UI/UniverseHeroes/UniverseHeroes_CLOSE_ALL.(WindowMSButtonShared).xdb,added,,3725,2107-12-31-23-59-56
Universe_mod.pak,UI/UniverseHeroes/UniverseHeroes_Screen_Info.(ForegroundTextString).xdb,added,,306,2107-12-31-23-59-56
Universe_mod.pak,UI/UniverseHeroes/UniverseHeroes_Screen_Info.(ForegroundTextStringShared).xdb,added,,841,2107-12-31-23-59-56
Universe_mod.pak,UI/UniverseHeroes/UniverseHeroes_Screen_Info.(WindowStaticText).xdb,added,,1257,2107-12-31-23-59-56
Universe_mod.pak,UI/UniverseHeroes/UniverseHeroes_Screen_Info.(WindowStaticTextShared).xdb,added,,937,2107-12-31-23-59-56
Universe_mod.pak,UI/UniverseHeroes/UniverseHeroes_Screen_Info.(WindowTextView).xdb,added,,1294,2107-12-31-23-59-56
Universe_mod.pak,UI/UniverseHeroes/UniverseHeroes_Screen_Info.(WindowTextViewShared).xdb,added,,1020,2107-12-31-23-59-56
Universe_mod.pak,UI/Universe_mod/Icons/Artifacts/Ring_Of_Silence_Icon.(Texture).dds,added,,4224,2107-12-31-23-59-56
Universe_mod.pak,UI/Universe_mod/Icons/Artifacts/Ring_Of_Silence_Icon.(Texture).xdb,added,,594,2107-12-31-23-59-56
Universe_mod.pak,UI/Universe_mod/Icons/Creatures/128x128/Ancient_wolf.(Texture).dds,added,,65664,2107-12-31-23-59-56
Universe_mod.pak,UI/Universe_mod/Icons/Creatures/128x128/Ancient_wolf.(Texture).xdb,added,,587,2107-12-31-23-59-56
Universe_mod.pak,UI/Universe_mod/Icons/Heroes_Specializations/Ancient_wolf.(Texture).dds,added,,65664,2107-12-31-23-59-56
Universe_mod.pak,UI/Universe_mod/Icons/Heroes_Specializations/Ancient_wolf.(Texture).xdb,added,,588,2107-12-31-23-59-56
Universe_mod.pak,UI/Universe_mod/Icons/Skills/Engineering/Engineering.(Texture).dds,added,,4224,2107-12-31-23-59-56
Universe_mod.pak,UI/Universe_mod/Icons/Skills/Engineering/Engineering.(Texture).xdb,added,,589,2107-12-31-23-59-56
Universe_mod.pak,UI/Universe_mod/Icons/Skills/Engineering/Engineering_grey.(Texture).dds,added,,4224,2107-12-31-23-59-56
Universe_mod.pak,UI/Universe_mod/Icons/Skills/Engineering/Engineering_grey.(Texture).xdb,added,,597,2107-12-31-23-59-56
Universe_mod.pak,UI/Universe_mod/Icons/Skills/EternalSummon/EternalSummon.(Texture).dds,added,,4224,2107-12-31-23-59-56
Universe_mod.pak,UI/Universe_mod/Icons/Skills/EternalSummon/EternalSummon.(Texture).xdb,added,,581,2107-12-31-23-59-56
Universe_mod.pak,UI/Universe_mod/Icons/Skills/EternalSummon/EternalSummon_grey.(Texture).dds,added,,21968,2107-12-31-23-59-56
Universe_mod.pak,UI/Universe_mod/Icons/Skills/EternalSummon/EternalSummon_grey.(Texture).xdb,added,,592,2107-12-31-23-59-56
Universe_mod.pak,UI/Universe_mod/Icons/Skills/QuickSummon/QuickSummon.(Texture).dds,added,,4224,2107-12-31-23-59-56
Universe_mod.pak,UI/Universe_mod/Icons/Skills/QuickSummon/QuickSummon.(Texture).xdb,added,,580,2107-12-31-23-59-56
Universe_mod.pak,UI/Universe_mod/Icons/Skills/QuickSummon/QuickSummon_grey.(Texture).dds,added,,21968,2107-12-31-23-59-56
Universe_mod.pak,UI/Universe_mod/Icons/Skills/QuickSummon/QuickSummon_grey.(Texture).xdb,added,,590,2107-12-31-23-59-56
Universe_mod.pak,UI/Universe_mod/Icons/Skills/SpoilsOfWar/SpoilsOfWar.(Texture).dds,added,,4224,2107-12-31-23-59-56
Universe_mod.pak,UI/Universe_mod/Icons/Skills/SpoilsOfWar/SpoilsOfWar.(Texture).xdb,added,,618,2107-12-31-23-59-56
Universe_mod.pak,UI/Universe_mod/Icons/Skills/Warmachines/Warmachines_4.(Texture).dds,added,,16512,2107-12-31-23-59-56
Universe_mod.pak,UI/Universe_mod/Icons/Skills/Warmachines/Warmachines_4.(Texture).xdb,added,,585,2107-12-31-23-59-56
Universe_mod.pak,UI/Universe_mod/Icons/Skills/Warmachines/Warmachines_4.(Texture).xdb.bak,added,,587,2107-12-31-23-59-56
Universe_mod.pak,UI/UNI_ARTS/ARTS_SHARED.(WindowMSButtonShared).xdb,added,,2404,2107-12-31-23-59-56
Universe_mod.pak,UI/UNI_ARTS/BUTCLOSE.(UISSendUIMessage).xdb,added,,500,2107-12-31-23-59-56
Universe_mod.pak,UI/UNI_ARTS/BUTOPEN.(UISSendUIMessage).xdb,added,,500,2107-12-31-23-59-56
Universe_mod.pak,UI/UNI_ARTS/CostFormat.(TextFormat).xdb,added,,802,2107-12-31-23-59-56
Universe_mod.pak,UI/UNI_ARTS/CR_UNI_CLOSE_ALL.(UISSendUIMessage).xdb,added,,500,2107-12-31-23-59-56
Universe_mod.pak,UI/UNI_ARTS/CR_UNI_CLOSE_ALL.(WindowMSButton).xdb,added,,2449,2107-12-31-23-59-56
Universe_mod.pak,UI/UNI_ARTS/CR_UNI_CLOSE_ALL.(WindowMSButtonShared).xdb,added,,3758,2107-12-31-23-59-56
Universe_mod.pak,UI/UNI_ARTS/GOLD_PIC.(WindowSimple).xdb,added,,1093,2107-12-31-23-59-56
Universe_mod.pak,UI/UNI_ARTS/GOLD_PIC.(WindowSimpleShared).xdb,added,,1031,2107-12-31-23-59-56
Universe_mod.pak,UI/UNI_ARTS/InfoHeader.(WindowTextView).xdb,added,,1262,2107-12-31-23-59-56
Universe_mod.pak,UI/UNI_ARTS/MajorsMainHeader.(WindowTextView).xdb,added,,1268,2107-12-31-23-59-56
Universe_mod.pak,UI/UNI_ARTS/MajorsSwap.(WindowMSButtonShared).xdb,added,,5192,2107-12-31-23-59-56
Universe_mod.pak,UI/UNI_ARTS/MajorSwap.(WindowMSButton).xdb,added,,3320,2107-12-31-23-59-56
Universe_mod.pak,UI/UNI_ARTS/MajorSwap_01.(UISSendUIMessage).xdb,added,,503,2107-12-31-23-59-56
Universe_mod.pak,UI/UNI_ARTS/MajorSwap_02.(UISSendUIMessage).xdb,added,,503,2107-12-31-23-59-56
Universe_mod.pak,UI/UNI_ARTS/MajorSwap_03.(UISSendUIMessage).xdb,added,,503,2107-12-31-23-59-56
Universe_mod.pak,UI/UNI_ARTS/MajorSwap_04.(UISSendUIMessage).xdb,added,,503,2107-12-31-23-59-56
Universe_mod.pak,UI/UNI_ARTS/MajorSwap_05.(UISSendUIMessage).xdb,added,,503,2107-12-31-23-59-56
Universe_mod.pak,UI/UNI_ARTS/MajorSwap_06.(UISSendUIMessage).xdb,added,,503,2107-12-31-23-59-56
Universe_mod.pak,UI/UNI_ARTS/MajorSwap_07.(UISSendUIMessage).xdb,added,,503,2107-12-31-23-59-56
Universe_mod.pak,UI/UNI_ARTS/MajorSwap_08.(UISSendUIMessage).xdb,added,,503,2107-12-31-23-59-56
Universe_mod.pak,UI/UNI_ARTS/MAJORS_PAGE.(BackgroundSimpleTexture).xdb,added,,289,2107-12-31-23-59-56
Universe_mod.pak,UI/UNI_ARTS/MAJORS_PAGE.(Texture).dds,added,,965728,2107-12-31-23-59-56
Universe_mod.pak,UI/UNI_ARTS/MAJORS_PAGE.(Texture).xdb,added,,575,2107-12-31-23-59-56
Universe_mod.pak,UI/UNI_ARTS/MAJORS_PAGE.(WindowSimpleShared).xdb,added,,1954,2107-12-31-23-59-56
Universe_mod.pak,UI/UNI_ARTS/MAJORS_PAGE_01.(WindowSimple).xdb,added,,1118,2107-12-31-23-59-56
Universe_mod.pak,UI/UNI_ARTS/MAJORS_PAGE_02.(WindowSimple).xdb,added,,1122,2107-12-31-23-59-56
Universe_mod.pak,UI/UNI_ARTS/MAJORS_PAGE_02.(WindowSimpleShared).xdb,added,,1954,2107-12-31-23-59-56
Universe_mod.pak,UI/UNI_ARTS/MAJORS_PAGE_03.(WindowSimple).xdb,added,,1122,2107-12-31-23-59-56
Universe_mod.pak,UI/UNI_ARTS/MAJORS_PAGE_03.(WindowSimpleShared).xdb,added,,1810,2107-12-31-23-59-56
Universe_mod.pak,UI/UNI_ARTS/MAJORS_PAGE_04.(WindowSimple).xdb,added,,1122,2107-12-31-23-59-56
Universe_mod.pak,UI/UNI_ARTS/MAJORS_PAGE_04.(WindowSimpleShared).xdb,added,,1810,2107-12-31-23-59-56
Universe_mod.pak,UI/UNI_ARTS/MinorsMainHeader.(WindowTextView).xdb,added,,1270,2107-12-31-23-59-56
Universe_mod.pak,UI/UNI_ARTS/MinorsMainHeader.(WindowTextViewShared).xdb,added,,1022,2107-12-31-23-59-56
Universe_mod.pak,UI/UNI_ARTS/MinorsSwap.(WindowMSButton).xdb,added,,2715,2107-12-31-23-59-56
Universe_mod.pak,UI/UNI_ARTS/MinorsSwap.(WindowMSButtonShared).xdb,added,,3863,2107-12-31-23-59-56
Universe_mod.pak,UI/UNI_ARTS/MinorsSwap_01.(UISSendUIMessage).xdb,added,,503,2107-12-31-23-59-56
Universe_mod.pak,UI/UNI_ARTS/MinorsSwap_02.(UISSendUIMessage).xdb,added,,503,2107-12-31-23-59-56
Universe_mod.pak,UI/UNI_ARTS/MinorsSwap_03.(UISSendUIMessage).xdb,added,,503,2107-12-31-23-59-56
Universe_mod.pak,UI/UNI_ARTS/MinorsSwap_04.(UISSendUIMessage).xdb,added,,503,2107-12-31-23-59-56
Universe_mod.pak,UI/UNI_ARTS/MINORS_PAGE.(BackgroundSimpleTexture).xdb,added,,289,2107-12-31-23-59-56
Universe_mod.pak,UI/UNI_ARTS/MINORS_PAGE.(Texture).dds,added,,965728,2107-12-31-23-59-56
Universe_mod.pak,UI/UNI_ARTS/MINORS_PAGE.(Texture).xdb,added,,576,2107-12-31-23-59-56
Universe_mod.pak,UI/UNI_ARTS/MINORS_PAGE.(WindowSimpleShared).xdb,added,,1975,2107-12-31-23-59-56
Universe_mod.pak,UI/UNI_ARTS/MINORS_PAGE_01.(WindowSimple).xdb,added,,1117,2107-12-31-23-59-56
Universe_mod.pak,UI/UNI_ARTS/MINORS_PAGE_02.(WindowSimple).xdb,added,,1121,2107-12-31-23-59-56
Universe_mod.pak,UI/UNI_ARTS/MINORS_PAGE_02.(WindowSimpleShared).xdb,added,,1737,2107-12-31-23-59-56
Universe_mod.pak,UI/UNI_ARTS/Outline.(BackgroundSimpleTexture).xdb,added,,285,2107-12-31-23-59-56
Universe_mod.pak,UI/UNI_ARTS/Outline.(Texture).dds,added,,61328,2107-12-31-23-59-56
Universe_mod.pak,UI/UNI_ARTS/Outline.(Texture).xdb,added,,574,2107-12-31-23-59-56
Universe_mod.pak,UI/UNI_ARTS/RelicsMainHeader.(WindowTextView).xdb,added,,1268,2107-12-31-23-59-56
Universe_mod.pak,UI/UNI_ARTS/RelicsSwap_01.(UISSendUIMessage).xdb,added,,504,2107-12-31-23-59-56
Universe_mod.pak,UI/UNI_ARTS/RelicsSwap_02.(UISSendUIMessage).xdb,added,,504,2107-12-31-23-59-56
Universe_mod.pak,UI/UNI_ARTS/RelicsSwap_03.(UISSendUIMessage).xdb,added,,504,2107-12-31-23-59-56
Universe_mod.pak,UI/UNI_ARTS/RelictsSwap.(WindowMSButton).xdb,added,,2678,2107-12-31-23-59-56
Universe_mod.pak,UI/UNI_ARTS/RelictsSwap_04.(UISSendUIMessage).xdb,added,,504,2107-12-31-23-59-56
Universe_mod.pak,UI/UNI_ARTS/RELICTS_PAGE.(BackgroundSimpleTexture).xdb,added,,290,2107-12-31-23-59-56
Universe_mod.pak,UI/UNI_ARTS/RELICTS_PAGE.(Texture).dds,added,,1006528,2107-12-31-23-59-56
Universe_mod.pak,UI/UNI_ARTS/RELICTS_PAGE.(Texture).xdb,added,,577,2107-12-31-23-59-56
Universe_mod.pak,UI/UNI_ARTS/RELICTS_PAGE.(WindowSimpleShared).xdb,added,,2026,2107-12-31-23-59-56
Universe_mod.pak,UI/UNI_ARTS/RELICTS_PAGE_01.(WindowSimple).xdb,added,,1119,2107-12-31-23-59-56
Universe_mod.pak,UI/UNI_ARTS/RELICTS_PAGE_02.(WindowSimple).xdb,added,,1123,2107-12-31-23-59-56
Universe_mod.pak,UI/UNI_ARTS/RELICTS_PAGE_02.(WindowSimpleShared).xdb,added,,2026,2107-12-31-23-59-56
Universe_mod.pak,UI/UNI_ARTS/RELICTS_PAGE_03.(WindowSimple).xdb,added,,1124,2107-12-31-23-59-56
Universe_mod.pak,UI/UNI_ARTS/RELICTS_PAGE_03.(WindowSimpleShared).xdb,added,,1113,2107-12-31-23-59-56
Universe_mod.pak,UI/UNI_ARTS/RELICTS_PAGE_04.(WindowSimple).xdb,added,,1046,2107-12-31-23-59-56
Universe_mod.pak,UI/UNI_ARTS/Ring.(BackgroundSimpleTexture).xdb,added,,282,2107-12-31-23-59-56
Universe_mod.pak,UI/UNI_ARTS/Ring.(Texture).dds,added,,16512,2107-12-31-23-59-56
Universe_mod.pak,UI/UNI_ARTS/Ring.(Texture).xdb,added,,569,2107-12-31-23-59-56
Universe_mod.pak,UI/UNI_ARTS/SLOT_FORMAT.(TextFormat).xdb,added,,803,2107-12-31-23-59-56
Universe_mod.pak,UI/UNI_ARTS/SLOT_VIEW.(WindowTextView).xdb,added,,1313,2107-12-31-23-59-56
Universe_mod.pak,UI/UNI_ARTS/SLOT_VIEW.(WindowTextViewShared).xdb,added,,1017,2107-12-31-23-59-56
Universe_mod.pak,UI/UNI_ARTS/SLOT_VIEW_01.(WindowTextView).xdb,added,,1448,2107-12-31-23-59-56
Universe_mod.pak,UI/UNI_ARTS/SLOT_VIEW_02.(WindowTextView).xdb,added,,1448,2107-12-31-23-59-56
Universe_mod.pak,UI/UNI_ARTS/SLOT_VIEW_03.(WindowTextView).xdb,added,,1448,2107-12-31-23-59-56
Universe_mod.pak,UI/UNI_ARTS/SLOT_VIEW_04.(WindowTextView).xdb,added,,1448,2107-12-31-23-59-56
Universe_mod.pak,UI/UNI_ARTS/SLOT_VIEW_05.(WindowTextView).xdb,added,,1447,2107-12-31-23-59-56
Universe_mod.pak,UI/UNI_ARTS/SLOT_VIEW_06.(WindowTextView).xdb,added,,1446,2107-12-31-23-59-56
Universe_mod.pak,UI/UNI_ARTS/SLOT_VIEW_07.(WindowTextView).xdb,added,,1446,2107-12-31-23-59-56
Universe_mod.pak,UI/UNI_ARTS/SLOT_VIEW_08.(WindowTextView).xdb,added,,1447,2107-12-31-23-59-56
Universe_mod.pak,UI/UNI_ARTS/SLOT_VIEW_09.(WindowTextView).xdb,added,,1447,2107-12-31-23-59-56
Universe_mod.pak,UI/UNI_ARTS/SLOT_VIEW_10.(WindowTextView).xdb,added,,1446,2107-12-31-23-59-56
Universe_mod.pak,UI/UNI_ARTS/SLOT_VIEW_11.(WindowTextView).xdb,added,,1447,2107-12-31-23-59-56
Universe_mod.pak,UI/UNI_ARTS/SLOT_VIEW_12.(WindowTextView).xdb,added,,1447,2107-12-31-23-59-56
Universe_mod.pak,UI/UNI_ARTS/SLOT_VIEW_13.(WindowTextView).xdb,added,,1446,2107-12-31-23-59-56
Universe_mod.pak,UI/UNI_ARTS/SLOT_VIEW_14.(WindowTextView).xdb,added,,1447,2107-12-31-23-59-56
Universe_mod.pak,UI/UNI_ARTS/SLOT_VIEW_15.(WindowTextView).xdb,added,,1447,2107-12-31-23-59-56
Universe_mod.pak,UI/UNI_ARTS/SLOT_VIEW_16.(WindowTextView).xdb,added,,1446,2107-12-31-23-59-56
Universe_mod.pak,UI/UNI_ARTS/SLOT_VIEW_17.(WindowTextView).xdb,added,,1446,2107-12-31-23-59-56
Universe_mod.pak,UI/UNI_ARTS/SLOT_VIEW_18.(WindowTextView).xdb,added,,1446,2107-12-31-23-59-56
Universe_mod.pak,UI/UNI_ARTS/SLOT_VIEW_19.(WindowTextView).xdb,added,,1448,2107-12-31-23-59-56
Universe_mod.pak,UI/UNI_ARTS/SLOT_VIEW_20.(WindowTextView).xdb,added,,1447,2107-12-31-23-59-56
Universe_mod.pak,UI/UNI_ARTS/SLOT_VIEW_21.(WindowTextView).xdb,added,,1448,2107-12-31-23-59-56
Universe_mod.pak,UI/UNI_ARTS/SLOT_VIEW_22.(WindowTextView).xdb,added,,1448,2107-12-31-23-59-56
Universe_mod.pak,UI/UNI_ARTS/SLOT_VIEW_23.(WindowTextView).xdb,added,,1448,2107-12-31-23-59-56
Universe_mod.pak,UI/UNI_ARTS/SLOT_VIEW_24.(WindowTextView).xdb,added,,1446,2107-12-31-23-59-56
Universe_mod.pak,UI/UNI_ARTS/SLOT_VIEW_25.(WindowTextView).xdb,added,,1446,2107-12-31-23-59-56
Universe_mod.pak,UI/UNI_ARTS/SLOT_VIEW_26.(WindowTextView).xdb,added,,1448,2107-12-31-23-59-56
Universe_mod.pak,UI/UNI_ARTS/SLOT_VIEW_27.(WindowTextView).xdb,added,,1448,2107-12-31-23-59-56
Universe_mod.pak,UI/UNI_ARTS/SLOT_VIEW_28.(WindowTextView).xdb,added,,1448,2107-12-31-23-59-56
Universe_mod.pak,UI/UNI_ARTS/SLOT_VIEW_29.(WindowTextView).xdb,added,,1446,2107-12-31-23-59-56
Universe_mod.pak,UI/UNI_ARTS/SLOT_VIEW_30.(WindowTextView).xdb,added,,1446,2107-12-31-23-59-56
Universe_mod.pak,UI/UNI_ARTS/SLOT_VIEW_31.(WindowTextView).xdb,added,,1446,2107-12-31-23-59-56
Universe_mod.pak,UI/UNI_ARTS/SLOT_VIEW_32.(WindowTextView).xdb,added,,1446,2107-12-31-23-59-56
Universe_mod.pak,UI/UNI_ARTS/SLOT_VIEW_33.(WindowTextView).xdb,added,,1446,2107-12-31-23-59-56
Universe_mod.pak,UI/UNI_ARTS/SLOT_VIEW_34.(WindowTextView).xdb,added,,1446,2107-12-31-23-59-56
Universe_mod.pak,UI/UNI_ARTS/SLOT_VIEW_35.(WindowTextView).xdb,added,,1447,2107-12-31-23-59-56
Universe_mod.pak,UI/UNI_ARTS/SLOT_VIEW_36.(WindowTextView).xdb,added,,1448,2107-12-31-23-59-56
Universe_mod.pak,UI/UNI_ARTS/SLOT_VIEW_37.(WindowTextView).xdb,added,,1447,2107-12-31-23-59-56
Universe_mod.pak,UI/UNI_ARTS/SLOT_VIEW_38.(WindowTextView).xdb,added,,1447,2107-12-31-23-59-56
Universe_mod.pak,UI/UNI_ARTS/SLOT_VIEW_39.(WindowTextView).xdb,added,,1447,2107-12-31-23-59-56
Universe_mod.pak,UI/UNI_ARTS/SLOT_VIEW_40.(WindowTextView).xdb,added,,1447,2107-12-31-23-59-56
Universe_mod.pak,UI/UNI_ARTS/SLOT_VIEW_41.(WindowTextView).xdb,added,,1446,2107-12-31-23-59-56
Universe_mod.pak,UI/UNI_ARTS/SLOT_VIEW_42.(WindowTextView).xdb,added,,1447,2107-12-31-23-59-56
Universe_mod.pak,UI/UNI_ARTS/SLOT_VIEW_43.(WindowTextView).xdb,added,,1447,2107-12-31-23-59-56
Universe_mod.pak,UI/UNI_ARTS/SLOT_VIEW_44.(WindowTextView).xdb,added,,1448,2107-12-31-23-59-56
Universe_mod.pak,UI/UNI_ARTS/SLOT_VIEW_45.(WindowTextView).xdb,added,,1447,2107-12-31-23-59-56
Universe_mod.pak,UI/UNI_ARTS/SLOT_VIEW_46.(WindowTextView).xdb,added,,1447,2107-12-31-23-59-56
Universe_mod.pak,UI/UNI_ARTS/SLOT_VIEW_47.(WindowTextView).xdb,added,,1446,2107-12-31-23-59-56
Universe_mod.pak,UI/UNI_ARTS/SLOT_VIEW_48.(WindowTextView).xdb,added,,1446,2107-12-31-23-59-56
Universe_mod.pak,UI/UNI_ARTS/SLOT_VIEW_49.(WindowTextView).xdb,added,,1446,2107-12-31-23-59-56
Universe_mod.pak,UI/UNI_ARTS/SLOT_VIEW_50.(WindowTextView).xdb,added,,1448,2107-12-31-23-59-56
Universe_mod.pak,UI/UNI_ARTS/SLOT_VIEW_51.(WindowTextView).xdb,added,,1448,2107-12-31-23-59-56
Universe_mod.pak,UI/UNI_ARTS/SLOT_VIEW_52.(WindowTextView).xdb,added,,1448,2107-12-31-23-59-56
Universe_mod.pak,UI/UNI_ARTS/SLOT_VIEW_53.(WindowTextView).xdb,added,,1446,2107-12-31-23-59-56
Universe_mod.pak,UI/UNI_ARTS/SLOT_VIEW_54.(WindowTextView).xdb,added,,1447,2107-12-31-23-59-56
Universe_mod.pak,UI/UNI_ARTS/SLOT_VIEW_55.(WindowTextView).xdb,added,,1446,2107-12-31-23-59-56
Universe_mod.pak,UI/UNI_ARTS/SLOT_VIEW_56.(WindowTextView).xdb,added,,1448,2107-12-31-23-59-56
Universe_mod.pak,UI/UNI_ARTS/SLOT_VIEW_57.(WindowTextView).xdb,added,,1448,2107-12-31-23-59-56
Universe_mod.pak,UI/UNI_ARTS/SLOT_VIEW_58.(WindowTextView).xdb,added,,1448,2107-12-31-23-59-56
Universe_mod.pak,UI/UNI_ARTS/SLOT_VIEW_59.(WindowTextView).xdb,added,,1447,2107-12-31-23-59-56
Universe_mod.pak,UI/UNI_ARTS/SLOT_VIEW_60.(WindowTextView).xdb,added,,1448,2107-12-31-23-59-56
Universe_mod.pak,UI/UNI_ARTS/SLOT_VIEW_61.(WindowTextView).xdb,added,,1446,2107-12-31-23-59-56
Universe_mod.pak,UI/UNI_ARTS/SLOT_VIEW_62.(WindowTextView).xdb,added,,1446,2107-12-31-23-59-56
Universe_mod.pak,UI/UNI_ARTS/SLOT_VIEW_63.(WindowTextView).xdb,added,,1448,2107-12-31-23-59-56
Universe_mod.pak,UI/UNI_ARTS/SLOT_VIEW_64.(WindowTextView).xdb,added,,1448,2107-12-31-23-59-56
Universe_mod.pak,UI/UNI_ARTS/SLOT_VIEW_65.(WindowTextView).xdb,added,,1447,2107-12-31-23-59-56
Universe_mod.pak,UI/UNI_ARTS/SLOT_VIEW_66.(WindowTextView).xdb,added,,1448,2107-12-31-23-59-56
Universe_mod.pak,UI/UNI_ARTS/SLOT_VIEW_67.(WindowTextView).xdb,added,,1448,2107-12-31-23-59-56
Universe_mod.pak,UI/UNI_ARTS/SLOT_VIEW_68.(WindowTextView).xdb,added,,1448,2107-12-31-23-59-56
Universe_mod.pak,UI/UNI_ARTS/SLOT_VIEW_69.(WindowTextView).xdb,added,,1446,2107-12-31-23-59-56
Universe_mod.pak,UI/UNI_ARTS/SLOT_VIEW_70.(WindowTextView).xdb,added,,1447,2107-12-31-23-59-56
Universe_mod.pak,UI/UNI_ARTS/SLOT_VIEW_71.(WindowTextView).xdb,added,,1446,2107-12-31-23-59-56
Universe_mod.pak,UI/UNI_ARTS/SLOT_VIEW_72.(WindowTextView).xdb,added,,1443,2107-12-31-23-59-56
Universe_mod.pak,UI/UNI_ARTS/SLOT_VIEW_73.(WindowTextView).xdb,added,,1447,2107-12-31-23-59-56
Universe_mod.pak,UI/UNI_ARTS/SLOT_VIEW_74.(WindowTextView).xdb,added,,1447,2107-12-31-23-59-56
Universe_mod.pak,UI/UNI_ARTS/SLOT_VIEW_75.(WindowTextView).xdb,added,,1447,2107-12-31-23-59-56
Universe_mod.pak,UI/UNI_ARTS/SLOT_VIEW_76.(WindowTextView).xdb,added,,1448,2107-12-31-23-59-56
Universe_mod.pak,UI/UNI_ARTS/SLOT_VIEW_77.(WindowTextView).xdb,added,,1446,2107-12-31-23-59-56
Universe_mod.pak,UI/UNI_ARTS/SLOT_VIEW_78.(WindowTextView).xdb,added,,1446,2107-12-31-23-59-56
Universe_mod.pak,UI/UNI_ARTS/SLOT_VIEW_79.(WindowTextView).xdb,added,,1447,2107-12-31-23-59-56
Universe_mod.pak,UI/UNI_ARTS/SLOT_VIEW_80.(WindowTextView).xdb,added,,1447,2107-12-31-23-59-56
Universe_mod.pak,UI/UNI_ARTS/SLOT_VIEW_81.(WindowTextView).xdb,added,,1446,2107-12-31-23-59-56
Universe_mod.pak,UI/UNI_ARTS/SLOT_VIEW_82.(WindowTextView).xdb,added,,1448,2107-12-31-23-59-56
Universe_mod.pak,UI/UNI_ARTS/SLOT_VIEW_83.(WindowTextView).xdb,added,,1447,2107-12-31-23-59-56
Universe_mod.pak,UI/UNI_ARTS/SLOT_VIEW_84.(WindowTextView).xdb,added,,1446,2107-12-31-23-59-56
Universe_mod.pak,UI/UNI_ARTS/SLOT_VIEW_85.(WindowTextView).xdb,added,,1447,2107-12-31-23-59-56
Universe_mod.pak,UI/UNI_ARTS/SLOT_VIEW_86.(WindowTextView).xdb,added,,1447,2107-12-31-23-59-56
Universe_mod.pak,UI/UNI_ARTS/SLOT_VIEW_87.(WindowTextView).xdb,added,,1446,2107-12-31-23-59-56
Universe_mod.pak,UI/UNI_ARTS/SLOT_VIEW_88.(WindowTextView).xdb,added,,1437,2107-12-31-23-59-56
Universe_mod.pak,UI/UNI_ARTS/SLOT_VIEW_89.(WindowTextView).xdb,added,,1446,2107-12-31-23-59-56
Universe_mod.pak,UI/UNI_ARTS/SLOT_VIEW_90.(WindowTextView).xdb,added,,1448,2107-12-31-23-59-56
Universe_mod.pak,UI/UNI_ARTS/SLOT_VIEW_91.(WindowTextView).xdb,added,,1448,2107-12-31-23-59-56
Universe_mod.pak,UI/UNI_ARTS/SLOT_VIEW_92.(WindowTextView).xdb,added,,1448,2107-12-31-23-59-56
Universe_mod.pak,UI/UNI_ARTS/SLOT_VIEW_93.(WindowTextView).xdb,added,,1448,2107-12-31-23-59-56
Universe_mod.pak,UI/UNI_ARTS/SLOT_VIEW_94.(WindowTextView).xdb,added,,1448,2107-12-31-23-59-56
Universe_mod.pak,UI/UNI_ARTS/SLOT_VIEW_95.(WindowTextView).xdb,added,,1446,2107-12-31-23-59-56
Universe_mod.pak,UI/UNI_ARTS/SLOT_VIEW_96.(WindowTextView).xdb,added,,1437,2107-12-31-23-59-56
Universe_mod.pak,UI/UNI_ARTS/SLOT_VIEW_97.(WindowTextView).xdb,added,,1437,2107-12-31-23-59-56
Universe_mod.pak,UI/UNI_ARTS/SLOT_VIEW_98.(WindowTextView).xdb,added,,1254,2107-12-31-23-59-56
Universe_mod.pak,UI/UNI_ARTS/SLOT_VIEW_99.(WindowTextView).xdb,added,,1254,2107-12-31-23-59-56
Universe_mod.pak,UI/UNI_ARTS/SwapButtons.(BackgroundSimpleTexture).xdb,added,,289,2107-12-31-23-59-56
Universe_mod.pak,UI/UNI_ARTS/SwapButtons.(Texture).dds,added,,8016,2107-12-31-23-59-56
Universe_mod.pak,UI/UNI_ARTS/SwapButtons.(Texture).xdb,added,,582,2107-12-31-23-59-56
Universe_mod.pak,UI/UNI_ARTS/SwapPush.(BackgroundSimpleTexture).xdb,added,,286,2107-12-31-23-59-56
Universe_mod.pak,UI/UNI_ARTS/SwapPush.(Texture).dds,added,,8016,2107-12-31-23-59-56
Universe_mod.pak,UI/UNI_ARTS/SwapPush.(Texture).xdb,added,,577,2107-12-31-23-59-56
Universe_mod.pak,UI/UNI_ARTS/UniArtGoldPic.(BackgroundSimpleScallingTexture).xdb,added,,299,2107-12-31-23-59-56
Universe_mod.pak,UI/UNI_ARTS/UniArts.(WindowMSButton).xdb,added,,2491,2107-12-31-23-59-56
Universe_mod.pak,UI/UNI_ARTS/UniArts.(WindowMSButtonShared).xdb,added,,4016,2107-12-31-23-59-56
Universe_mod.pak,UI/UNI_ARTS/UniArts_Butt_Normal.(BackgroundSimpleTexture).xdb,added,,297,2107-12-31-23-59-56
Universe_mod.pak,UI/UNI_ARTS/UniArts_Butt_Normal.(Texture).dds,added,,3728,2107-12-31-23-59-56
Universe_mod.pak,UI/UNI_ARTS/UniArts_Butt_Normal.(Texture).xdb,added,,589,2107-12-31-23-59-56
Universe_mod.pak,UI/UNI_ARTS/UniArts_Butt_Over.(BackgroundSimpleTexture).xdb,added,,295,2107-12-31-23-59-56
Universe_mod.pak,UI/UNI_ARTS/UniArts_Butt_Over.(Texture).dds,added,,3728,2107-12-31-23-59-56
Universe_mod.pak,UI/UNI_ARTS/UniArts_Butt_Over.(Texture).xdb,added,,585,2107-12-31-23-59-56
Universe_mod.pak,UI/UNI_ARTS/UniArts_Butt_Push.(BackgroundSimpleTexture).xdb,added,,295,2107-12-31-23-59-56
Universe_mod.pak,UI/UNI_ARTS/UniArts_Butt_Push.(Texture).dds,added,,3728,2107-12-31-23-59-56
Universe_mod.pak,UI/UNI_ARTS/UniArts_Butt_Push.(Texture).xdb,added,,585,2107-12-31-23-59-56
Universe_mod.pak,UI/UNI_ARTS/UNI_ARTS.(WindowSimple).xdb,added,,1110,2107-12-31-23-59-56
Universe_mod.pak,UI/UNI_ARTS/UNI_ARTS.(WindowSimpleShared).xdb,added,,3992,2107-12-31-23-59-56
Universe_mod.pak,UI/UNI_ARTS/UNI_ARTS_COSTHEADER.(WindowTextView).xdb,added,,1271,2107-12-31-23-59-56
Universe_mod.pak,UI/UNI_ARTS/UNI_ARTS_COSTHEADER.(WindowTextViewShared).xdb,added,,1020,2107-12-31-23-59-56
Universe_mod.pak,UI/UNI_ARTS/UNI_ARTS_COSTSHARED.(WindowTextViewShared).xdb,added,,1020,2107-12-31-23-59-56
Universe_mod.pak,UI/UNI_ARTS/Uni_Arts_Norm.(Texture).dds,added,,3728,2107-12-31-23-59-56
Universe_mod.pak,UI/UNI_ARTS/Uni_Arts_Over.(Texture).dds,added,,3728,2107-12-31-23-59-56
Universe_mod.pak,UI/UNI_ARTS/Uni_Arts_Push.(Texture).dds,added,,3728,2107-12-31-23-59-56
Universe_mod.pak,UI/UNI_ARTS/UNI_ARTS_SLOTTHEADER.(WindowTextView).xdb,added,,1263,2107-12-31-23-59-56
Universe_mod.pak,UI/UNI_ARTS/UNI_ARTS_SLOTTHEADER.(WindowTextViewShared).xdb,added,,1020,2107-12-31-23-59-56
Universe_mod.pak,UI/UNI_ARTS/UNI_ARTS_WINDOW.(BackgroundSimpleTexture).xdb,added,,293,2107-12-31-23-59-56
Universe_mod.pak,UI/UNI_ARTS/UNI_ARTS_WINDOW.(Texture).dds,added,,3060128,2107-12-31-23-59-56
Universe_mod.pak,UI/UNI_ARTS/UNI_ARTS_WINDOW.(Texture).xdb,added,,584,2107-12-31-23-59-56
Universe_mod.pak,UI/UNI_ARTS/UNI_ART_01.(BackgroundSimpleScallingTexture).xdb,added,,294,2107-12-31-23-59-56
Universe_mod.pak,UI/UNI_ARTS/UNI_ART_01.(WindowMSButton).xdb,added,,2088,2107-12-31-23-59-56
Universe_mod.pak,UI/UNI_ARTS/UNI_ART_01.(WindowMSButtonShared).xdb,added,,2427,2107-12-31-23-59-56
Universe_mod.pak,UI/UNI_ARTS/UNI_ART_01.(WindowSimple).xdb,added,,1115,2107-12-31-23-59-56
Universe_mod.pak,UI/UNI_ARTS/UNI_ART_01.(WindowSimpleShared).xdb,added,,1579,2107-12-31-23-59-56
Universe_mod.pak,UI/UNI_ARTS/UNI_ART_01_COST.(WindowTextView).xdb,added,,1267,2107-12-31-23-59-56
Universe_mod.pak,UI/UNI_ARTS/UNI_ART_01_DESCRIPTION.(WindowTextView).xdb,added,,1286,2107-12-31-23-59-56
Universe_mod.pak,UI/UNI_ARTS/UNI_ART_01_NAME.(WindowTextView).xdb,added,,1386,2107-12-31-23-59-56
Universe_mod.pak,UI/UNI_ARTS/UNI_ART_02.(BackgroundSimpleScallingTexture).xdb,added,,310,2107-12-31-23-59-56
Universe_mod.pak,UI/UNI_ARTS/UNI_ART_02.(WindowMSButton).xdb,added,,2086,2107-12-31-23-59-56
Universe_mod.pak,UI/UNI_ARTS/UNI_ART_02.(WindowMSButtonShared).xdb,added,,2427,2107-12-31-23-59-56
Universe_mod.pak,UI/UNI_ARTS/UNI_ART_02.(WindowSimple).xdb,added,,1117,2107-12-31-23-59-56
Universe_mod.pak,UI/UNI_ARTS/UNI_ART_02.(WindowSimpleShared).xdb,added,,1520,2107-12-31-23-59-56
Universe_mod.pak,UI/UNI_ARTS/UNI_ART_02_COST.(WindowTextView).xdb,added,,1267,2107-12-31-23-59-56
Universe_mod.pak,UI/UNI_ARTS/UNI_ART_02_DESCRIPTION.(WindowTextView).xdb,added,,1286,2107-12-31-23-59-56
Universe_mod.pak,UI/UNI_ARTS/UNI_ART_02_NAME.(WindowTextView).xdb,added,,1518,2107-12-31-23-59-56
Universe_mod.pak,UI/UNI_ARTS/UNI_ART_03.(BackgroundSimpleScallingTexture).xdb,added,,327,2107-12-31-23-59-56
Universe_mod.pak,UI/UNI_ARTS/UNI_ART_03.(WindowMSButton).xdb,added,,2093,2107-12-31-23-59-56
Universe_mod.pak,UI/UNI_ARTS/UNI_ART_03.(WindowMSButtonShared).xdb,added,,2427,2107-12-31-23-59-56
Universe_mod.pak,UI/UNI_ARTS/UNI_ART_03.(WindowSimple).xdb,added,,1116,2107-12-31-23-59-56
Universe_mod.pak,UI/UNI_ARTS/UNI_ART_03.(WindowSimpleShared).xdb,added,,1520,2107-12-31-23-59-56
Universe_mod.pak,UI/UNI_ARTS/UNI_ART_03_COST.(WindowTextView).xdb,added,,1267,2107-12-31-23-59-56
Universe_mod.pak,UI/UNI_ARTS/UNI_ART_03_DESCRIPTION.(WindowTextView).xdb,added,,1286,2107-12-31-23-59-56
Universe_mod.pak,UI/UNI_ARTS/UNI_ART_03_NAME.(WindowTextView).xdb,added,,1525,2107-12-31-23-59-56
Universe_mod.pak,UI/UNI_ARTS/UNI_ART_04.(BackgroundSimpleScallingTexture).xdb,added,,325,2107-12-31-23-59-56
Universe_mod.pak,UI/UNI_ARTS/UNI_ART_04.(WindowMSButton).xdb,added,,2091,2107-12-31-23-59-56
Universe_mod.pak,UI/UNI_ARTS/UNI_ART_04.(WindowMSButtonShared).xdb,added,,2427,2107-12-31-23-59-56
Universe_mod.pak,UI/UNI_ARTS/UNI_ART_04.(WindowSimple).xdb,added,,1119,2107-12-31-23-59-56
Universe_mod.pak,UI/UNI_ARTS/UNI_ART_04.(WindowSimpleShared).xdb,added,,1520,2107-12-31-23-59-56
Universe_mod.pak,UI/UNI_ARTS/UNI_ART_04_COST.(WindowTextView).xdb,added,,1267,2107-12-31-23-59-56
Universe_mod.pak,UI/UNI_ARTS/UNI_ART_04_DESCRIPTION.(WindowTextView).xdb,added,,1286,2107-12-31-23-59-56
Universe_mod.pak,UI/UNI_ARTS/UNI_ART_04_NAME.(WindowTextView).xdb,added,,1523,2107-12-31-23-59-56
Universe_mod.pak,UI/UNI_ARTS/UNI_ART_05.(BackgroundSimpleScallingTexture).xdb,added,,330,2107-12-31-23-59-56
Universe_mod.pak,UI/UNI_ARTS/UNI_ART_05.(WindowMSButton).xdb,added,,2106,2107-12-31-23-59-56
Universe_mod.pak,UI/UNI_ARTS/UNI_ART_05.(WindowMSButtonShared).xdb,added,,2427,2107-12-31-23-59-56
Universe_mod.pak,UI/UNI_ARTS/UNI_ART_05.(WindowSimple).xdb,added,,1116,2107-12-31-23-59-56
Universe_mod.pak,UI/UNI_ARTS/UNI_ART_05.(WindowSimpleShared).xdb,added,,1520,2107-12-31-23-59-56
Universe_mod.pak,UI/UNI_ARTS/UNI_ART_05_COST.(WindowTextView).xdb,added,,1267,2107-12-31-23-59-56
Universe_mod.pak,UI/UNI_ARTS/UNI_ART_05_DESCRIPTION.(WindowTextView).xdb,added,,1286,2107-12-31-23-59-56
Universe_mod.pak,UI/UNI_ARTS/UNI_ART_05_NAME.(WindowTextView).xdb,added,,1538,2107-12-31-23-59-56
Universe_mod.pak,UI/UNI_ARTS/UNI_ART_06.(BackgroundSimpleScallingTexture).xdb,added,,320,2107-12-31-23-59-56
Universe_mod.pak,UI/UNI_ARTS/UNI_ART_06.(WindowMSButton).xdb,added,,2096,2107-12-31-23-59-56
Universe_mod.pak,UI/UNI_ARTS/UNI_ART_06.(WindowMSButtonShared).xdb,added,,2427,2107-12-31-23-59-56
Universe_mod.pak,UI/UNI_ARTS/UNI_ART_06.(WindowSimple).xdb,added,,1118,2107-12-31-23-59-56
Universe_mod.pak,UI/UNI_ARTS/UNI_ART_06.(WindowSimpleShared).xdb,added,,1520,2107-12-31-23-59-56
Universe_mod.pak,UI/UNI_ARTS/UNI_ART_06_COST.(WindowTextView).xdb,added,,1267,2107-12-31-23-59-56
Universe_mod.pak,UI/UNI_ARTS/UNI_ART_06_DESCRIPTION.(WindowTextView).xdb,added,,1286,2107-12-31-23-59-56
Universe_mod.pak,UI/UNI_ARTS/UNI_ART_06_NAME.(WindowTextView).xdb,added,,1528,2107-12-31-23-59-56
Universe_mod.pak,UI/UNI_ARTS/UNI_ART_07.(BackgroundSimpleScallingTexture).xdb,added,,329,2107-12-31-23-59-56
Universe_mod.pak,UI/UNI_ARTS/UNI_ART_07.(WindowMSButton).xdb,added,,2105,2107-12-31-23-59-56
Universe_mod.pak,UI/UNI_ARTS/UNI_ART_07.(WindowMSButtonShared).xdb,added,,2427,2107-12-31-23-59-56
Universe_mod.pak,UI/UNI_ARTS/UNI_ART_07.(WindowSimple).xdb,added,,1116,2107-12-31-23-59-56
Universe_mod.pak,UI/UNI_ARTS/UNI_ART_07.(WindowSimpleShared).xdb,added,,1520,2107-12-31-23-59-56
Universe_mod.pak,UI/UNI_ARTS/UNI_ART_07_COST.(WindowTextView).xdb,added,,1267,2107-12-31-23-59-56
Universe_mod.pak,UI/UNI_ARTS/UNI_ART_07_DESCRIPTION.(WindowTextView).xdb,added,,1286,2107-12-31-23-59-56
Universe_mod.pak,UI/UNI_ARTS/UNI_ART_07_NAME.(WindowTextView).xdb,added,,1537,2107-12-31-23-59-56
Universe_mod.pak,UI/UNI_ARTS/UNI_ART_08.(BackgroundSimpleScallingTexture).xdb,added,,323,2107-12-31-23-59-56
Universe_mod.pak,UI/UNI_ARTS/UNI_ART_08.(WindowMSButton).xdb,added,,2098,2107-12-31-23-59-56
Universe_mod.pak,UI/UNI_ARTS/UNI_ART_08.(WindowMSButtonShared).xdb,added,,2427,2107-12-31-23-59-56
Universe_mod.pak,UI/UNI_ARTS/UNI_ART_08.(WindowSimple).xdb,added,,1118,2107-12-31-23-59-56
Universe_mod.pak,UI/UNI_ARTS/UNI_ART_08.(WindowSimpleShared).xdb,added,,1520,2107-12-31-23-59-56
Universe_mod.pak,UI/UNI_ARTS/UNI_ART_08_COST.(WindowTextView).xdb,added,,1267,2107-12-31-23-59-56
Universe_mod.pak,UI/UNI_ARTS/UNI_ART_08_DESCRIPTION.(WindowTextView).xdb,added,,1286,2107-12-31-23-59-56
Universe_mod.pak,UI/UNI_ARTS/UNI_ART_08_NAME.(WindowTextView).xdb,added,,1530,2107-12-31-23-59-56
Universe_mod.pak,UI/UNI_ARTS/UNI_ART_09.(BackgroundSimpleScallingTexture).xdb,added,,334,2107-12-31-23-59-56
Universe_mod.pak,UI/UNI_ARTS/UNI_ART_09.(WindowMSButton).xdb,added,,2096,2107-12-31-23-59-56
Universe_mod.pak,UI/UNI_ARTS/UNI_ART_09.(WindowMSButtonShared).xdb,added,,2427,2107-12-31-23-59-56
Universe_mod.pak,UI/UNI_ARTS/UNI_ART_09.(WindowSimple).xdb,added,,1116,2107-12-31-23-59-56
Universe_mod.pak,UI/UNI_ARTS/UNI_ART_09.(WindowSimpleShared).xdb,added,,1520,2107-12-31-23-59-56
Universe_mod.pak,UI/UNI_ARTS/UNI_ART_09_COST.(WindowTextView).xdb,added,,1267,2107-12-31-23-59-56
Universe_mod.pak,UI/UNI_ARTS/UNI_ART_09_DESCRIPTION.(WindowTextView).xdb,added,,1286,2107-12-31-23-59-56
Universe_mod.pak,UI/UNI_ARTS/UNI_ART_09_NAME.(WindowTextView).xdb,added,,1528,2107-12-31-23-59-56
Universe_mod.pak,UI/UNI_ARTS/UNI_ART_10.(BackgroundSimpleScallingTexture).xdb,added,,313,2107-12-31-23-59-56
Universe_mod.pak,UI/UNI_ARTS/UNI_ART_10.(WindowMSButton).xdb,added,,2089,2107-12-31-23-59-56
Universe_mod.pak,UI/UNI_ARTS/UNI_ART_10.(WindowMSButtonShared).xdb,added,,2427,2107-12-31-23-59-56
Universe_mod.pak,UI/UNI_ARTS/UNI_ART_10.(WindowSimple).xdb,added,,1118,2107-12-31-23-59-56
Universe_mod.pak,UI/UNI_ARTS/UNI_ART_10.(WindowSimpleShared).xdb,added,,1520,2107-12-31-23-59-56
Universe_mod.pak,UI/UNI_ARTS/UNI_ART_10_COST.(WindowTextView).xdb,added,,1267,2107-12-31-23-59-56
Universe_mod.pak,UI/UNI_ARTS/UNI_ART_10_DESCRIPTION.(WindowTextView).xdb,added,,1286,2107-12-31-23-59-56
Universe_mod.pak,UI/UNI_ARTS/UNI_ART_10_NAME.(WindowTextView).xdb,added,,1521,2107-12-31-23-59-56
Universe_mod.pak,UI/UNI_ARTS/UNI_ART_11.(BackgroundSimpleScallingTexture).xdb,added,,316,2107-12-31-23-59-56
Universe_mod.pak,UI/UNI_ARTS/UNI_ART_11.(WindowMSButton).xdb,added,,2096,2107-12-31-23-59-56
Universe_mod.pak,UI/UNI_ARTS/UNI_ART_11.(WindowMSButtonShared).xdb,added,,2427,2107-12-31-23-59-56
Universe_mod.pak,UI/UNI_ARTS/UNI_ART_11.(WindowSimple).xdb,added,,1116,2107-12-31-23-59-56
Universe_mod.pak,UI/UNI_ARTS/UNI_ART_11.(WindowSimpleShared).xdb,added,,1520,2107-12-31-23-59-56
Universe_mod.pak,UI/UNI_ARTS/UNI_ART_11_COST.(WindowTextView).xdb,added,,1267,2107-12-31-23-59-56
Universe_mod.pak,UI/UNI_ARTS/UNI_ART_11_DESCRIPTION.(WindowTextView).xdb,added,,1286,2107-12-31-23-59-56
Universe_mod.pak,UI/UNI_ARTS/UNI_ART_11_NAME.(WindowTextView).xdb,added,,1524,2107-12-31-23-59-56
Universe_mod.pak,UI/UNI_ARTS/UNI_ART_12.(BackgroundSimpleScallingTexture).xdb,added,,319,2107-12-31-23-59-56
Universe_mod.pak,UI/UNI_ARTS/UNI_ART_12.(WindowMSButton).xdb,added,,2095,2107-12-31-23-59-56
Universe_mod.pak,UI/UNI_ARTS/UNI_ART_12.(WindowMSButtonShared).xdb,added,,2427,2107-12-31-23-59-56
Universe_mod.pak,UI/UNI_ARTS/UNI_ART_12.(WindowSimple).xdb,added,,1118,2107-12-31-23-59-56
Universe_mod.pak,UI/UNI_ARTS/UNI_ART_12.(WindowSimpleShared).xdb,added,,1520,2107-12-31-23-59-56
Universe_mod.pak,UI/UNI_ARTS/UNI_ART_12_COST.(WindowTextView).xdb,added,,1267,2107-12-31-23-59-56
Universe_mod.pak,UI/UNI_ARTS/UNI_ART_12_DESCRIPTION.(WindowTextView).xdb,added,,1286,2107-12-31-23-59-56
Universe_mod.pak,UI/UNI_ARTS/UNI_ART_12_NAME.(WindowTextView).xdb,added,,1527,2107-12-31-23-59-56
Universe_mod.pak,UI/UNI_ARTS/UNI_ART_13.(BackgroundSimpleScallingTexture).xdb,added,,317,2107-12-31-23-59-56
Universe_mod.pak,UI/UNI_ARTS/UNI_ART_13.(WindowMSButton).xdb,added,,2093,2107-12-31-23-59-56
Universe_mod.pak,UI/UNI_ARTS/UNI_ART_13.(WindowMSButtonShared).xdb,added,,2427,2107-12-31-23-59-56
Universe_mod.pak,UI/UNI_ARTS/UNI_ART_13.(WindowSimple).xdb,added,,1116,2107-12-31-23-59-56
Universe_mod.pak,UI/UNI_ARTS/UNI_ART_13.(WindowSimpleShared).xdb,added,,1520,2107-12-31-23-59-56
Universe_mod.pak,UI/UNI_ARTS/UNI_ART_13_COST.(WindowTextView).xdb,added,,1267,2107-12-31-23-59-56
Universe_mod.pak,UI/UNI_ARTS/UNI_ART_13_DESCRIPTION.(WindowTextView).xdb,added,,1286,2107-12-31-23-59-56
Universe_mod.pak,UI/UNI_ARTS/UNI_ART_13_NAME.(WindowTextView).xdb,added,,1525,2107-12-31-23-59-56
Universe_mod.pak,UI/UNI_ARTS/UNI_ART_14.(BackgroundSimpleScallingTexture).xdb,added,,313,2107-12-31-23-59-56
Universe_mod.pak,UI/UNI_ARTS/UNI_ART_14.(WindowMSButton).xdb,added,,2089,2107-12-31-23-59-56
Universe_mod.pak,UI/UNI_ARTS/UNI_ART_14.(WindowMSButtonShared).xdb,added,,2427,2107-12-31-23-59-56
Universe_mod.pak,UI/UNI_ARTS/UNI_ART_14.(WindowSimple).xdb,added,,1118,2107-12-31-23-59-56
Universe_mod.pak,UI/UNI_ARTS/UNI_ART_14.(WindowSimpleShared).xdb,added,,1520,2107-12-31-23-59-56
Universe_mod.pak,UI/UNI_ARTS/UNI_ART_14_COST.(WindowTextView).xdb,added,,1267,2107-12-31-23-59-56
Universe_mod.pak,UI/UNI_ARTS/UNI_ART_14_DESCRIPTION.(WindowTextView).xdb,added,,1286,2107-12-31-23-59-56
Universe_mod.pak,UI/UNI_ARTS/UNI_ART_14_NAME.(WindowTextView).xdb,added,,1521,2107-12-31-23-59-56
Universe_mod.pak,UI/UNI_ARTS/UNI_ART_15.(BackgroundSimpleScallingTexture).xdb,added,,320,2107-12-31-23-59-56
Universe_mod.pak,UI/UNI_ARTS/UNI_ART_15.(WindowMSButton).xdb,added,,2096,2107-12-31-23-59-56
Universe_mod.pak,UI/UNI_ARTS/UNI_ART_15.(WindowMSButtonShared).xdb,added,,2427,2107-12-31-23-59-56
Universe_mod.pak,UI/UNI_ARTS/UNI_ART_15.(WindowSimple).xdb,added,,1115,2107-12-31-23-59-56
Universe_mod.pak,UI/UNI_ARTS/UNI_ART_15.(WindowSimpleShared).xdb,added,,1520,2107-12-31-23-59-56
Universe_mod.pak,UI/UNI_ARTS/UNI_ART_15_COST.(WindowTextView).xdb,added,,1267,2107-12-31-23-59-56
Universe_mod.pak,UI/UNI_ARTS/UNI_ART_15_DESCRIPTION.(WindowTextView).xdb,added,,1286,2107-12-31-23-59-56
Universe_mod.pak,UI/UNI_ARTS/UNI_ART_15_NAME.(WindowTextView).xdb,added,,1528,2107-12-31-23-59-56
Universe_mod.pak,UI/UNI_ARTS/UNI_ART_16.(BackgroundSimpleScallingTexture).xdb,added,,315,2107-12-31-23-59-56
Universe_mod.pak,UI/UNI_ARTS/UNI_ART_16.(WindowMSButton).xdb,added,,2091,2107-12-31-23-59-56
Universe_mod.pak,UI/UNI_ARTS/UNI_ART_16.(WindowMSButtonShared).xdb,added,,2427,2107-12-31-23-59-56
Universe_mod.pak,UI/UNI_ARTS/UNI_ART_16.(WindowSimple).xdb,added,,1062,2107-12-31-23-59-56
Universe_mod.pak,UI/UNI_ARTS/UNI_ART_16.(WindowSimpleShared).xdb,added,,1520,2107-12-31-23-59-56
Universe_mod.pak,UI/UNI_ARTS/UNI_ART_16_COST.(WindowTextView).xdb,added,,1267,2107-12-31-23-59-56
Universe_mod.pak,UI/UNI_ARTS/UNI_ART_16_DESCRIPTION.(WindowTextView).xdb,added,,1286,2107-12-31-23-59-56
Universe_mod.pak,UI/UNI_ARTS/UNI_ART_16_NAME.(WindowTextView).xdb,added,,1523,2107-12-31-23-59-56
Universe_mod.pak,UI/UNI_ARTS/UNI_ART_17.(BackgroundSimpleScallingTexture).xdb,added,,314,2107-12-31-23-59-56
Universe_mod.pak,UI/UNI_ARTS/UNI_ART_17.(WindowMSButton).xdb,added,,2090,2107-12-31-23-59-56
Universe_mod.pak,UI/UNI_ARTS/UNI_ART_17.(WindowMSButtonShared).xdb,added,,2427,2107-12-31-23-59-56
Universe_mod.pak,UI/UNI_ARTS/UNI_ART_17.(WindowSimple).xdb,added,,1061,2107-12-31-23-59-56
Universe_mod.pak,UI/UNI_ARTS/UNI_ART_17.(WindowSimpleShared).xdb,added,,1520,2107-12-31-23-59-56
Universe_mod.pak,UI/UNI_ARTS/UNI_ART_17_COST.(WindowTextView).xdb,added,,1267,2107-12-31-23-59-56
Universe_mod.pak,UI/UNI_ARTS/UNI_ART_17_DESCRIPTION.(WindowTextView).xdb,added,,1286,2107-12-31-23-59-56
Universe_mod.pak,UI/UNI_ARTS/UNI_ART_17_NAME.(WindowTextView).xdb,added,,1522,2107-12-31-23-59-56
Universe_mod.pak,UI/UNI_ARTS/UNI_ART_18.(BackgroundSimpleScallingTexture).xdb,added,,323,2107-12-31-23-59-56
Universe_mod.pak,UI/UNI_ARTS/UNI_ART_18.(WindowMSButton).xdb,added,,2090,2107-12-31-23-59-56
Universe_mod.pak,UI/UNI_ARTS/UNI_ART_18.(WindowMSButtonShared).xdb,added,,2427,2107-12-31-23-59-56
Universe_mod.pak,UI/UNI_ARTS/UNI_ART_18.(WindowSimple).xdb,added,,1118,2107-12-31-23-59-56
Universe_mod.pak,UI/UNI_ARTS/UNI_ART_18.(WindowSimpleShared).xdb,added,,1520,2107-12-31-23-59-56
Universe_mod.pak,UI/UNI_ARTS/UNI_ART_18_COST.(WindowTextView).xdb,added,,1267,2107-12-31-23-59-56
Universe_mod.pak,UI/UNI_ARTS/UNI_ART_18_DESCRIPTION.(WindowTextView).xdb,added,,1286,2107-12-31-23-59-56
Universe_mod.pak,UI/UNI_ARTS/UNI_ART_18_NAME.(WindowTextView).xdb,added,,1522,2107-12-31-23-59-56
Universe_mod.pak,UI/UNI_ARTS/UNI_ART_19.(BackgroundSimpleScallingTexture).xdb,added,,334,2107-12-31-23-59-56
Universe_mod.pak,UI/UNI_ARTS/UNI_ART_19.(WindowMSButton).xdb,added,,2096,2107-12-31-23-59-56
Universe_mod.pak,UI/UNI_ARTS/UNI_ART_19.(WindowMSButtonShared).xdb,added,,2427,2107-12-31-23-59-56
Universe_mod.pak,UI/UNI_ARTS/UNI_ART_19.(WindowSimple).xdb,added,,1061,2107-12-31-23-59-56
Universe_mod.pak,UI/UNI_ARTS/UNI_ART_19.(WindowSimpleShared).xdb,added,,1520,2107-12-31-23-59-56
Universe_mod.pak,UI/UNI_ARTS/UNI_ART_19_COST.(WindowTextView).xdb,added,,1267,2107-12-31-23-59-56
Universe_mod.pak,UI/UNI_ARTS/UNI_ART_19_DESCRIPTION.(WindowTextView).xdb,added,,1286,2107-12-31-23-59-56
Universe_mod.pak,UI/UNI_ARTS/UNI_ART_19_NAME.(WindowTextView).xdb,added,,1528,2107-12-31-23-59-56
Universe_mod.pak,UI/UNI_ARTS/UNI_ART_20.(BackgroundSimpleScallingTexture).xdb,added,,327,2107-12-31-23-59-56
Universe_mod.pak,UI/UNI_ARTS/UNI_ART_20.(WindowMSButton).xdb,added,,2091,2107-12-31-23-59-56
Universe_mod.pak,UI/UNI_ARTS/UNI_ART_20.(WindowMSButtonShared).xdb,added,,2427,2107-12-31-23-59-56
Universe_mod.pak,UI/UNI_ARTS/UNI_ART_20.(WindowSimple).xdb,added,,1116,2107-12-31-23-59-56
Universe_mod.pak,UI/UNI_ARTS/UNI_ART_20.(WindowSimpleShared).xdb,added,,1520,2107-12-31-23-59-56
Universe_mod.pak,UI/UNI_ARTS/UNI_ART_20_COST.(WindowTextView).xdb,added,,1267,2107-12-31-23-59-56
Universe_mod.pak,UI/UNI_ARTS/UNI_ART_20_DESCRIPTION.(WindowTextView).xdb,added,,1286,2107-12-31-23-59-56
Universe_mod.pak,UI/UNI_ARTS/UNI_ART_20_NAME.(WindowTextView).xdb,added,,1523,2107-12-31-23-59-56
Universe_mod.pak,UI/UNI_ARTS/UNI_ART_21.(BackgroundSimpleScallingTexture).xdb,added,,326,2107-12-31-23-59-56
Universe_mod.pak,UI/UNI_ARTS/UNI_ART_21.(WindowMSButton).xdb,added,,2090,2107-12-31-23-59-56
Universe_mod.pak,UI/UNI_ARTS/UNI_ART_21.(WindowMSButtonShared).xdb,added,,2427,2107-12-31-23-59-56
Universe_mod.pak,UI/UNI_ARTS/UNI_ART_21.(WindowSimple).xdb,added,,1063,2107-12-31-23-59-56
Universe_mod.pak,UI/UNI_ARTS/UNI_ART_21.(WindowSimpleShared).xdb,added,,1520,2107-12-31-23-59-56
Universe_mod.pak,UI/UNI_ARTS/UNI_ART_21_COST.(WindowTextView).xdb,added,,1267,2107-12-31-23-59-56
Universe_mod.pak,UI/UNI_ARTS/UNI_ART_21_DESCRIPTION.(WindowTextView).xdb,added,,1286,2107-12-31-23-59-56
Universe_mod.pak,UI/UNI_ARTS/UNI_ART_21_NAME.(WindowTextView).xdb,added,,1522,2107-12-31-23-59-56
Universe_mod.pak,UI/UNI_ARTS/UNI_ART_22.(BackgroundSimpleScallingTexture).xdb,added,,323,2107-12-31-23-59-56
Universe_mod.pak,UI/UNI_ARTS/UNI_ART_22.(WindowMSButton).xdb,added,,2087,2107-12-31-23-59-56
Universe_mod.pak,UI/UNI_ARTS/UNI_ART_22.(WindowMSButtonShared).xdb,added,,2427,2107-12-31-23-59-56
Universe_mod.pak,UI/UNI_ARTS/UNI_ART_22.(WindowSimple).xdb,added,,1061,2107-12-31-23-59-56
Universe_mod.pak,UI/UNI_ARTS/UNI_ART_22.(WindowSimpleShared).xdb,added,,1520,2107-12-31-23-59-56
Universe_mod.pak,UI/UNI_ARTS/UNI_ART_22_COST.(WindowTextView).xdb,added,,1267,2107-12-31-23-59-56
Universe_mod.pak,UI/UNI_ARTS/UNI_ART_22_DESCRIPTION.(WindowTextView).xdb,added,,1286,2107-12-31-23-59-56
Universe_mod.pak,UI/UNI_ARTS/UNI_ART_22_NAME.(WindowTextView).xdb,added,,1519,2107-12-31-23-59-56
Universe_mod.pak,UI/UNI_ARTS/UNI_ART_23.(BackgroundSimpleScallingTexture).xdb,added,,311,2107-12-31-23-59-56
Universe_mod.pak,UI/UNI_ARTS/UNI_ART_23.(WindowMSButton).xdb,added,,1885,2107-12-31-23-59-56
Universe_mod.pak,UI/UNI_ARTS/UNI_ART_23.(WindowMSButtonShared).xdb,added,,2538,2107-12-31-23-59-56
Universe_mod.pak,UI/UNI_ARTS/UNI_ART_23.(WindowSimple).xdb,added,,1118,2107-12-31-23-59-56
Universe_mod.pak,UI/UNI_ARTS/UNI_ART_23.(WindowSimpleShared).xdb,added,,1579,2107-12-31-23-59-56
Universe_mod.pak,UI/UNI_ARTS/UNI_ART_23_COST.(WindowTextView).xdb,added,,1267,2107-12-31-23-59-56
Universe_mod.pak,UI/UNI_ARTS/UNI_ART_23_DESCRIPTION.(WindowTextView).xdb,added,,1286,2107-12-31-23-59-56
Universe_mod.pak,UI/UNI_ARTS/UNI_ART_23_NAME.(WindowTextView).xdb,added,,1524,2107-12-31-23-59-56
Universe_mod.pak,UI/UNI_ARTS/UNI_ART_24.(BackgroundSimpleScallingTexture).xdb,added,,315,2107-12-31-23-59-56
Universe_mod.pak,UI/UNI_ARTS/UNI_ART_24.(WindowMSButton).xdb,added,,1889,2107-12-31-23-59-56
Universe_mod.pak,UI/UNI_ARTS/UNI_ART_24.(WindowMSButtonShared).xdb,added,,2538,2107-12-31-23-59-56
Universe_mod.pak,UI/UNI_ARTS/UNI_ART_24.(WindowSimple).xdb,added,,1118,2107-12-31-23-59-56
Universe_mod.pak,UI/UNI_ARTS/UNI_ART_24.(WindowSimpleShared).xdb,added,,1579,2107-12-31-23-59-56
Universe_mod.pak,UI/UNI_ARTS/UNI_ART_24_COST.(WindowTextView).xdb,added,,1267,2107-12-31-23-59-56
Universe_mod.pak,UI/UNI_ARTS/UNI_ART_24_DESCRIPTION.(WindowTextView).xdb,added,,1286,2107-12-31-23-59-56
Universe_mod.pak,UI/UNI_ARTS/UNI_ART_24_NAME.(WindowTextView).xdb,added,,1528,2107-12-31-23-59-56
Universe_mod.pak,UI/UNI_ARTS/UNI_ART_25.(BackgroundSimpleScallingTexture).xdb,added,,322,2107-12-31-23-59-56
Universe_mod.pak,UI/UNI_ARTS/UNI_ART_25.(WindowMSButton).xdb,added,,1893,2107-12-31-23-59-56
Universe_mod.pak,UI/UNI_ARTS/UNI_ART_25.(WindowMSButtonShared).xdb,added,,2472,2107-12-31-23-59-56
Universe_mod.pak,UI/UNI_ARTS/UNI_ART_25.(WindowSimple).xdb,added,,1118,2107-12-31-23-59-56
Universe_mod.pak,UI/UNI_ARTS/UNI_ART_25.(WindowSimpleShared).xdb,added,,1579,2107-12-31-23-59-56
Universe_mod.pak,UI/UNI_ARTS/UNI_ART_25_COST.(WindowTextView).xdb,added,,1267,2107-12-31-23-59-56
Universe_mod.pak,UI/UNI_ARTS/UNI_ART_25_DESCRIPTION.(WindowTextView).xdb,added,,1286,2107-12-31-23-59-56
Universe_mod.pak,UI/UNI_ARTS/UNI_ART_25_NAME.(WindowTextView).xdb,added,,1532,2107-12-31-23-59-56
Universe_mod.pak,UI/UNI_ARTS/UNI_ART_26.(BackgroundSimpleScallingTexture).xdb,added,,327,2107-12-31-23-59-56
Universe_mod.pak,UI/UNI_ARTS/UNI_ART_26.(WindowMSButton).xdb,added,,2103,2107-12-31-23-59-56
Universe_mod.pak,UI/UNI_ARTS/UNI_ART_26.(WindowMSButtonShared).xdb,added,,2427,2107-12-31-23-59-56
Universe_mod.pak,UI/UNI_ARTS/UNI_ART_26.(WindowSimple).xdb,added,,1115,2107-12-31-23-59-56
Universe_mod.pak,UI/UNI_ARTS/UNI_ART_26.(WindowSimpleShared).xdb,added,,1579,2107-12-31-23-59-56
Universe_mod.pak,UI/UNI_ARTS/UNI_ART_26_COST.(WindowTextView).xdb,added,,1267,2107-12-31-23-59-56
Universe_mod.pak,UI/UNI_ARTS/UNI_ART_26_DESCRIPTION.(WindowTextView).xdb,added,,1286,2107-12-31-23-59-56
Universe_mod.pak,UI/UNI_ARTS/UNI_ART_26_NAME.(WindowTextView).xdb,added,,1401,2107-12-31-23-59-56
Universe_mod.pak,UI/UNI_ARTS/UNI_ART_27.(BackgroundSimpleScallingTexture).xdb,added,,317,2107-12-31-23-59-56
Universe_mod.pak,UI/UNI_ARTS/UNI_ART_27.(WindowMSButton).xdb,added,,2091,2107-12-31-23-59-56
Universe_mod.pak,UI/UNI_ARTS/UNI_ART_27.(WindowMSButtonShared).xdb,added,,2427,2107-12-31-23-59-56
Universe_mod.pak,UI/UNI_ARTS/UNI_ART_27.(WindowSimple).xdb,added,,1062,2107-12-31-23-59-56
Universe_mod.pak,UI/UNI_ARTS/UNI_ART_27.(WindowSimpleShared).xdb,added,,1520,2107-12-31-23-59-56
Universe_mod.pak,UI/UNI_ARTS/UNI_ART_27_COST.(WindowTextView).xdb,added,,1267,2107-12-31-23-59-56
Universe_mod.pak,UI/UNI_ARTS/UNI_ART_27_DESCRIPTION.(WindowTextView).xdb,added,,1286,2107-12-31-23-59-56
Universe_mod.pak,UI/UNI_ARTS/UNI_ART_27_NAME.(WindowTextView).xdb,added,,1523,2107-12-31-23-59-56
Universe_mod.pak,UI/UNI_ARTS/UNI_ART_28.(BackgroundSimpleScallingTexture).xdb,added,,314,2107-12-31-23-59-56
Universe_mod.pak,UI/UNI_ARTS/UNI_ART_28.(WindowMSButton).xdb,added,,2091,2107-12-31-23-59-56
Universe_mod.pak,UI/UNI_ARTS/UNI_ART_28.(WindowMSButtonShared).xdb,added,,2427,2107-12-31-23-59-56
Universe_mod.pak,UI/UNI_ARTS/UNI_ART_28.(WindowSimple).xdb,added,,1061,2107-12-31-23-59-56
Universe_mod.pak,UI/UNI_ARTS/UNI_ART_28.(WindowSimpleShared).xdb,added,,1520,2107-12-31-23-59-56
Universe_mod.pak,UI/UNI_ARTS/UNI_ART_28_COST.(WindowTextView).xdb,added,,1267,2107-12-31-23-59-56
Universe_mod.pak,UI/UNI_ARTS/UNI_ART_28_DESCRIPTION.(WindowTextView).xdb,added,,1286,2107-12-31-23-59-56
Universe_mod.pak,UI/UNI_ARTS/UNI_ART_28_NAME.(WindowTextView).xdb,added,,1523,2107-12-31-23-59-56
Universe_mod.pak,UI/UNI_ARTS/UNI_ART_29.(BackgroundSimpleScallingTexture).xdb,added,,329,2107-12-31-23-59-56
Universe_mod.pak,UI/UNI_ARTS/UNI_ART_29.(WindowMSButton).xdb,added,,2095,2107-12-31-23-59-56
Universe_mod.pak,UI/UNI_ARTS/UNI_ART_29.(WindowMSButtonShared).xdb,added,,2427,2107-12-31-23-59-56
Universe_mod.pak,UI/UNI_ARTS/UNI_ART_29.(WindowSimple).xdb,added,,1063,2107-12-31-23-59-56
Universe_mod.pak,UI/UNI_ARTS/UNI_ART_29.(WindowSimpleShared).xdb,added,,1520,2107-12-31-23-59-56
Universe_mod.pak,UI/UNI_ARTS/UNI_ART_29_COST.(WindowTextView).xdb,added,,1267,2107-12-31-23-59-56
Universe_mod.pak,UI/UNI_ARTS/UNI_ART_29_DESCRIPTION.(WindowTextView).xdb,added,,1286,2107-12-31-23-59-56
Universe_mod.pak,UI/UNI_ARTS/UNI_ART_29_NAME.(WindowTextView).xdb,added,,1527,2107-12-31-23-59-56
Universe_mod.pak,UI/UNI_ARTS/UNI_ART_30.(BackgroundSimpleScallingTexture).xdb,added,,323,2107-12-31-23-59-56
Universe_mod.pak,UI/UNI_ARTS/UNI_ART_30.(WindowMSButton).xdb,added,,2099,2107-12-31-23-59-56
Universe_mod.pak,UI/UNI_ARTS/UNI_ART_30.(WindowMSButtonShared).xdb,added,,2427,2107-12-31-23-59-56
Universe_mod.pak,UI/UNI_ARTS/UNI_ART_30.(WindowSimple).xdb,added,,1061,2107-12-31-23-59-56
Universe_mod.pak,UI/UNI_ARTS/UNI_ART_30.(WindowSimpleShared).xdb,added,,1520,2107-12-31-23-59-56
Universe_mod.pak,UI/UNI_ARTS/UNI_ART_30_COST.(WindowTextView).xdb,added,,1267,2107-12-31-23-59-56
Universe_mod.pak,UI/UNI_ARTS/UNI_ART_30_DESCRIPTION.(WindowTextView).xdb,added,,1286,2107-12-31-23-59-56
Universe_mod.pak,UI/UNI_ARTS/UNI_ART_30_NAME.(WindowTextView).xdb,added,,1531,2107-12-31-23-59-56
Universe_mod.pak,UI/UNI_ARTS/UNI_ART_31.(BackgroundSimpleScallingTexture).xdb,added,,316,2107-12-31-23-59-56
Universe_mod.pak,UI/UNI_ARTS/UNI_ART_31.(WindowMSButton).xdb,added,,2092,2107-12-31-23-59-56
Universe_mod.pak,UI/UNI_ARTS/UNI_ART_31.(WindowMSButtonShared).xdb,added,,2427,2107-12-31-23-59-56
Universe_mod.pak,UI/UNI_ARTS/UNI_ART_31.(WindowSimple).xdb,added,,1063,2107-12-31-23-59-56
Universe_mod.pak,UI/UNI_ARTS/UNI_ART_31.(WindowSimpleShared).xdb,added,,1520,2107-12-31-23-59-56
Universe_mod.pak,UI/UNI_ARTS/UNI_ART_31_COST.(WindowTextView).xdb,added,,1267,2107-12-31-23-59-56
Universe_mod.pak,UI/UNI_ARTS/UNI_ART_31_DESCRIPTION.(WindowTextView).xdb,added,,1286,2107-12-31-23-59-56
Universe_mod.pak,UI/UNI_ARTS/UNI_ART_31_NAME.(WindowTextView).xdb,added,,1524,2107-12-31-23-59-56
Universe_mod.pak,UI/UNI_ARTS/UNI_ART_32.(BackgroundSimpleScallingTexture).xdb,added,,317,2107-12-31-23-59-56
Universe_mod.pak,UI/UNI_ARTS/UNI_ART_32.(WindowMSButton).xdb,added,,2094,2107-12-31-23-59-56
Universe_mod.pak,UI/UNI_ARTS/UNI_ART_32.(WindowMSButtonShared).xdb,added,,2427,2107-12-31-23-59-56
Universe_mod.pak,UI/UNI_ARTS/UNI_ART_32.(WindowSimple).xdb,added,,1061,2107-12-31-23-59-56
Universe_mod.pak,UI/UNI_ARTS/UNI_ART_32.(WindowSimpleShared).xdb,added,,1520,2107-12-31-23-59-56
Universe_mod.pak,UI/UNI_ARTS/UNI_ART_32_COST.(WindowTextView).xdb,added,,1267,2107-12-31-23-59-56
Universe_mod.pak,UI/UNI_ARTS/UNI_ART_32_DESCRIPTION.(WindowTextView).xdb,added,,1286,2107-12-31-23-59-56
Universe_mod.pak,UI/UNI_ARTS/UNI_ART_32_NAME.(WindowTextView).xdb,added,,1526,2107-12-31-23-59-56
Universe_mod.pak,UI/UNI_ARTS/UNI_ART_33.(BackgroundSimpleScallingTexture).xdb,added,,313,2107-12-31-23-59-56
Universe_mod.pak,UI/UNI_ARTS/UNI_ART_33.(WindowMSButton).xdb,added,,2087,2107-12-31-23-59-56
Universe_mod.pak,UI/UNI_ARTS/UNI_ART_33.(WindowMSButtonShared).xdb,added,,2427,2107-12-31-23-59-56
Universe_mod.pak,UI/UNI_ARTS/UNI_ART_33.(WindowSimple).xdb,added,,1063,2107-12-31-23-59-56
Universe_mod.pak,UI/UNI_ARTS/UNI_ART_33.(WindowSimpleShared).xdb,added,,1520,2107-12-31-23-59-56
Universe_mod.pak,UI/UNI_ARTS/UNI_ART_33_COST.(WindowTextView).xdb,added,,1267,2107-12-31-23-59-56
Universe_mod.pak,UI/UNI_ARTS/UNI_ART_33_DESCRIPTION.(WindowTextView).xdb,added,,1286,2107-12-31-23-59-56
Universe_mod.pak,UI/UNI_ARTS/UNI_ART_33_NAME.(WindowTextView).xdb,added,,1519,2107-12-31-23-59-56
Universe_mod.pak,UI/UNI_ARTS/UNI_ART_34.(BackgroundSimpleScallingTexture).xdb,added,,319,2107-12-31-23-59-56
Universe_mod.pak,UI/UNI_ARTS/UNI_ART_34.(WindowMSButton).xdb,added,,2093,2107-12-31-23-59-56
Universe_mod.pak,UI/UNI_ARTS/UNI_ART_34.(WindowMSButtonShared).xdb,added,,2427,2107-12-31-23-59-56
Universe_mod.pak,UI/UNI_ARTS/UNI_ART_34.(WindowSimple).xdb,added,,1061,2107-12-31-23-59-56
Universe_mod.pak,UI/UNI_ARTS/UNI_ART_34.(WindowSimpleShared).xdb,added,,1520,2107-12-31-23-59-56
Universe_mod.pak,UI/UNI_ARTS/UNI_ART_34_COST.(WindowTextView).xdb,added,,1267,2107-12-31-23-59-56
Universe_mod.pak,UI/UNI_ARTS/UNI_ART_34_DESCRIPTION.(WindowTextView).xdb,added,,1286,2107-12-31-23-59-56
Universe_mod.pak,UI/UNI_ARTS/UNI_ART_34_NAME.(WindowTextView).xdb,added,,1525,2107-12-31-23-59-56
Universe_mod.pak,UI/UNI_ARTS/UNI_ART_35.(BackgroundSimpleScallingTexture).xdb,added,,315,2107-12-31-23-59-56
Universe_mod.pak,UI/UNI_ARTS/UNI_ART_35.(WindowMSButton).xdb,added,,2089,2107-12-31-23-59-56
Universe_mod.pak,UI/UNI_ARTS/UNI_ART_35.(WindowMSButtonShared).xdb,added,,2427,2107-12-31-23-59-56
Universe_mod.pak,UI/UNI_ARTS/UNI_ART_35.(WindowSimple).xdb,added,,1063,2107-12-31-23-59-56
Universe_mod.pak,UI/UNI_ARTS/UNI_ART_35.(WindowSimpleShared).xdb,added,,1520,2107-12-31-23-59-56
Universe_mod.pak,UI/UNI_ARTS/UNI_ART_35_COST.(WindowTextView).xdb,added,,1267,2107-12-31-23-59-56
Universe_mod.pak,UI/UNI_ARTS/UNI_ART_35_DESCRIPTION.(WindowTextView).xdb,added,,1286,2107-12-31-23-59-56
Universe_mod.pak,UI/UNI_ARTS/UNI_ART_35_NAME.(WindowTextView).xdb,added,,1521,2107-12-31-23-59-56
Universe_mod.pak,UI/UNI_ARTS/UNI_ART_36.(BackgroundSimpleScallingTexture).xdb,added,,317,2107-12-31-23-59-56
Universe_mod.pak,UI/UNI_ARTS/UNI_ART_36.(WindowMSButton).xdb,added,,2093,2107-12-31-23-59-56
Universe_mod.pak,UI/UNI_ARTS/UNI_ART_36.(WindowMSButtonShared).xdb,added,,2427,2107-12-31-23-59-56
Universe_mod.pak,UI/UNI_ARTS/UNI_ART_36.(WindowSimple).xdb,added,,1061,2107-12-31-23-59-56
Universe_mod.pak,UI/UNI_ARTS/UNI_ART_36.(WindowSimpleShared).xdb,added,,1520,2107-12-31-23-59-56
Universe_mod.pak,UI/UNI_ARTS/UNI_ART_36_COST.(WindowTextView).xdb,added,,1267,2107-12-31-23-59-56
Universe_mod.pak,UI/UNI_ARTS/UNI_ART_36_DESCRIPTION.(WindowTextView).xdb,added,,1286,2107-12-31-23-59-56
Universe_mod.pak,UI/UNI_ARTS/UNI_ART_36_NAME.(WindowTextView).xdb,added,,1525,2107-12-31-23-59-56
Universe_mod.pak,UI/UNI_ARTS/UNI_ART_37.(BackgroundSimpleScallingTexture).xdb,added,,315,2107-12-31-23-59-56
Universe_mod.pak,UI/UNI_ARTS/UNI_ART_37.(WindowMSButton).xdb,added,,2091,2107-12-31-23-59-56
Universe_mod.pak,UI/UNI_ARTS/UNI_ART_37.(WindowMSButtonShared).xdb,added,,2427,2107-12-31-23-59-56
Universe_mod.pak,UI/UNI_ARTS/UNI_ART_37.(WindowSimple).xdb,added,,1063,2107-12-31-23-59-56
Universe_mod.pak,UI/UNI_ARTS/UNI_ART_37.(WindowSimpleShared).xdb,added,,1520,2107-12-31-23-59-56
Universe_mod.pak,UI/UNI_ARTS/UNI_ART_37_COST.(WindowTextView).xdb,added,,1267,2107-12-31-23-59-56
Universe_mod.pak,UI/UNI_ARTS/UNI_ART_37_DESCRIPTION.(WindowTextView).xdb,added,,1286,2107-12-31-23-59-56
Universe_mod.pak,UI/UNI_ARTS/UNI_ART_37_NAME.(WindowTextView).xdb,added,,1523,2107-12-31-23-59-56
Universe_mod.pak,UI/UNI_ARTS/UNI_ART_38.(BackgroundSimpleScallingTexture).xdb,added,,321,2107-12-31-23-59-56
Universe_mod.pak,UI/UNI_ARTS/UNI_ART_38.(WindowMSButton).xdb,added,,2094,2107-12-31-23-59-56
Universe_mod.pak,UI/UNI_ARTS/UNI_ART_38.(WindowMSButtonShared).xdb,added,,2427,2107-12-31-23-59-56
Universe_mod.pak,UI/UNI_ARTS/UNI_ART_38.(WindowSimple).xdb,added,,1061,2107-12-31-23-59-56
Universe_mod.pak,UI/UNI_ARTS/UNI_ART_38.(WindowSimpleShared).xdb,added,,1520,2107-12-31-23-59-56
Universe_mod.pak,UI/UNI_ARTS/UNI_ART_38_COST.(WindowTextView).xdb,added,,1267,2107-12-31-23-59-56
Universe_mod.pak,UI/UNI_ARTS/UNI_ART_38_DESCRIPTION.(WindowTextView).xdb,added,,1286,2107-12-31-23-59-56
Universe_mod.pak,UI/UNI_ARTS/UNI_ART_38_NAME.(WindowTextView).xdb,added,,1526,2107-12-31-23-59-56
Universe_mod.pak,UI/UNI_ARTS/UNI_ART_39.(BackgroundSimpleScallingTexture).xdb,added,,315,2107-12-31-23-59-56
Universe_mod.pak,UI/UNI_ARTS/UNI_ART_39.(WindowMSButton).xdb,added,,2091,2107-12-31-23-59-56
Universe_mod.pak,UI/UNI_ARTS/UNI_ART_39.(WindowMSButtonShared).xdb,added,,2427,2107-12-31-23-59-56
Universe_mod.pak,UI/UNI_ARTS/UNI_ART_39.(WindowSimple).xdb,added,,1063,2107-12-31-23-59-56
Universe_mod.pak,UI/UNI_ARTS/UNI_ART_39.(WindowSimpleShared).xdb,added,,1520,2107-12-31-23-59-56
Universe_mod.pak,UI/UNI_ARTS/UNI_ART_39_COST.(WindowTextView).xdb,added,,1267,2107-12-31-23-59-56
Universe_mod.pak,UI/UNI_ARTS/UNI_ART_39_DESCRIPTION.(WindowTextView).xdb,added,,1286,2107-12-31-23-59-56
Universe_mod.pak,UI/UNI_ARTS/UNI_ART_39_NAME.(WindowTextView).xdb,added,,1523,2107-12-31-23-59-56
Universe_mod.pak,UI/UNI_ARTS/UNI_ART_40.(BackgroundSimpleScallingTexture).xdb,added,,321,2107-12-31-23-59-56
Universe_mod.pak,UI/UNI_ARTS/UNI_ART_40.(WindowMSButton).xdb,added,,2097,2107-12-31-23-59-56
Universe_mod.pak,UI/UNI_ARTS/UNI_ART_40.(WindowMSButtonShared).xdb,added,,2427,2107-12-31-23-59-56
Universe_mod.pak,UI/UNI_ARTS/UNI_ART_40.(WindowSimple).xdb,added,,1060,2107-12-31-23-59-56
Universe_mod.pak,UI/UNI_ARTS/UNI_ART_40.(WindowSimpleShared).xdb,added,,1520,2107-12-31-23-59-56
Universe_mod.pak,UI/UNI_ARTS/UNI_ART_40_COST.(WindowTextView).xdb,added,,1267,2107-12-31-23-59-56
Universe_mod.pak,UI/UNI_ARTS/UNI_ART_40_DESCRIPTION.(WindowTextView).xdb,added,,1286,2107-12-31-23-59-56
Universe_mod.pak,UI/UNI_ARTS/UNI_ART_40_NAME.(WindowTextView).xdb,added,,1529,2107-12-31-23-59-56
Universe_mod.pak,UI/UNI_ARTS/UNI_ART_41.(BackgroundSimpleScallingTexture).xdb,added,,322,2107-12-31-23-59-56
Universe_mod.pak,UI/UNI_ARTS/UNI_ART_41.(WindowMSButton).xdb,added,,2098,2107-12-31-23-59-56
Universe_mod.pak,UI/UNI_ARTS/UNI_ART_41.(WindowMSButtonShared).xdb,added,,2427,2107-12-31-23-59-56
Universe_mod.pak,UI/UNI_ARTS/UNI_ART_41.(WindowSimple).xdb,added,,1062,2107-12-31-23-59-56
Universe_mod.pak,UI/UNI_ARTS/UNI_ART_41.(WindowSimpleShared).xdb,added,,1520,2107-12-31-23-59-56
Universe_mod.pak,UI/UNI_ARTS/UNI_ART_41_COST.(WindowTextView).xdb,added,,1267,2107-12-31-23-59-56
Universe_mod.pak,UI/UNI_ARTS/UNI_ART_41_DESCRIPTION.(WindowTextView).xdb,added,,1286,2107-12-31-23-59-56
Universe_mod.pak,UI/UNI_ARTS/UNI_ART_41_NAME.(WindowTextView).xdb,added,,1530,2107-12-31-23-59-56
Universe_mod.pak,UI/UNI_ARTS/UNI_ART_42.(BackgroundSimpleScallingTexture).xdb,added,,328,2107-12-31-23-59-56
Universe_mod.pak,UI/UNI_ARTS/UNI_ART_42.(WindowMSButton).xdb,added,,2104,2107-12-31-23-59-56
Universe_mod.pak,UI/UNI_ARTS/UNI_ART_42.(WindowMSButtonShared).xdb,added,,2427,2107-12-31-23-59-56
Universe_mod.pak,UI/UNI_ARTS/UNI_ART_42.(WindowSimple).xdb,added,,1061,2107-12-31-23-59-56
Universe_mod.pak,UI/UNI_ARTS/UNI_ART_42.(WindowSimpleShared).xdb,added,,1520,2107-12-31-23-59-56
Universe_mod.pak,UI/UNI_ARTS/UNI_ART_42_COST.(WindowTextView).xdb,added,,1267,2107-12-31-23-59-56
Universe_mod.pak,UI/UNI_ARTS/UNI_ART_42_DESCRIPTION.(WindowTextView).xdb,added,,1286,2107-12-31-23-59-56
Universe_mod.pak,UI/UNI_ARTS/UNI_ART_42_NAME.(WindowTextView).xdb,added,,1536,2107-12-31-23-59-56
Universe_mod.pak,UI/UNI_ARTS/UNI_ART_43.(BackgroundSimpleScallingTexture).xdb,added,,319,2107-12-31-23-59-56
Universe_mod.pak,UI/UNI_ARTS/UNI_ART_43.(WindowMSButton).xdb,added,,2095,2107-12-31-23-59-56
Universe_mod.pak,UI/UNI_ARTS/UNI_ART_43.(WindowMSButtonShared).xdb,added,,2427,2107-12-31-23-59-56
Universe_mod.pak,UI/UNI_ARTS/UNI_ART_43.(WindowSimple).xdb,added,,1118,2107-12-31-23-59-56
Universe_mod.pak,UI/UNI_ARTS/UNI_ART_43.(WindowSimpleShared).xdb,added,,1520,2107-12-31-23-59-56
Universe_mod.pak,UI/UNI_ARTS/UNI_ART_43_COST.(WindowTextView).xdb,added,,1267,2107-12-31-23-59-56
Universe_mod.pak,UI/UNI_ARTS/UNI_ART_43_DESCRIPTION.(WindowTextView).xdb,added,,1286,2107-12-31-23-59-56
Universe_mod.pak,UI/UNI_ARTS/UNI_ART_43_NAME.(WindowTextView).xdb,added,,1527,2107-12-31-23-59-56
Universe_mod.pak,UI/UNI_ARTS/UNI_ART_44.(BackgroundSimpleScallingTexture).xdb,added,,320,2107-12-31-23-59-56
Universe_mod.pak,UI/UNI_ARTS/UNI_ART_44.(WindowMSButton).xdb,added,,2094,2107-12-31-23-59-56
Universe_mod.pak,UI/UNI_ARTS/UNI_ART_44.(WindowMSButtonShared).xdb,added,,2427,2107-12-31-23-59-56
Universe_mod.pak,UI/UNI_ARTS/UNI_ART_44.(WindowSimple).xdb,added,,1061,2107-12-31-23-59-56
Universe_mod.pak,UI/UNI_ARTS/UNI_ART_44.(WindowSimpleShared).xdb,added,,1520,2107-12-31-23-59-56
Universe_mod.pak,UI/UNI_ARTS/UNI_ART_44_COST.(WindowTextView).xdb,added,,1267,2107-12-31-23-59-56
Universe_mod.pak,UI/UNI_ARTS/UNI_ART_44_DESCRIPTION.(WindowTextView).xdb,added,,1286,2107-12-31-23-59-56
Universe_mod.pak,UI/UNI_ARTS/UNI_ART_44_NAME.(WindowTextView).xdb,added,,1526,2107-12-31-23-59-56
Universe_mod.pak,UI/UNI_ARTS/UNI_ART_45.(BackgroundSimpleScallingTexture).xdb,added,,320,2107-12-31-23-59-56
Universe_mod.pak,UI/UNI_ARTS/UNI_ART_45.(WindowMSButton).xdb,added,,2096,2107-12-31-23-59-56
Universe_mod.pak,UI/UNI_ARTS/UNI_ART_45.(WindowMSButtonShared).xdb,added,,2427,2107-12-31-23-59-56
Universe_mod.pak,UI/UNI_ARTS/UNI_ART_45.(WindowSimple).xdb,added,,1063,2107-12-31-23-59-56
Universe_mod.pak,UI/UNI_ARTS/UNI_ART_45.(WindowSimpleShared).xdb,added,,1520,2107-12-31-23-59-56
Universe_mod.pak,UI/UNI_ARTS/UNI_ART_45_COST.(WindowTextView).xdb,added,,1267,2107-12-31-23-59-56
Universe_mod.pak,UI/UNI_ARTS/UNI_ART_45_DESCRIPTION.(WindowTextView).xdb,added,,1286,2107-12-31-23-59-56
Universe_mod.pak,UI/UNI_ARTS/UNI_ART_45_NAME.(WindowTextView).xdb,added,,1528,2107-12-31-23-59-56
Universe_mod.pak,UI/UNI_ARTS/UNI_ART_46.(BackgroundSimpleScallingTexture).xdb,added,,319,2107-12-31-23-59-56
Universe_mod.pak,UI/UNI_ARTS/UNI_ART_46.(WindowMSButton).xdb,added,,2095,2107-12-31-23-59-56
Universe_mod.pak,UI/UNI_ARTS/UNI_ART_46.(WindowMSButtonShared).xdb,added,,2427,2107-12-31-23-59-56
Universe_mod.pak,UI/UNI_ARTS/UNI_ART_46.(WindowSimple).xdb,added,,1061,2107-12-31-23-59-56
Universe_mod.pak,UI/UNI_ARTS/UNI_ART_46.(WindowSimpleShared).xdb,added,,1520,2107-12-31-23-59-56
Universe_mod.pak,UI/UNI_ARTS/UNI_ART_46_COST.(WindowTextView).xdb,added,,1267,2107-12-31-23-59-56
Universe_mod.pak,UI/UNI_ARTS/UNI_ART_46_DESCRIPTION.(WindowTextView).xdb,added,,1286,2107-12-31-23-59-56
Universe_mod.pak,UI/UNI_ARTS/UNI_ART_46_NAME.(WindowTextView).xdb,added,,1527,2107-12-31-23-59-56
Universe_mod.pak,UI/UNI_ARTS/UNI_ART_47.(BackgroundSimpleScallingTexture).xdb,added,,322,2107-12-31-23-59-56
Universe_mod.pak,UI/UNI_ARTS/UNI_ART_47.(WindowMSButton).xdb,added,,2098,2107-12-31-23-59-56
Universe_mod.pak,UI/UNI_ARTS/UNI_ART_47.(WindowMSButtonShared).xdb,added,,2427,2107-12-31-23-59-56
Universe_mod.pak,UI/UNI_ARTS/UNI_ART_47.(WindowSimple).xdb,added,,1063,2107-12-31-23-59-56
Universe_mod.pak,UI/UNI_ARTS/UNI_ART_47.(WindowSimpleShared).xdb,added,,1520,2107-12-31-23-59-56
Universe_mod.pak,UI/UNI_ARTS/UNI_ART_47_COST.(WindowTextView).xdb,added,,1267,2107-12-31-23-59-56
Universe_mod.pak,UI/UNI_ARTS/UNI_ART_47_DESCRIPTION.(WindowTextView).xdb,added,,1286,2107-12-31-23-59-56
Universe_mod.pak,UI/UNI_ARTS/UNI_ART_47_NAME.(WindowTextView).xdb,added,,1530,2107-12-31-23-59-56
Universe_mod.pak,UI/UNI_ARTS/UNI_ART_48.(BackgroundSimpleScallingTexture).xdb,added,,319,2107-12-31-23-59-56
Universe_mod.pak,UI/UNI_ARTS/UNI_ART_48.(WindowMSButton).xdb,added,,2095,2107-12-31-23-59-56
Universe_mod.pak,UI/UNI_ARTS/UNI_ART_48.(WindowMSButtonShared).xdb,added,,2427,2107-12-31-23-59-56
Universe_mod.pak,UI/UNI_ARTS/UNI_ART_48.(WindowSimple).xdb,added,,1061,2107-12-31-23-59-56
Universe_mod.pak,UI/UNI_ARTS/UNI_ART_48.(WindowSimpleShared).xdb,added,,1520,2107-12-31-23-59-56
Universe_mod.pak,UI/UNI_ARTS/UNI_ART_48_COST.(WindowTextView).xdb,added,,1267,2107-12-31-23-59-56
Universe_mod.pak,UI/UNI_ARTS/UNI_ART_48_DESCRIPTION.(WindowTextView).xdb,added,,1286,2107-12-31-23-59-56
Universe_mod.pak,UI/UNI_ARTS/UNI_ART_48_NAME.(WindowTextView).xdb,added,,1527,2107-12-31-23-59-56
Universe_mod.pak,UI/UNI_ARTS/UNI_ART_49.(BackgroundSimpleScallingTexture).xdb,added,,316,2107-12-31-23-59-56
Universe_mod.pak,UI/UNI_ARTS/UNI_ART_49.(WindowMSButton).xdb,added,,2092,2107-12-31-23-59-56
Universe_mod.pak,UI/UNI_ARTS/UNI_ART_49.(WindowMSButtonShared).xdb,added,,2427,2107-12-31-23-59-56
Universe_mod.pak,UI/UNI_ARTS/UNI_ART_49.(WindowSimple).xdb,added,,1063,2107-12-31-23-59-56
Universe_mod.pak,UI/UNI_ARTS/UNI_ART_49.(WindowSimpleShared).xdb,added,,1520,2107-12-31-23-59-56
Universe_mod.pak,UI/UNI_ARTS/UNI_ART_49_COST.(WindowTextView).xdb,added,,1267,2107-12-31-23-59-56
Universe_mod.pak,UI/UNI_ARTS/UNI_ART_49_DESCRIPTION.(WindowTextView).xdb,added,,1286,2107-12-31-23-59-56
Universe_mod.pak,UI/UNI_ARTS/UNI_ART_49_NAME.(WindowTextView).xdb,added,,1524,2107-12-31-23-59-56
Universe_mod.pak,UI/UNI_ARTS/UNI_ART_50.(BackgroundSimpleScallingTexture).xdb,added,,320,2107-12-31-23-59-56
Universe_mod.pak,UI/UNI_ARTS/UNI_ART_50.(WindowMSButton).xdb,added,,2096,2107-12-31-23-59-56
Universe_mod.pak,UI/UNI_ARTS/UNI_ART_50.(WindowMSButtonShared).xdb,added,,2427,2107-12-31-23-59-56
Universe_mod.pak,UI/UNI_ARTS/UNI_ART_50.(WindowSimple).xdb,added,,1061,2107-12-31-23-59-56
Universe_mod.pak,UI/UNI_ARTS/UNI_ART_50.(WindowSimpleShared).xdb,added,,1520,2107-12-31-23-59-56
Universe_mod.pak,UI/UNI_ARTS/UNI_ART_50_COST.(WindowTextView).xdb,added,,1267,2107-12-31-23-59-56
Universe_mod.pak,UI/UNI_ARTS/UNI_ART_50_DESCRIPTION.(WindowTextView).xdb,added,,1286,2107-12-31-23-59-56
Universe_mod.pak,UI/UNI_ARTS/UNI_ART_50_NAME.(WindowTextView).xdb,added,,1528,2107-12-31-23-59-56
Universe_mod.pak,UI/UNI_ARTS/UNI_ART_51.(BackgroundSimpleScallingTexture).xdb,added,,316,2107-12-31-23-59-56
Universe_mod.pak,UI/UNI_ARTS/UNI_ART_51.(WindowMSButton).xdb,added,,2090,2107-12-31-23-59-56
Universe_mod.pak,UI/UNI_ARTS/UNI_ART_51.(WindowMSButtonShared).xdb,added,,2427,2107-12-31-23-59-56
Universe_mod.pak,UI/UNI_ARTS/UNI_ART_51.(WindowSimple).xdb,added,,1063,2107-12-31-23-59-56
Universe_mod.pak,UI/UNI_ARTS/UNI_ART_51.(WindowSimpleShared).xdb,added,,1520,2107-12-31-23-59-56
Universe_mod.pak,UI/UNI_ARTS/UNI_ART_51_COST.(WindowTextView).xdb,added,,1267,2107-12-31-23-59-56
Universe_mod.pak,UI/UNI_ARTS/UNI_ART_51_DESCRIPTION.(WindowTextView).xdb,added,,1286,2107-12-31-23-59-56
Universe_mod.pak,UI/UNI_ARTS/UNI_ART_51_NAME.(WindowTextView).xdb,added,,1522,2107-12-31-23-59-56
Universe_mod.pak,UI/UNI_ARTS/UNI_ART_52.(BackgroundSimpleScallingTexture).xdb,added,,310,2107-12-31-23-59-56
Universe_mod.pak,UI/UNI_ARTS/UNI_ART_52.(WindowMSButton).xdb,added,,2086,2107-12-31-23-59-56
Universe_mod.pak,UI/UNI_ARTS/UNI_ART_52.(WindowMSButtonShared).xdb,added,,2427,2107-12-31-23-59-56
Universe_mod.pak,UI/UNI_ARTS/UNI_ART_52.(WindowSimple).xdb,added,,1061,2107-12-31-23-59-56
Universe_mod.pak,UI/UNI_ARTS/UNI_ART_52.(WindowSimpleShared).xdb,added,,1520,2107-12-31-23-59-56
Universe_mod.pak,UI/UNI_ARTS/UNI_ART_52_COST.(WindowTextView).xdb,added,,1267,2107-12-31-23-59-56
Universe_mod.pak,UI/UNI_ARTS/UNI_ART_52_DESCRIPTION.(WindowTextView).xdb,added,,1286,2107-12-31-23-59-56
Universe_mod.pak,UI/UNI_ARTS/UNI_ART_52_NAME.(WindowTextView).xdb,added,,1518,2107-12-31-23-59-56
Universe_mod.pak,UI/UNI_ARTS/UNI_ART_53.(BackgroundSimpleScallingTexture).xdb,added,,317,2107-12-31-23-59-56
Universe_mod.pak,UI/UNI_ARTS/UNI_ART_53.(WindowMSButton).xdb,added,,2093,2107-12-31-23-59-56
Universe_mod.pak,UI/UNI_ARTS/UNI_ART_53.(WindowMSButtonShared).xdb,added,,2427,2107-12-31-23-59-56
Universe_mod.pak,UI/UNI_ARTS/UNI_ART_53.(WindowSimple).xdb,added,,1063,2107-12-31-23-59-56
Universe_mod.pak,UI/UNI_ARTS/UNI_ART_53.(WindowSimpleShared).xdb,added,,1520,2107-12-31-23-59-56
Universe_mod.pak,UI/UNI_ARTS/UNI_ART_53_COST.(WindowTextView).xdb,added,,1267,2107-12-31-23-59-56
Universe_mod.pak,UI/UNI_ARTS/UNI_ART_53_DESCRIPTION.(WindowTextView).xdb,added,,1286,2107-12-31-23-59-56
Universe_mod.pak,UI/UNI_ARTS/UNI_ART_53_NAME.(WindowTextView).xdb,added,,1525,2107-12-31-23-59-56
Universe_mod.pak,UI/UNI_ARTS/UNI_ART_54.(BackgroundSimpleScallingTexture).xdb,added,,319,2107-12-31-23-59-56
Universe_mod.pak,UI/UNI_ARTS/UNI_ART_54.(WindowMSButton).xdb,added,,2089,2107-12-31-23-59-56
Universe_mod.pak,UI/UNI_ARTS/UNI_ART_54.(WindowMSButtonShared).xdb,added,,2427,2107-12-31-23-59-56
Universe_mod.pak,UI/UNI_ARTS/UNI_ART_54.(WindowSimple).xdb,added,,1060,2107-12-31-23-59-56
Universe_mod.pak,UI/UNI_ARTS/UNI_ART_54.(WindowSimpleShared).xdb,added,,1520,2107-12-31-23-59-56
Universe_mod.pak,UI/UNI_ARTS/UNI_ART_54_COST.(WindowTextView).xdb,added,,1267,2107-12-31-23-59-56
Universe_mod.pak,UI/UNI_ARTS/UNI_ART_54_DESCRIPTION.(WindowTextView).xdb,added,,1286,2107-12-31-23-59-56
Universe_mod.pak,UI/UNI_ARTS/UNI_ART_54_NAME.(WindowTextView).xdb,added,,1521,2107-12-31-23-59-56
Universe_mod.pak,UI/UNI_ARTS/UNI_ART_55.(BackgroundSimpleScallingTexture).xdb,added,,318,2107-12-31-23-59-56
Universe_mod.pak,UI/UNI_ARTS/UNI_ART_55.(WindowMSButton).xdb,added,,2089,2107-12-31-23-59-56
Universe_mod.pak,UI/UNI_ARTS/UNI_ART_55.(WindowMSButtonShared).xdb,added,,2427,2107-12-31-23-59-56
Universe_mod.pak,UI/UNI_ARTS/UNI_ART_55.(WindowSimple).xdb,added,,1062,2107-12-31-23-59-56
Universe_mod.pak,UI/UNI_ARTS/UNI_ART_55.(WindowSimpleShared).xdb,added,,1520,2107-12-31-23-59-56
Universe_mod.pak,UI/UNI_ARTS/UNI_ART_55_COST.(WindowTextView).xdb,added,,1267,2107-12-31-23-59-56
Universe_mod.pak,UI/UNI_ARTS/UNI_ART_55_DESCRIPTION.(WindowTextView).xdb,added,,1286,2107-12-31-23-59-56
Universe_mod.pak,UI/UNI_ARTS/UNI_ART_55_NAME.(WindowTextView).xdb,added,,1521,2107-12-31-23-59-56
Universe_mod.pak,UI/UNI_ARTS/UNI_ART_56.(BackgroundSimpleScallingTexture).xdb,added,,322,2107-12-31-23-59-56
Universe_mod.pak,UI/UNI_ARTS/UNI_ART_56.(WindowMSButton).xdb,added,,2086,2107-12-31-23-59-56
Universe_mod.pak,UI/UNI_ARTS/UNI_ART_56.(WindowMSButtonShared).xdb,added,,2427,2107-12-31-23-59-56
Universe_mod.pak,UI/UNI_ARTS/UNI_ART_56.(WindowSimple).xdb,added,,1061,2107-12-31-23-59-56
Universe_mod.pak,UI/UNI_ARTS/UNI_ART_56.(WindowSimpleShared).xdb,added,,1520,2107-12-31-23-59-56
Universe_mod.pak,UI/UNI_ARTS/UNI_ART_56_COST.(WindowTextView).xdb,added,,1267,2107-12-31-23-59-56
Universe_mod.pak,UI/UNI_ARTS/UNI_ART_56_DESCRIPTION.(WindowTextView).xdb,added,,1286,2107-12-31-23-59-56
Universe_mod.pak,UI/UNI_ARTS/UNI_ART_56_NAME.(WindowTextView).xdb,added,,1518,2107-12-31-23-59-56
Universe_mod.pak,UI/UNI_ARTS/UNI_ART_57.(BackgroundSimpleScallingTexture).xdb,added,,324,2107-12-31-23-59-56
Universe_mod.pak,UI/UNI_ARTS/UNI_ART_57.(WindowMSButton).xdb,added,,2088,2107-12-31-23-59-56
Universe_mod.pak,UI/UNI_ARTS/UNI_ART_57.(WindowMSButtonShared).xdb,added,,2427,2107-12-31-23-59-56
Universe_mod.pak,UI/UNI_ARTS/UNI_ART_57.(WindowSimple).xdb,added,,1118,2107-12-31-23-59-56
Universe_mod.pak,UI/UNI_ARTS/UNI_ART_57.(WindowSimpleShared).xdb,added,,1520,2107-12-31-23-59-56
Universe_mod.pak,UI/UNI_ARTS/UNI_ART_57_COST.(WindowTextView).xdb,added,,1267,2107-12-31-23-59-56
Universe_mod.pak,UI/UNI_ARTS/UNI_ART_57_DESCRIPTION.(WindowTextView).xdb,added,,1286,2107-12-31-23-59-56
Universe_mod.pak,UI/UNI_ARTS/UNI_ART_57_NAME.(WindowTextView).xdb,added,,1520,2107-12-31-23-59-56
Universe_mod.pak,UI/UNI_ARTS/UNI_ART_58.(BackgroundSimpleScallingTexture).xdb,added,,326,2107-12-31-23-59-56
Universe_mod.pak,UI/UNI_ARTS/UNI_ART_58.(WindowMSButton).xdb,added,,2090,2107-12-31-23-59-56
Universe_mod.pak,UI/UNI_ARTS/UNI_ART_58.(WindowMSButtonShared).xdb,added,,2427,2107-12-31-23-59-56
Universe_mod.pak,UI/UNI_ARTS/UNI_ART_58.(WindowSimple).xdb,added,,1061,2107-12-31-23-59-56
Universe_mod.pak,UI/UNI_ARTS/UNI_ART_58.(WindowSimpleShared).xdb,added,,1520,2107-12-31-23-59-56
Universe_mod.pak,UI/UNI_ARTS/UNI_ART_58_COST.(WindowTextView).xdb,added,,1267,2107-12-31-23-59-56
Universe_mod.pak,UI/UNI_ARTS/UNI_ART_58_DESCRIPTION.(WindowTextView).xdb,added,,1286,2107-12-31-23-59-56
Universe_mod.pak,UI/UNI_ARTS/UNI_ART_58_NAME.(WindowTextView).xdb,added,,1522,2107-12-31-23-59-56
Universe_mod.pak,UI/UNI_ARTS/UNI_ART_59.(BackgroundSimpleScallingTexture).xdb,added,,330,2107-12-31-23-59-56
Universe_mod.pak,UI/UNI_ARTS/UNI_ART_59.(WindowMSButton).xdb,added,,2094,2107-12-31-23-59-56
Universe_mod.pak,UI/UNI_ARTS/UNI_ART_59.(WindowMSButtonShared).xdb,added,,2427,2107-12-31-23-59-56
Universe_mod.pak,UI/UNI_ARTS/UNI_ART_59.(WindowSimple).xdb,added,,1063,2107-12-31-23-59-56
Universe_mod.pak,UI/UNI_ARTS/UNI_ART_59.(WindowSimpleShared).xdb,added,,1520,2107-12-31-23-59-56
Universe_mod.pak,UI/UNI_ARTS/UNI_ART_59_COST.(WindowTextView).xdb,added,,1267,2107-12-31-23-59-56
Universe_mod.pak,UI/UNI_ARTS/UNI_ART_59_DESCRIPTION.(WindowTextView).xdb,added,,1286,2107-12-31-23-59-56
Universe_mod.pak,UI/UNI_ARTS/UNI_ART_59_NAME.(WindowTextView).xdb,added,,1526,2107-12-31-23-59-56
Universe_mod.pak,UI/UNI_ARTS/UNI_ART_60.(BackgroundSimpleScallingTexture).xdb,added,,334,2107-12-31-23-59-56
Universe_mod.pak,UI/UNI_ARTS/UNI_ART_60.(WindowMSButton).xdb,added,,2098,2107-12-31-23-59-56
Universe_mod.pak,UI/UNI_ARTS/UNI_ART_60.(WindowMSButtonShared).xdb,added,,2427,2107-12-31-23-59-56
Universe_mod.pak,UI/UNI_ARTS/UNI_ART_60.(WindowSimple).xdb,added,,1061,2107-12-31-23-59-56
Universe_mod.pak,UI/UNI_ARTS/UNI_ART_60.(WindowSimpleShared).xdb,added,,1520,2107-12-31-23-59-56
Universe_mod.pak,UI/UNI_ARTS/UNI_ART_60_COST.(WindowTextView).xdb,added,,1267,2107-12-31-23-59-56
Universe_mod.pak,UI/UNI_ARTS/UNI_ART_60_DESCRIPTION.(WindowTextView).xdb,added,,1286,2107-12-31-23-59-56
Universe_mod.pak,UI/UNI_ARTS/UNI_ART_60_NAME.(WindowTextView).xdb,added,,1530,2107-12-31-23-59-56
Universe_mod.pak,UI/UNI_ARTS/UNI_ART_61.(BackgroundSimpleScallingTexture).xdb,added,,311,2107-12-31-23-59-56
Universe_mod.pak,UI/UNI_ARTS/UNI_ART_61.(WindowMSButton).xdb,added,,1885,2107-12-31-23-59-56
Universe_mod.pak,UI/UNI_ARTS/UNI_ART_61.(WindowMSButtonShared).xdb,added,,2538,2107-12-31-23-59-56
Universe_mod.pak,UI/UNI_ARTS/UNI_ART_61.(WindowSimple).xdb,added,,1118,2107-12-31-23-59-56
Universe_mod.pak,UI/UNI_ARTS/UNI_ART_61.(WindowSimpleShared).xdb,added,,1579,2107-12-31-23-59-56
Universe_mod.pak,UI/UNI_ARTS/UNI_ART_61_COST.(WindowTextView).xdb,added,,1267,2107-12-31-23-59-56
Universe_mod.pak,UI/UNI_ARTS/UNI_ART_61_DESCRIPTION.(WindowTextView).xdb,added,,1286,2107-12-31-23-59-56
Universe_mod.pak,UI/UNI_ARTS/UNI_ART_61_NAME.(WindowTextView).xdb,added,,1524,2107-12-31-23-59-56
Universe_mod.pak,UI/UNI_ARTS/UNI_ART_62.(BackgroundSimpleScallingTexture).xdb,added,,320,2107-12-31-23-59-56
Universe_mod.pak,UI/UNI_ARTS/UNI_ART_62.(WindowMSButton).xdb,added,,1894,2107-12-31-23-59-56
Universe_mod.pak,UI/UNI_ARTS/UNI_ART_62.(WindowMSButtonShared).xdb,added,,2538,2107-12-31-23-59-56
Universe_mod.pak,UI/UNI_ARTS/UNI_ART_62.(WindowSimple).xdb,added,,1116,2107-12-31-23-59-56
Universe_mod.pak,UI/UNI_ARTS/UNI_ART_62.(WindowSimpleShared).xdb,added,,1579,2107-12-31-23-59-56
Universe_mod.pak,UI/UNI_ARTS/UNI_ART_62_COST.(WindowTextView).xdb,added,,1267,2107-12-31-23-59-56
Universe_mod.pak,UI/UNI_ARTS/UNI_ART_62_DESCRIPTION.(WindowTextView).xdb,added,,1286,2107-12-31-23-59-56
Universe_mod.pak,UI/UNI_ARTS/UNI_ART_62_NAME.(WindowTextView).xdb,added,,1533,2107-12-31-23-59-56
Universe_mod.pak,UI/UNI_ARTS/UNI_ART_63.(BackgroundSimpleScallingTexture).xdb,added,,310,2107-12-31-23-59-56
Universe_mod.pak,UI/UNI_ARTS/UNI_ART_63.(WindowMSButton).xdb,added,,1884,2107-12-31-23-59-56
Universe_mod.pak,UI/UNI_ARTS/UNI_ART_63.(WindowMSButtonShared).xdb,added,,2538,2107-12-31-23-59-56
Universe_mod.pak,UI/UNI_ARTS/UNI_ART_63.(WindowSimple).xdb,added,,1118,2107-12-31-23-59-56
Universe_mod.pak,UI/UNI_ARTS/UNI_ART_63.(WindowSimpleShared).xdb,added,,1579,2107-12-31-23-59-56
Universe_mod.pak,UI/UNI_ARTS/UNI_ART_63_COST.(WindowTextView).xdb,added,,1267,2107-12-31-23-59-56
Universe_mod.pak,UI/UNI_ARTS/UNI_ART_63_DESCRIPTION.(WindowTextView).xdb,added,,1286,2107-12-31-23-59-56
Universe_mod.pak,UI/UNI_ARTS/UNI_ART_63_NAME.(WindowTextView).xdb,added,,1523,2107-12-31-23-59-56
Universe_mod.pak,UI/UNI_ARTS/UNI_ART_64.(BackgroundSimpleScallingTexture).xdb,added,,309,2107-12-31-23-59-56
Universe_mod.pak,UI/UNI_ARTS/UNI_ART_64.(WindowMSButton).xdb,added,,1883,2107-12-31-23-59-56
Universe_mod.pak,UI/UNI_ARTS/UNI_ART_64.(WindowMSButtonShared).xdb,added,,2538,2107-12-31-23-59-56
Universe_mod.pak,UI/UNI_ARTS/UNI_ART_64.(WindowSimple).xdb,added,,1116,2107-12-31-23-59-56
Universe_mod.pak,UI/UNI_ARTS/UNI_ART_64.(WindowSimpleShared).xdb,added,,1579,2107-12-31-23-59-56
Universe_mod.pak,UI/UNI_ARTS/UNI_ART_64_COST.(WindowTextView).xdb,added,,1267,2107-12-31-23-59-56
Universe_mod.pak,UI/UNI_ARTS/UNI_ART_64_DESCRIPTION.(WindowTextView).xdb,added,,1286,2107-12-31-23-59-56
Universe_mod.pak,UI/UNI_ARTS/UNI_ART_64_NAME.(WindowTextView).xdb,added,,1522,2107-12-31-23-59-56
Universe_mod.pak,UI/UNI_ARTS/UNI_ART_65.(BackgroundSimpleScallingTexture).xdb,added,,311,2107-12-31-23-59-56
Universe_mod.pak,UI/UNI_ARTS/UNI_ART_65.(WindowMSButton).xdb,added,,1885,2107-12-31-23-59-56
Universe_mod.pak,UI/UNI_ARTS/UNI_ART_65.(WindowMSButtonShared).xdb,added,,2538,2107-12-31-23-59-56
Universe_mod.pak,UI/UNI_ARTS/UNI_ART_65.(WindowSimple).xdb,added,,1118,2107-12-31-23-59-56
Universe_mod.pak,UI/UNI_ARTS/UNI_ART_65.(WindowSimpleShared).xdb,added,,1579,2107-12-31-23-59-56
Universe_mod.pak,UI/UNI_ARTS/UNI_ART_65_COST.(WindowTextView).xdb,added,,1267,2107-12-31-23-59-56
Universe_mod.pak,UI/UNI_ARTS/UNI_ART_65_DESCRIPTION.(WindowTextView).xdb,added,,1286,2107-12-31-23-59-56
Universe_mod.pak,UI/UNI_ARTS/UNI_ART_65_NAME.(WindowTextView).xdb,added,,1524,2107-12-31-23-59-56
Universe_mod.pak,UI/UNI_ARTS/UNI_ART_66.(BackgroundSimpleScallingTexture).xdb,added,,325,2107-12-31-23-59-56
Universe_mod.pak,UI/UNI_ARTS/UNI_ART_66.(WindowMSButton).xdb,added,,2092,2107-12-31-23-59-56
Universe_mod.pak,UI/UNI_ARTS/UNI_ART_66.(WindowMSButtonShared).xdb,added,,2427,2107-12-31-23-59-56
Universe_mod.pak,UI/UNI_ARTS/UNI_ART_66.(WindowSimple).xdb,added,,1115,2107-12-31-23-59-56
Universe_mod.pak,UI/UNI_ARTS/UNI_ART_66.(WindowSimpleShared).xdb,added,,1520,2107-12-31-23-59-56
Universe_mod.pak,UI/UNI_ARTS/UNI_ART_66_COST.(WindowTextView).xdb,added,,1267,2107-12-31-23-59-56
Universe_mod.pak,UI/UNI_ARTS/UNI_ART_66_DESCRIPTION.(WindowTextView).xdb,added,,1286,2107-12-31-23-59-56
Universe_mod.pak,UI/UNI_ARTS/UNI_ART_66_NAME.(WindowTextView).xdb,added,,1524,2107-12-31-23-59-56
Universe_mod.pak,UI/UNI_ARTS/UNI_ART_67.(BackgroundSimpleScallingTexture).xdb,added,,317,2107-12-31-23-59-56
Universe_mod.pak,UI/UNI_ARTS/UNI_ART_67.(WindowMSButton).xdb,added,,2092,2107-12-31-23-59-56
Universe_mod.pak,UI/UNI_ARTS/UNI_ART_67.(WindowMSButtonShared).xdb,added,,2427,2107-12-31-23-59-56
Universe_mod.pak,UI/UNI_ARTS/UNI_ART_67.(WindowSimple).xdb,added,,1062,2107-12-31-23-59-56
Universe_mod.pak,UI/UNI_ARTS/UNI_ART_67.(WindowSimpleShared).xdb,added,,1520,2107-12-31-23-59-56
Universe_mod.pak,UI/UNI_ARTS/UNI_ART_67_COST.(WindowTextView).xdb,added,,1267,2107-12-31-23-59-56
Universe_mod.pak,UI/UNI_ARTS/UNI_ART_67_DESCRIPTION.(WindowTextView).xdb,added,,1286,2107-12-31-23-59-56
Universe_mod.pak,UI/UNI_ARTS/UNI_ART_67_NAME.(WindowTextView).xdb,added,,1524,2107-12-31-23-59-56
Universe_mod.pak,UI/UNI_ARTS/UNI_ART_68.(BackgroundSimpleScallingTexture).xdb,added,,316,2107-12-31-23-59-56
Universe_mod.pak,UI/UNI_ARTS/UNI_ART_68.(WindowMSButton).xdb,added,,2090,2107-12-31-23-59-56
Universe_mod.pak,UI/UNI_ARTS/UNI_ART_68.(WindowMSButtonShared).xdb,added,,2427,2107-12-31-23-59-56
Universe_mod.pak,UI/UNI_ARTS/UNI_ART_68.(WindowSimple).xdb,added,,1061,2107-12-31-23-59-56
Universe_mod.pak,UI/UNI_ARTS/UNI_ART_68.(WindowSimpleShared).xdb,added,,1520,2107-12-31-23-59-56
Universe_mod.pak,UI/UNI_ARTS/UNI_ART_68_COST.(WindowTextView).xdb,added,,1267,2107-12-31-23-59-56
Universe_mod.pak,UI/UNI_ARTS/UNI_ART_68_DESCRIPTION.(WindowTextView).xdb,added,,1286,2107-12-31-23-59-56
Universe_mod.pak,UI/UNI_ARTS/UNI_ART_68_NAME.(WindowTextView).xdb,added,,1522,2107-12-31-23-59-56
Universe_mod.pak,UI/UNI_ARTS/UNI_ART_69.(BackgroundSimpleScallingTexture).xdb,added,,327,2107-12-31-23-59-56
Universe_mod.pak,UI/UNI_ARTS/UNI_ART_69.(WindowMSButton).xdb,added,,2093,2107-12-31-23-59-56
Universe_mod.pak,UI/UNI_ARTS/UNI_ART_69.(WindowMSButtonShared).xdb,added,,2427,2107-12-31-23-59-56
Universe_mod.pak,UI/UNI_ARTS/UNI_ART_69.(WindowSimple).xdb,added,,1063,2107-12-31-23-59-56
Universe_mod.pak,UI/UNI_ARTS/UNI_ART_69.(WindowSimpleShared).xdb,added,,1520,2107-12-31-23-59-56
Universe_mod.pak,UI/UNI_ARTS/UNI_ART_69_COST.(WindowTextView).xdb,added,,1267,2107-12-31-23-59-56
Universe_mod.pak,UI/UNI_ARTS/UNI_ART_69_DESCRIPTION.(WindowTextView).xdb,added,,1286,2107-12-31-23-59-56
Universe_mod.pak,UI/UNI_ARTS/UNI_ART_69_NAME.(WindowTextView).xdb,added,,1525,2107-12-31-23-59-56
Universe_mod.pak,UI/UNI_ARTS/UNI_ART_70.(BackgroundSimpleScallingTexture).xdb,added,,324,2107-12-31-23-59-56
Universe_mod.pak,UI/UNI_ARTS/UNI_ART_70.(WindowMSButton).xdb,added,,2097,2107-12-31-23-59-56
Universe_mod.pak,UI/UNI_ARTS/UNI_ART_70.(WindowMSButtonShared).xdb,added,,2427,2107-12-31-23-59-56
Universe_mod.pak,UI/UNI_ARTS/UNI_ART_70.(WindowSimple).xdb,added,,1061,2107-12-31-23-59-56
Universe_mod.pak,UI/UNI_ARTS/UNI_ART_70.(WindowSimpleShared).xdb,added,,1520,2107-12-31-23-59-56
Universe_mod.pak,UI/UNI_ARTS/UNI_ART_70_COST.(WindowTextView).xdb,added,,1267,2107-12-31-23-59-56
Universe_mod.pak,UI/UNI_ARTS/UNI_ART_70_DESCRIPTION.(WindowTextView).xdb,added,,1286,2107-12-31-23-59-56
Universe_mod.pak,UI/UNI_ARTS/UNI_ART_70_NAME.(WindowTextView).xdb,added,,1529,2107-12-31-23-59-56
Universe_mod.pak,UI/UNI_ARTS/UNI_ART_71.(BackgroundSimpleScallingTexture).xdb,added,,319,2107-12-31-23-59-56
Universe_mod.pak,UI/UNI_ARTS/UNI_ART_71.(WindowMSButton).xdb,added,,2094,2107-12-31-23-59-56
Universe_mod.pak,UI/UNI_ARTS/UNI_ART_71.(WindowMSButtonShared).xdb,added,,2427,2107-12-31-23-59-56
Universe_mod.pak,UI/UNI_ARTS/UNI_ART_71.(WindowSimple).xdb,added,,1063,2107-12-31-23-59-56
Universe_mod.pak,UI/UNI_ARTS/UNI_ART_71.(WindowSimpleShared).xdb,added,,1520,2107-12-31-23-59-56
Universe_mod.pak,UI/UNI_ARTS/UNI_ART_71_COST.(WindowTextView).xdb,added,,1267,2107-12-31-23-59-56
Universe_mod.pak,UI/UNI_ARTS/UNI_ART_71_DESCRIPTION.(WindowTextView).xdb,added,,1286,2107-12-31-23-59-56
Universe_mod.pak,UI/UNI_ARTS/UNI_ART_71_NAME.(WindowTextView).xdb,added,,1526,2107-12-31-23-59-56
Universe_mod.pak,UI/UNI_ARTS/UNI_ART_72.(BackgroundSimpleScallingTexture).xdb,added,,314,2107-12-31-23-59-56
Universe_mod.pak,UI/UNI_ARTS/UNI_ART_72.(WindowMSButton).xdb,added,,2090,2107-12-31-23-59-56
Universe_mod.pak,UI/UNI_ARTS/UNI_ART_72.(WindowMSButtonShared).xdb,added,,2427,2107-12-31-23-59-56
Universe_mod.pak,UI/UNI_ARTS/UNI_ART_72.(WindowSimple).xdb,added,,1061,2107-12-31-23-59-56
Universe_mod.pak,UI/UNI_ARTS/UNI_ART_72.(WindowSimpleShared).xdb,added,,1520,2107-12-31-23-59-56
Universe_mod.pak,UI/UNI_ARTS/UNI_ART_72_COST.(WindowTextView).xdb,added,,1267,2107-12-31-23-59-56
Universe_mod.pak,UI/UNI_ARTS/UNI_ART_72_DESCRIPTION.(WindowTextView).xdb,added,,1286,2107-12-31-23-59-56
Universe_mod.pak,UI/UNI_ARTS/UNI_ART_72_NAME.(WindowTextView).xdb,added,,1522,2107-12-31-23-59-56
Universe_mod.pak,UI/UNI_ARTS/UNI_ART_73.(BackgroundSimpleScallingTexture).xdb,added,,312,2107-12-31-23-59-56
Universe_mod.pak,UI/UNI_ARTS/UNI_ART_73.(WindowMSButton).xdb,added,,2088,2107-12-31-23-59-56
Universe_mod.pak,UI/UNI_ARTS/UNI_ART_73.(WindowMSButtonShared).xdb,added,,2427,2107-12-31-23-59-56
Universe_mod.pak,UI/UNI_ARTS/UNI_ART_73.(WindowSimple).xdb,added,,1119,2107-12-31-23-59-56
Universe_mod.pak,UI/UNI_ARTS/UNI_ART_73.(WindowSimpleShared).xdb,added,,1520,2107-12-31-23-59-56
Universe_mod.pak,UI/UNI_ARTS/UNI_ART_73_COST.(WindowTextView).xdb,added,,1267,2107-12-31-23-59-56
Universe_mod.pak,UI/UNI_ARTS/UNI_ART_73_DESCRIPTION.(WindowTextView).xdb,added,,1286,2107-12-31-23-59-56
Universe_mod.pak,UI/UNI_ARTS/UNI_ART_73_NAME.(WindowTextView).xdb,added,,1520,2107-12-31-23-59-56
Universe_mod.pak,UI/UNI_ARTS/UNI_ART_74.(BackgroundSimpleScallingTexture).xdb,added,,318,2107-12-31-23-59-56
Universe_mod.pak,UI/UNI_ARTS/UNI_ART_74.(WindowMSButton).xdb,added,,2094,2107-12-31-23-59-56
Universe_mod.pak,UI/UNI_ARTS/UNI_ART_74.(WindowMSButtonShared).xdb,added,,2427,2107-12-31-23-59-56
Universe_mod.pak,UI/UNI_ARTS/UNI_ART_74.(WindowSimple).xdb,added,,1061,2107-12-31-23-59-56
Universe_mod.pak,UI/UNI_ARTS/UNI_ART_74.(WindowSimpleShared).xdb,added,,1520,2107-12-31-23-59-56
Universe_mod.pak,UI/UNI_ARTS/UNI_ART_74_COST.(WindowTextView).xdb,added,,1267,2107-12-31-23-59-56
Universe_mod.pak,UI/UNI_ARTS/UNI_ART_74_DESCRIPTION.(WindowTextView).xdb,added,,1286,2107-12-31-23-59-56
Universe_mod.pak,UI/UNI_ARTS/UNI_ART_74_NAME.(WindowTextView).xdb,added,,1526,2107-12-31-23-59-56
Universe_mod.pak,UI/UNI_ARTS/UNI_ART_75.(BackgroundSimpleScallingTexture).xdb,added,,313,2107-12-31-23-59-56
Universe_mod.pak,UI/UNI_ARTS/UNI_ART_75.(WindowMSButton).xdb,added,,2089,2107-12-31-23-59-56
Universe_mod.pak,UI/UNI_ARTS/UNI_ART_75.(WindowMSButtonShared).xdb,added,,2427,2107-12-31-23-59-56
Universe_mod.pak,UI/UNI_ARTS/UNI_ART_75.(WindowSimple).xdb,added,,1063,2107-12-31-23-59-56
Universe_mod.pak,UI/UNI_ARTS/UNI_ART_75.(WindowSimpleShared).xdb,added,,1520,2107-12-31-23-59-56
Universe_mod.pak,UI/UNI_ARTS/UNI_ART_75_COST.(WindowTextView).xdb,added,,1267,2107-12-31-23-59-56
Universe_mod.pak,UI/UNI_ARTS/UNI_ART_75_DESCRIPTION.(WindowTextView).xdb,added,,1286,2107-12-31-23-59-56
Universe_mod.pak,UI/UNI_ARTS/UNI_ART_75_NAME.(WindowTextView).xdb,added,,1521,2107-12-31-23-59-56
Universe_mod.pak,UI/UNI_ARTS/UNI_ART_76.(BackgroundSimpleScallingTexture).xdb,added,,314,2107-12-31-23-59-56
Universe_mod.pak,UI/UNI_ARTS/UNI_ART_76.(WindowMSButton).xdb,added,,2090,2107-12-31-23-59-56
Universe_mod.pak,UI/UNI_ARTS/UNI_ART_76.(WindowMSButtonShared).xdb,added,,2427,2107-12-31-23-59-56
Universe_mod.pak,UI/UNI_ARTS/UNI_ART_76.(WindowSimple).xdb,added,,1061,2107-12-31-23-59-56
Universe_mod.pak,UI/UNI_ARTS/UNI_ART_76.(WindowSimpleShared).xdb,added,,1520,2107-12-31-23-59-56
Universe_mod.pak,UI/UNI_ARTS/UNI_ART_76_COST.(WindowTextView).xdb,added,,1267,2107-12-31-23-59-56
Universe_mod.pak,UI/UNI_ARTS/UNI_ART_76_DESCRIPTION.(WindowTextView).xdb,added,,1286,2107-12-31-23-59-56
Universe_mod.pak,UI/UNI_ARTS/UNI_ART_76_NAME.(WindowTextView).xdb,added,,1522,2107-12-31-23-59-56
Universe_mod.pak,UI/UNI_ARTS/UNI_ART_77.(BackgroundSimpleScallingTexture).xdb,added,,314,2107-12-31-23-59-56
Universe_mod.pak,UI/UNI_ARTS/UNI_ART_77.(WindowMSButton).xdb,added,,2090,2107-12-31-23-59-56
Universe_mod.pak,UI/UNI_ARTS/UNI_ART_77.(WindowMSButtonShared).xdb,added,,2427,2107-12-31-23-59-56
Universe_mod.pak,UI/UNI_ARTS/UNI_ART_77.(WindowSimple).xdb,added,,1063,2107-12-31-23-59-56
Universe_mod.pak,UI/UNI_ARTS/UNI_ART_77.(WindowSimpleShared).xdb,added,,1520,2107-12-31-23-59-56
Universe_mod.pak,UI/UNI_ARTS/UNI_ART_77_COST.(WindowTextView).xdb,added,,1267,2107-12-31-23-59-56
Universe_mod.pak,UI/UNI_ARTS/UNI_ART_77_DESCRIPTION.(WindowTextView).xdb,added,,1286,2107-12-31-23-59-56
Universe_mod.pak,UI/UNI_ARTS/UNI_ART_77_NAME.(WindowTextView).xdb,added,,1522,2107-12-31-23-59-56
Universe_mod.pak,UI/UNI_ARTS/UNI_ART_78.(BackgroundSimpleScallingTexture).xdb,added,,313,2107-12-31-23-59-56
Universe_mod.pak,UI/UNI_ARTS/UNI_ART_78.(WindowMSButton).xdb,added,,2089,2107-12-31-23-59-56
Universe_mod.pak,UI/UNI_ARTS/UNI_ART_78.(WindowMSButtonShared).xdb,added,,2427,2107-12-31-23-59-56
Universe_mod.pak,UI/UNI_ARTS/UNI_ART_78.(WindowSimple).xdb,added,,1061,2107-12-31-23-59-56
Universe_mod.pak,UI/UNI_ARTS/UNI_ART_78.(WindowSimpleShared).xdb,added,,1520,2107-12-31-23-59-56
Universe_mod.pak,UI/UNI_ARTS/UNI_ART_78_COST.(WindowTextView).xdb,added,,1267,2107-12-31-23-59-56
Universe_mod.pak,UI/UNI_ARTS/UNI_ART_78_DESCRIPTION.(WindowTextView).xdb,added,,1286,2107-12-31-23-59-56
Universe_mod.pak,UI/UNI_ARTS/UNI_ART_78_NAME.(WindowTextView).xdb,added,,1521,2107-12-31-23-59-56
Universe_mod.pak,UI/UNI_ARTS/UNI_ART_79.(BackgroundSimpleScallingTexture).xdb,added,,324,2107-12-31-23-59-56
Universe_mod.pak,UI/UNI_ARTS/UNI_ART_79.(WindowMSButton).xdb,added,,2100,2107-12-31-23-59-56
Universe_mod.pak,UI/UNI_ARTS/UNI_ART_79.(WindowMSButtonShared).xdb,added,,2427,2107-12-31-23-59-56
Universe_mod.pak,UI/UNI_ARTS/UNI_ART_79.(WindowSimple).xdb,added,,1063,2107-12-31-23-59-56
Universe_mod.pak,UI/UNI_ARTS/UNI_ART_79.(WindowSimpleShared).xdb,added,,1520,2107-12-31-23-59-56
Universe_mod.pak,UI/UNI_ARTS/UNI_ART_79_COST.(WindowTextView).xdb,added,,1267,2107-12-31-23-59-56
Universe_mod.pak,UI/UNI_ARTS/UNI_ART_79_DESCRIPTION.(WindowTextView).xdb,added,,1286,2107-12-31-23-59-56
Universe_mod.pak,UI/UNI_ARTS/UNI_ART_79_NAME.(WindowTextView).xdb,added,,1532,2107-12-31-23-59-56
Universe_mod.pak,UI/UNI_ARTS/UNI_ART_80.(BackgroundSimpleScallingTexture).xdb,added,,324,2107-12-31-23-59-56
Universe_mod.pak,UI/UNI_ARTS/UNI_ART_80.(WindowMSButton).xdb,added,,2100,2107-12-31-23-59-56
Universe_mod.pak,UI/UNI_ARTS/UNI_ART_80.(WindowMSButtonShared).xdb,added,,2427,2107-12-31-23-59-56
Universe_mod.pak,UI/UNI_ARTS/UNI_ART_80.(WindowSimple).xdb,added,,1060,2107-12-31-23-59-56
Universe_mod.pak,UI/UNI_ARTS/UNI_ART_80.(WindowSimpleShared).xdb,added,,1520,2107-12-31-23-59-56
Universe_mod.pak,UI/UNI_ARTS/UNI_ART_80_COST.(WindowTextView).xdb,added,,1267,2107-12-31-23-59-56
Universe_mod.pak,UI/UNI_ARTS/UNI_ART_80_DESCRIPTION.(WindowTextView).xdb,added,,1286,2107-12-31-23-59-56
Universe_mod.pak,UI/UNI_ARTS/UNI_ART_80_NAME.(WindowTextView).xdb,added,,1532,2107-12-31-23-59-56
Universe_mod.pak,UI/UNI_ARTS/UNI_ART_81.(BackgroundSimpleScallingTexture).xdb,added,,323,2107-12-31-23-59-56
Universe_mod.pak,UI/UNI_ARTS/UNI_ART_81.(WindowMSButton).xdb,added,,2099,2107-12-31-23-59-56
Universe_mod.pak,UI/UNI_ARTS/UNI_ART_81.(WindowMSButtonShared).xdb,added,,2427,2107-12-31-23-59-56
Universe_mod.pak,UI/UNI_ARTS/UNI_ART_81.(WindowSimple).xdb,added,,1062,2107-12-31-23-59-56
Universe_mod.pak,UI/UNI_ARTS/UNI_ART_81.(WindowSimpleShared).xdb,added,,1520,2107-12-31-23-59-56
Universe_mod.pak,UI/UNI_ARTS/UNI_ART_81_COST.(WindowTextView).xdb,added,,1267,2107-12-31-23-59-56
Universe_mod.pak,UI/UNI_ARTS/UNI_ART_81_DESCRIPTION.(WindowTextView).xdb,added,,1286,2107-12-31-23-59-56
Universe_mod.pak,UI/UNI_ARTS/UNI_ART_81_NAME.(WindowTextView).xdb,added,,1531,2107-12-31-23-59-56
Universe_mod.pak,UI/UNI_ARTS/UNI_ART_82.(BackgroundSimpleScallingTexture).xdb,added,,323,2107-12-31-23-59-56
Universe_mod.pak,UI/UNI_ARTS/UNI_ART_82.(WindowMSButton).xdb,added,,2099,2107-12-31-23-59-56
Universe_mod.pak,UI/UNI_ARTS/UNI_ART_82.(WindowMSButtonShared).xdb,added,,2427,2107-12-31-23-59-56
Universe_mod.pak,UI/UNI_ARTS/UNI_ART_82.(WindowSimple).xdb,added,,1061,2107-12-31-23-59-56
Universe_mod.pak,UI/UNI_ARTS/UNI_ART_82.(WindowSimpleShared).xdb,added,,1520,2107-12-31-23-59-56
Universe_mod.pak,UI/UNI_ARTS/UNI_ART_82_COST.(WindowTextView).xdb,added,,1267,2107-12-31-23-59-56
Universe_mod.pak,UI/UNI_ARTS/UNI_ART_82_DESCRIPTION.(WindowTextView).xdb,added,,1286,2107-12-31-23-59-56
Universe_mod.pak,UI/UNI_ARTS/UNI_ART_82_NAME.(WindowTextView).xdb,added,,1531,2107-12-31-23-59-56
Universe_mod.pak,UI/UNI_ARTS/UNI_ART_83.(BackgroundSimpleScallingTexture).xdb,added,,330,2107-12-31-23-59-56
Universe_mod.pak,UI/UNI_ARTS/UNI_ART_83.(WindowMSButton).xdb,added,,2096,2107-12-31-23-59-56
Universe_mod.pak,UI/UNI_ARTS/UNI_ART_83.(WindowMSButtonShared).xdb,added,,2427,2107-12-31-23-59-56
Universe_mod.pak,UI/UNI_ARTS/UNI_ART_83.(WindowSimple).xdb,added,,1119,2107-12-31-23-59-56
Universe_mod.pak,UI/UNI_ARTS/UNI_ART_83.(WindowSimpleShared).xdb,added,,1520,2107-12-31-23-59-56
Universe_mod.pak,UI/UNI_ARTS/UNI_ART_83_COST.(WindowTextView).xdb,added,,1267,2107-12-31-23-59-56
Universe_mod.pak,UI/UNI_ARTS/UNI_ART_83_DESCRIPTION.(WindowTextView).xdb,added,,1286,2107-12-31-23-59-56
Universe_mod.pak,UI/UNI_ARTS/UNI_ART_83_NAME.(WindowTextView).xdb,added,,1528,2107-12-31-23-59-56
Universe_mod.pak,UI/UNI_ARTS/UNI_ART_84.(BackgroundSimpleScallingTexture).xdb,added,,316,2107-12-31-23-59-56
Universe_mod.pak,UI/UNI_ARTS/UNI_ART_84.(WindowMSButton).xdb,added,,2093,2107-12-31-23-59-56
Universe_mod.pak,UI/UNI_ARTS/UNI_ART_84.(WindowMSButtonShared).xdb,added,,2427,2107-12-31-23-59-56
Universe_mod.pak,UI/UNI_ARTS/UNI_ART_84.(WindowSimple).xdb,added,,1061,2107-12-31-23-59-56
Universe_mod.pak,UI/UNI_ARTS/UNI_ART_84.(WindowSimpleShared).xdb,added,,1520,2107-12-31-23-59-56
Universe_mod.pak,UI/UNI_ARTS/UNI_ART_84_COST.(WindowTextView).xdb,added,,1267,2107-12-31-23-59-56
Universe_mod.pak,UI/UNI_ARTS/UNI_ART_84_DESCRIPTION.(WindowTextView).xdb,added,,1286,2107-12-31-23-59-56
Universe_mod.pak,UI/UNI_ARTS/UNI_ART_84_NAME.(WindowTextView).xdb,added,,1525,2107-12-31-23-59-56
Universe_mod.pak,UI/UNI_ARTS/UNI_ART_85.(BackgroundSimpleScallingTexture).xdb,added,,326,2107-12-31-23-59-56
Universe_mod.pak,UI/UNI_ARTS/UNI_ART_85.(WindowMSButton).xdb,added,,2097,2107-12-31-23-59-56
Universe_mod.pak,UI/UNI_ARTS/UNI_ART_85.(WindowMSButtonShared).xdb,added,,2427,2107-12-31-23-59-56
Universe_mod.pak,UI/UNI_ARTS/UNI_ART_85.(WindowSimple).xdb,added,,1063,2107-12-31-23-59-56
Universe_mod.pak,UI/UNI_ARTS/UNI_ART_85.(WindowSimpleShared).xdb,added,,1520,2107-12-31-23-59-56
Universe_mod.pak,UI/UNI_ARTS/UNI_ART_85_COST.(WindowTextView).xdb,added,,1267,2107-12-31-23-59-56
Universe_mod.pak,UI/UNI_ARTS/UNI_ART_85_DESCRIPTION.(WindowTextView).xdb,added,,1286,2107-12-31-23-59-56
Universe_mod.pak,UI/UNI_ARTS/UNI_ART_85_NAME.(WindowTextView).xdb,added,,1529,2107-12-31-23-59-56
Universe_mod.pak,UI/UNI_ARTS/UNI_ART_86.(BackgroundSimpleScallingTexture).xdb,added,,320,2107-12-31-23-59-56
Universe_mod.pak,UI/UNI_ARTS/UNI_ART_86.(WindowMSButton).xdb,added,,2100,2107-12-31-23-59-56
Universe_mod.pak,UI/UNI_ARTS/UNI_ART_86.(WindowMSButtonShared).xdb,added,,2427,2107-12-31-23-59-56
Universe_mod.pak,UI/UNI_ARTS/UNI_ART_86.(WindowSimple).xdb,added,,1061,2107-12-31-23-59-56
Universe_mod.pak,UI/UNI_ARTS/UNI_ART_86.(WindowSimpleShared).xdb,added,,1520,2107-12-31-23-59-56
Universe_mod.pak,UI/UNI_ARTS/UNI_ART_86_COST.(WindowTextView).xdb,added,,1267,2107-12-31-23-59-56
Universe_mod.pak,UI/UNI_ARTS/UNI_ART_86_DESCRIPTION.(WindowTextView).xdb,added,,1286,2107-12-31-23-59-56
Universe_mod.pak,UI/UNI_ARTS/UNI_ART_86_NAME.(WindowTextView).xdb,added,,1532,2107-12-31-23-59-56
Universe_mod.pak,UI/UNI_ARTS/UNI_ART_87.(BackgroundSimpleScallingTexture).xdb,added,,330,2107-12-31-23-59-56
Universe_mod.pak,UI/UNI_ARTS/UNI_ART_87.(WindowMSButton).xdb,added,,2096,2107-12-31-23-59-56
Universe_mod.pak,UI/UNI_ARTS/UNI_ART_87.(WindowMSButtonShared).xdb,added,,2427,2107-12-31-23-59-56
Universe_mod.pak,UI/UNI_ARTS/UNI_ART_87.(WindowSimple).xdb,added,,1063,2107-12-31-23-59-56
Universe_mod.pak,UI/UNI_ARTS/UNI_ART_87.(WindowSimpleShared).xdb,added,,1520,2107-12-31-23-59-56
Universe_mod.pak,UI/UNI_ARTS/UNI_ART_87_COST.(WindowTextView).xdb,added,,1267,2107-12-31-23-59-56
Universe_mod.pak,UI/UNI_ARTS/UNI_ART_87_DESCRIPTION.(WindowTextView).xdb,added,,1286,2107-12-31-23-59-56
Universe_mod.pak,UI/UNI_ARTS/UNI_ART_87_NAME.(WindowTextView).xdb,added,,1528,2107-12-31-23-59-56
Universe_mod.pak,UI/UNI_ARTS/UNI_ART_88.(BackgroundSimpleScallingTexture).xdb,added,,317,2107-12-31-23-59-56
Universe_mod.pak,UI/UNI_ARTS/UNI_ART_88.(WindowMSButton).xdb,added,,2083,2107-12-31-23-59-56
Universe_mod.pak,UI/UNI_ARTS/UNI_ART_88.(WindowMSButtonShared).xdb,added,,2427,2107-12-31-23-59-56
Universe_mod.pak,UI/UNI_ARTS/UNI_ART_88.(WindowSimple).xdb,added,,1117,2107-12-31-23-59-56
Universe_mod.pak,UI/UNI_ARTS/UNI_ART_88.(WindowSimpleShared).xdb,added,,1520,2107-12-31-23-59-56
Universe_mod.pak,UI/UNI_ARTS/UNI_ART_88_COST.(WindowTextView).xdb,added,,1267,2107-12-31-23-59-56
Universe_mod.pak,UI/UNI_ARTS/UNI_ART_88_DESCRIPTION.(WindowTextView).xdb,added,,1286,2107-12-31-23-59-56
Universe_mod.pak,UI/UNI_ARTS/UNI_ART_88_NAME.(WindowTextView).xdb,added,,1515,2107-12-31-23-59-56
Universe_mod.pak,UI/UNI_ARTS/UNI_ART_89.(BackgroundSimpleScallingTexture).xdb,added,,316,2107-12-31-23-59-56
Universe_mod.pak,UI/UNI_ARTS/UNI_ART_89.(WindowMSButton).xdb,added,,2100,2107-12-31-23-59-56
Universe_mod.pak,UI/UNI_ARTS/UNI_ART_89.(WindowMSButtonShared).xdb,added,,2427,2107-12-31-23-59-56
Universe_mod.pak,UI/UNI_ARTS/UNI_ART_89.(WindowSimple).xdb,added,,1119,2107-12-31-23-59-56
Universe_mod.pak,UI/UNI_ARTS/UNI_ART_89.(WindowSimpleShared).xdb,added,,1520,2107-12-31-23-59-56
Universe_mod.pak,UI/UNI_ARTS/UNI_ART_89_COST.(WindowTextView).xdb,added,,1267,2107-12-31-23-59-56
Universe_mod.pak,UI/UNI_ARTS/UNI_ART_89_DESCRIPTION.(WindowTextView).xdb,added,,1286,2107-12-31-23-59-56
Universe_mod.pak,UI/UNI_ARTS/UNI_ART_89_NAME.(WindowTextView).xdb,added,,1532,2107-12-31-23-59-56
Universe_mod.pak,UI/UNI_ARTS/UNI_ART_90.(BackgroundSimpleScallingTexture).xdb,added,,332,2107-12-31-23-59-56
Universe_mod.pak,UI/UNI_ARTS/UNI_ART_90.(WindowMSButton).xdb,added,,2096,2107-12-31-23-59-56
Universe_mod.pak,UI/UNI_ARTS/UNI_ART_90.(WindowMSButtonShared).xdb,added,,2427,2107-12-31-23-59-56
Universe_mod.pak,UI/UNI_ARTS/UNI_ART_90.(WindowSimple).xdb,added,,1061,2107-12-31-23-59-56
Universe_mod.pak,UI/UNI_ARTS/UNI_ART_90.(WindowSimpleShared).xdb,added,,1520,2107-12-31-23-59-56
Universe_mod.pak,UI/UNI_ARTS/UNI_ART_90_COST.(WindowTextView).xdb,added,,1267,2107-12-31-23-59-56
Universe_mod.pak,UI/UNI_ARTS/UNI_ART_90_DESCRIPTION.(WindowTextView).xdb,added,,1286,2107-12-31-23-59-56
Universe_mod.pak,UI/UNI_ARTS/UNI_ART_90_NAME.(WindowTextView).xdb,added,,1528,2107-12-31-23-59-56
Universe_mod.pak,UI/UNI_ARTS/UNI_ART_91.(BackgroundSimpleScallingTexture).xdb,added,,332,2107-12-31-23-59-56
Universe_mod.pak,UI/UNI_ARTS/UNI_ART_91.(WindowMSButton).xdb,added,,2096,2107-12-31-23-59-56
Universe_mod.pak,UI/UNI_ARTS/UNI_ART_91.(WindowMSButtonShared).xdb,added,,2427,2107-12-31-23-59-56
Universe_mod.pak,UI/UNI_ARTS/UNI_ART_91.(WindowSimple).xdb,added,,1063,2107-12-31-23-59-56
Universe_mod.pak,UI/UNI_ARTS/UNI_ART_91.(WindowSimpleShared).xdb,added,,1520,2107-12-31-23-59-56
Universe_mod.pak,UI/UNI_ARTS/UNI_ART_91_COST.(WindowTextView).xdb,added,,1267,2107-12-31-23-59-56
Universe_mod.pak,UI/UNI_ARTS/UNI_ART_91_DESCRIPTION.(WindowTextView).xdb,added,,1286,2107-12-31-23-59-56
Universe_mod.pak,UI/UNI_ARTS/UNI_ART_91_NAME.(WindowTextView).xdb,added,,1528,2107-12-31-23-59-56
Universe_mod.pak,UI/UNI_ARTS/UNI_ART_92.(BackgroundSimpleScallingTexture).xdb,added,,331,2107-12-31-23-59-56
Universe_mod.pak,UI/UNI_ARTS/UNI_ART_92.(WindowMSButton).xdb,added,,2095,2107-12-31-23-59-56
Universe_mod.pak,UI/UNI_ARTS/UNI_ART_92.(WindowMSButtonShared).xdb,added,,2427,2107-12-31-23-59-56
Universe_mod.pak,UI/UNI_ARTS/UNI_ART_92.(WindowSimple).xdb,added,,1116,2107-12-31-23-59-56
Universe_mod.pak,UI/UNI_ARTS/UNI_ART_92.(WindowSimpleShared).xdb,added,,1520,2107-12-31-23-59-56
Universe_mod.pak,UI/UNI_ARTS/UNI_ART_92_COST.(WindowTextView).xdb,added,,1267,2107-12-31-23-59-56
Universe_mod.pak,UI/UNI_ARTS/UNI_ART_92_DESCRIPTION.(WindowTextView).xdb,added,,1286,2107-12-31-23-59-56
Universe_mod.pak,UI/UNI_ARTS/UNI_ART_92_NAME.(WindowTextView).xdb,added,,1527,2107-12-31-23-59-56
Universe_mod.pak,UI/UNI_ARTS/UNI_ART_93.(BackgroundSimpleScallingTexture).xdb,added,,336,2107-12-31-23-59-56
Universe_mod.pak,UI/UNI_ARTS/UNI_ART_93.(WindowMSButton).xdb,added,,2100,2107-12-31-23-59-56
Universe_mod.pak,UI/UNI_ARTS/UNI_ART_93.(WindowMSButtonShared).xdb,added,,2427,2107-12-31-23-59-56
Universe_mod.pak,UI/UNI_ARTS/UNI_ART_93.(WindowSimple).xdb,added,,1118,2107-12-31-23-59-56
Universe_mod.pak,UI/UNI_ARTS/UNI_ART_93.(WindowSimpleShared).xdb,added,,1520,2107-12-31-23-59-56
Universe_mod.pak,UI/UNI_ARTS/UNI_ART_93_COST.(WindowTextView).xdb,added,,1267,2107-12-31-23-59-56
Universe_mod.pak,UI/UNI_ARTS/UNI_ART_93_DESCRIPTION.(WindowTextView).xdb,added,,1286,2107-12-31-23-59-56
Universe_mod.pak,UI/UNI_ARTS/UNI_ART_93_NAME.(WindowTextView).xdb,added,,1532,2107-12-31-23-59-56
Universe_mod.pak,UI/UNI_ARTS/UNI_ART_94.(BackgroundSimpleScallingTexture).xdb,added,,337,2107-12-31-23-59-56
Universe_mod.pak,UI/UNI_ARTS/UNI_ART_94.(WindowMSButton).xdb,added,,2092,2107-12-31-23-59-56
Universe_mod.pak,UI/UNI_ARTS/UNI_ART_94.(WindowMSButtonShared).xdb,added,,2427,2107-12-31-23-59-56
Universe_mod.pak,UI/UNI_ARTS/UNI_ART_94.(WindowSimple).xdb,added,,1118,2107-12-31-23-59-56
Universe_mod.pak,UI/UNI_ARTS/UNI_ART_94.(WindowSimpleShared).xdb,added,,1520,2107-12-31-23-59-56
Universe_mod.pak,UI/UNI_ARTS/UNI_ART_94_COST.(WindowTextView).xdb,added,,1267,2107-12-31-23-59-56
Universe_mod.pak,UI/UNI_ARTS/UNI_ART_94_DESCRIPTION.(WindowTextView).xdb,added,,1286,2107-12-31-23-59-56
Universe_mod.pak,UI/UNI_ARTS/UNI_ART_94_NAME.(WindowTextView).xdb,added,,1524,2107-12-31-23-59-56
Universe_mod.pak,UI/UNI_ARTS/UNI_ART_95.(BackgroundSimpleScallingTexture).xdb,added,,316,2107-12-31-23-59-56
Universe_mod.pak,UI/UNI_ARTS/UNI_ART_95.(WindowMSButton).xdb,added,,1890,2107-12-31-23-59-56
Universe_mod.pak,UI/UNI_ARTS/UNI_ART_95.(WindowMSButtonShared).xdb,added,,2538,2107-12-31-23-59-56
Universe_mod.pak,UI/UNI_ARTS/UNI_ART_95.(WindowSimple).xdb,added,,1118,2107-12-31-23-59-56
Universe_mod.pak,UI/UNI_ARTS/UNI_ART_95.(WindowSimpleShared).xdb,added,,1579,2107-12-31-23-59-56
Universe_mod.pak,UI/UNI_ARTS/UNI_ART_95_COST.(WindowTextView).xdb,added,,1267,2107-12-31-23-59-56
Universe_mod.pak,UI/UNI_ARTS/UNI_ART_95_DESCRIPTION.(WindowTextView).xdb,added,,1286,2107-12-31-23-59-56
Universe_mod.pak,UI/UNI_ARTS/UNI_ART_95_NAME.(WindowTextView).xdb,added,,1529,2107-12-31-23-59-56
Universe_mod.pak,UI/UNI_ARTS/UNI_ART_96.(BackgroundSimpleScallingTexture).xdb,added,,319,2107-12-31-23-59-56
Universe_mod.pak,UI/UNI_ARTS/UNI_ART_96.(WindowMSButton).xdb,added,,2092,2107-12-31-23-59-56
Universe_mod.pak,UI/UNI_ARTS/UNI_ART_96.(WindowMSButtonShared).xdb,added,,2427,2107-12-31-23-59-56
Universe_mod.pak,UI/UNI_ARTS/UNI_ART_96.(WindowSimple).xdb,added,,1117,2107-12-31-23-59-56
Universe_mod.pak,UI/UNI_ARTS/UNI_ART_96.(WindowSimpleShared).xdb,added,,1579,2107-12-31-23-59-56
Universe_mod.pak,UI/UNI_ARTS/UNI_ART_96_COST.(WindowTextView).xdb,added,,1267,2107-12-31-23-59-56
Universe_mod.pak,UI/UNI_ARTS/UNI_ART_96_DESCRIPTION.(WindowTextView).xdb,added,,1286,2107-12-31-23-59-56
Universe_mod.pak,UI/UNI_ARTS/UNI_ART_96_NAME.(WindowTextView).xdb,added,,1390,2107-12-31-23-59-56
Universe_mod.pak,UI/UNI_ARTS/UNI_ART_97.(BackgroundSimpleScallingTexture).xdb,added,,306,2107-12-31-23-59-56
Universe_mod.pak,UI/UNI_ARTS/UNI_ART_97.(WindowMSButton).xdb,added,,2082,2107-12-31-23-59-56
Universe_mod.pak,UI/UNI_ARTS/UNI_ART_97.(WindowMSButtonShared).xdb,added,,2427,2107-12-31-23-59-56
Universe_mod.pak,UI/UNI_ARTS/UNI_ART_97.(WindowSimple).xdb,added,,1119,2107-12-31-23-59-56
Universe_mod.pak,UI/UNI_ARTS/UNI_ART_97.(WindowSimpleShared).xdb,added,,1520,2107-12-31-23-59-56
Universe_mod.pak,UI/UNI_ARTS/UNI_ART_97_COST.(WindowTextView).xdb,added,,1267,2107-12-31-23-59-56
Universe_mod.pak,UI/UNI_ARTS/UNI_ART_97_DESCRIPTION.(WindowTextView).xdb,added,,1286,2107-12-31-23-59-56
Universe_mod.pak,UI/UNI_ARTS/UNI_ART_97_NAME.(WindowTextView).xdb,added,,1514,2107-12-31-23-59-56
Universe_mod.pak,UI/UNI_ARTS/UNI_ART_98.(BackgroundSimpleScallingTexture).xdb,added,,294,2107-12-31-23-59-56
Universe_mod.pak,UI/UNI_ARTS/UNI_ART_98.(WindowMSButton).xdb,added,,1797,2107-12-31-23-59-56
Universe_mod.pak,UI/UNI_ARTS/UNI_ART_98.(WindowMSButtonShared).xdb,added,,2427,2107-12-31-23-59-56
Universe_mod.pak,UI/UNI_ARTS/UNI_ART_98.(WindowSimple).xdb,added,,1060,2107-12-31-23-59-56
Universe_mod.pak,UI/UNI_ARTS/UNI_ART_98.(WindowSimpleShared).xdb,added,,1440,2107-12-31-23-59-56
Universe_mod.pak,UI/UNI_ARTS/UNI_ART_98_COST.(WindowTextView).xdb,added,,1267,2107-12-31-23-59-56
Universe_mod.pak,UI/UNI_ARTS/UNI_ART_98_DESCRIPTION.(WindowTextView).xdb,added,,1286,2107-12-31-23-59-56
Universe_mod.pak,UI/UNI_ARTS/UNI_ART_98_NAME.(WindowTextView).xdb,added,,1327,2107-12-31-23-59-56
Universe_mod.pak,UI/UNI_ARTS/UNI_ART_99.(BackgroundSimpleScallingTexture).xdb,added,,294,2107-12-31-23-59-56
Universe_mod.pak,UI/UNI_ARTS/UNI_ART_99.(WindowMSButton).xdb,added,,1797,2107-12-31-23-59-56
Universe_mod.pak,UI/UNI_ARTS/UNI_ART_99.(WindowMSButtonShared).xdb,added,,2427,2107-12-31-23-59-56
Universe_mod.pak,UI/UNI_ARTS/UNI_ART_99.(WindowSimple).xdb,added,,1060,2107-12-31-23-59-56
Universe_mod.pak,UI/UNI_ARTS/UNI_ART_99.(WindowSimpleShared).xdb,added,,1440,2107-12-31-23-59-56
Universe_mod.pak,UI/UNI_ARTS/UNI_ART_99_COST.(WindowTextView).xdb,added,,1267,2107-12-31-23-59-56
Universe_mod.pak,UI/UNI_ARTS/UNI_ART_99_DESCRIPTION.(WindowTextView).xdb,added,,1286,2107-12-31-23-59-56
Universe_mod.pak,UI/UNI_ARTS/UNI_ART_99_NAME.(WindowTextView).xdb,added,,1327,2107-12-31-23-59-56
Universe_mod.pak,UI/UNI_ARTS/UNI_ART_DESCRIPTION_FORMAT.(TextFormat).xdb,added,,788,2107-12-31-23-59-56
Universe_mod.pak,UI/UNI_ARTS/UNI_ART_DESCRIPTION_SHARED.(WindowTextViewShared).xdb,added,,1020,2107-12-31-23-59-56
Universe_mod.pak,UI/UNI_ARTS/UNI_ART_NAME_MAJOR_TEXTFORMAT.(TextFormat).xdb,added,,821,2107-12-31-23-59-56
Universe_mod.pak,UI/UNI_ARTS/UNI_ART_NAME_MINOR_TEXTFORMAT.(TextFormat).xdb,added,,821,2107-12-31-23-59-56
Universe_mod.pak,UI/UNI_ARTS/UNI_ART_NAME_RELIC_TEXTFORMAT.(TextFormat).xdb,added,,821,2107-12-31-23-59-56
Universe_mod.pak,UI/UNI_ARTS/UNI_ART_NAME_SHARED.(WindowTextViewShared).xdb,added,,1022,2107-12-31-23-59-56
Universe_mod.pak,UI/UNI_ARTS/UNI_ART_NAME_TEXTFORMAT.(TextFormat).xdb,added,,811,2107-12-31-23-59-56
Universe_mod.pak,UI/UNI_ARTS/Uni_Cr_Norm.(BackgroundSimpleTexture).xdb,added,,289,2107-12-31-23-59-56
Universe_mod.pak,UI/UNI_ARTS/Uni_Cr_Norm.(Texture).xdb,added,,581,2107-12-31-23-59-56
Universe_mod.pak,UI/UNI_ARTS/Uni_Cr_Over.(BackgroundSimpleTexture).xdb,added,,289,2107-12-31-23-59-56
Universe_mod.pak,UI/UNI_ARTS/Uni_Cr_Over.(Texture).xdb,added,,579,2107-12-31-23-59-56
Universe_mod.pak,UI/UNI_ARTS/Uni_Cr_Push.(BackgroundSimpleTexture).xdb,added,,289,2107-12-31-23-59-56
Universe_mod.pak,UI/UNI_ARTS/Uni_Cr_Push.(Texture).xdb,added,,581,2107-12-31-23-59-56
Universe_mod.pak,UI/UNI_BOOK/BUTCLOSE.(UISSendUIMessage).xdb,added,,501,2107-12-31-23-59-56
Universe_mod.pak,UI/UNI_BOOK/BUTOPEN.(UISSendUIMessage).xdb,added,,501,2107-12-31-23-59-56
Universe_mod.pak,UI/UNI_BOOK/CONTACTS.(BackgroundSimpleTexture).xdb,added,,286,2107-12-31-23-59-56
Universe_mod.pak,UI/UNI_BOOK/Contacts.(Texture).dds,added,,2949248,2107-12-31-23-59-56
Universe_mod.pak,UI/UNI_BOOK/Contacts.(Texture).xdb,added,,588,2107-12-31-23-59-56
Universe_mod.pak,UI/UNI_BOOK/CR_UNI_CLOSE_ALL.(UISSendUIMessage).xdb,added,,501,2107-12-31-23-59-56
Universe_mod.pak,UI/UNI_BOOK/CR_UNI_CLOSE_ALL.(WindowMSButton).xdb,added,,2528,2107-12-31-23-59-56
Universe_mod.pak,UI/UNI_BOOK/CR_UNI_CLOSE_ALL.(WindowMSButtonShared).xdb,added,,3711,2107-12-31-23-59-56
Universe_mod.pak,UI/UNI_BOOK/ExitNorm.(BackgroundSimpleTexture).xdb,added,,286,2107-12-31-23-59-56
Universe_mod.pak,UI/UNI_BOOK/ExitNorm.(Texture).dds,added,,10736,2107-12-31-23-59-56
Universe_mod.pak,UI/UNI_BOOK/ExitNorm.(Texture).xdb,added,,578,2107-12-31-23-59-56
Universe_mod.pak,UI/UNI_BOOK/ExitOver.(BackgroundSimpleTexture).xdb,added,,286,2107-12-31-23-59-56
Universe_mod.pak,UI/UNI_BOOK/ExitOver.(Texture).dds,added,,10736,2107-12-31-23-59-56
Universe_mod.pak,UI/UNI_BOOK/ExitOver.(Texture).xdb,added,,578,2107-12-31-23-59-56
Universe_mod.pak,UI/UNI_BOOK/ExitPressed.(BackgroundSimpleTexture).xdb,added,,289,2107-12-31-23-59-56
Universe_mod.pak,UI/UNI_BOOK/ExitPressed.(Texture).dds,added,,10736,2107-12-31-23-59-56
Universe_mod.pak,UI/UNI_BOOK/ExitPressed.(Texture).xdb,added,,583,2107-12-31-23-59-56
Universe_mod.pak,UI/UNI_BOOK/GMAPBUTT.(BackgroundSimpleTexture).xdb,added,,287,2107-12-31-23-59-56
Universe_mod.pak,UI/UNI_BOOK/GMAPBUTT.(Texture).xdb,added,,577,2107-12-31-23-59-56
Universe_mod.pak,UI/UNI_BOOK/gmaphelp.(Texture).dds,added,,3728,2107-12-31-23-59-56
Universe_mod.pak,UI/UNI_BOOK/gmaphelp.(Texture).xdb,added,,577,2107-12-31-23-59-56
Universe_mod.pak,UI/UNI_BOOK/gmaphelppressed.xdb,added,,289,2107-12-31-23-59-56
Universe_mod.pak,UI/UNI_BOOK/gmapnormal.(Texture).dds,added,,6528,2107-12-31-23-59-56
Universe_mod.pak,UI/UNI_BOOK/gmapnormal.(Texture).xdb,added,,579,2107-12-31-23-59-56
Universe_mod.pak,UI/UNI_BOOK/MAIN.(WindowSimple).xdb,added,,1105,2107-12-31-23-59-56
Universe_mod.pak,UI/UNI_BOOK/MAIN.(WindowSimpleShared).xdb,added,,1110,2107-12-31-23-59-56
Universe_mod.pak,UI/UNI_BOOK/MAINMENU_01_NORMAL.(BackgroundSimpleTexture).xdb,added,,296,2107-12-31-23-59-56
Universe_mod.pak,UI/UNI_BOOK/MAINMENU_01_NORMAL.(Texture).dds,added,,120128,2107-12-31-23-59-56
Universe_mod.pak,UI/UNI_BOOK/MAINMENU_01_NORMAL.(Texture).xdb,added,,604,2107-12-31-23-59-56
Universe_mod.pak,UI/UNI_BOOK/MAINMENU_01_OVER.(BackgroundSimpleTexture).xdb,added,,294,2107-12-31-23-59-56
Universe_mod.pak,UI/UNI_BOOK/MAINMENU_01_OVER.(Texture).dds,added,,120128,2107-12-31-23-59-56
Universe_mod.pak,UI/UNI_BOOK/MAINMENU_01_OVER.(Texture).xdb,added,,600,2107-12-31-23-59-56
Universe_mod.pak,UI/UNI_BOOK/MAINMENU_02_NORMAL.(BackgroundSimpleTexture).xdb,added,,296,2107-12-31-23-59-56
Universe_mod.pak,UI/UNI_BOOK/MAINMENU_02_NORMAL.(Texture).dds,added,,120128,2107-12-31-23-59-56
Universe_mod.pak,UI/UNI_BOOK/MAINMENU_02_NORMAL.(Texture).xdb,added,,604,2107-12-31-23-59-56
Universe_mod.pak,UI/UNI_BOOK/MAINMENU_02_OVER.(BackgroundSimpleTexture).xdb,added,,294,2107-12-31-23-59-56
Universe_mod.pak,UI/UNI_BOOK/MAINMENU_02_OVER.(Texture).dds,added,,120128,2107-12-31-23-59-56
Universe_mod.pak,UI/UNI_BOOK/MAINMENU_02_OVER.(Texture).xdb,added,,600,2107-12-31-23-59-56
Universe_mod.pak,UI/UNI_BOOK/MAINMENU_03_NORMAL.(BackgroundSimpleTexture).xdb,added,,296,2107-12-31-23-59-56
Universe_mod.pak,UI/UNI_BOOK/MAINMENU_03_NORMAL.(Texture).dds,added,,120128,2107-12-31-23-59-56
Universe_mod.pak,UI/UNI_BOOK/MAINMENU_03_NORMAL.(Texture).xdb,added,,604,2107-12-31-23-59-56
Universe_mod.pak,UI/UNI_BOOK/MAINMENU_03_OVER.(BackgroundSimpleTexture).xdb,added,,294,2107-12-31-23-59-56
Universe_mod.pak,UI/UNI_BOOK/MAINMENU_03_OVER.(Texture).dds,added,,120128,2107-12-31-23-59-56
Universe_mod.pak,UI/UNI_BOOK/MAINMENU_03_OVER.(Texture).xdb,added,,600,2107-12-31-23-59-56
Universe_mod.pak,UI/UNI_BOOK/OPEN_A_PAGE.(UISSendUIMessage).xdb,added,,503,2107-12-31-23-59-56
Universe_mod.pak,UI/UNI_BOOK/OPEN_R_PAGE.(UISSendUIMessage).xdb,added,,503,2107-12-31-23-59-56
Universe_mod.pak,UI/UNI_BOOK/OPEN_U_PAGE.(UISSendUIMessage).xdb,added,,506,2107-12-31-23-59-56
Universe_mod.pak,UI/UNI_BOOK/overbutt.(Texture).dds,added,,3728,2107-12-31-23-59-56
Universe_mod.pak,UI/UNI_BOOK/overbutt.(Texture).xdb,added,,581,2107-12-31-23-59-56
Universe_mod.pak,UI/UNI_BOOK/overbutton.xdb,added,,286,2107-12-31-23-59-56
Universe_mod.pak,UI/UNI_BOOK/OVERLAY.(BackgroundSimpleTexture).xdb,added,,285,2107-12-31-23-59-56
Universe_mod.pak,UI/UNI_BOOK/OVERLAY.(Texture).dds,added,,5312,2107-12-31-23-59-56
Universe_mod.pak,UI/UNI_BOOK/OVERLAY.(Texture).xdb,added,,575,2107-12-31-23-59-56
Universe_mod.pak,UI/UNI_BOOK/press00.(Texture).dds,added,,3728,2107-12-31-23-59-56
Universe_mod.pak,UI/UNI_BOOK/press00.(Texture).xdb,added,,576,2107-12-31-23-59-56
Universe_mod.pak,UI/UNI_BOOK/pressed.xdb,added,,289,2107-12-31-23-59-56
Universe_mod.pak,UI/UNI_BOOK/Rules_01.(BackgroundSimpleTexture).xdb,added,,286,2107-12-31-23-59-56
Universe_mod.pak,UI/UNI_BOOK/Rules_01.(Texture).dds,added,,2949248,2107-12-31-23-59-56
Universe_mod.pak,UI/UNI_BOOK/Rules_01.(Texture).xdb,added,,580,2107-12-31-23-59-56
Universe_mod.pak,UI/UNI_BOOK/Rules_02.(BackgroundSimpleTexture).xdb,added,,286,2107-12-31-23-59-56
Universe_mod.pak,UI/UNI_BOOK/Rules_02.(Texture).dds,added,,2949248,2107-12-31-23-59-56
Universe_mod.pak,UI/UNI_BOOK/Rules_02.(Texture).xdb,added,,588,2107-12-31-23-59-56
Universe_mod.pak,UI/UNI_BOOK/UNIBOOK_02.(BackgroundSimpleTexture).xdb,added,,288,2107-12-31-23-59-56
Universe_mod.pak,UI/UNI_BOOK/UNIBOOK_02.(Texture).dds,added,,2949248,2107-12-31-23-59-56
Universe_mod.pak,UI/UNI_BOOK/UNIBOOK_02.(Texture).xdb,added,,577,2107-12-31-23-59-56
Universe_mod.pak,UI/UNI_BOOK/UNIBOOK_03.(BackgroundSimpleTexture).xdb,added,,288,2107-12-31-23-59-56
Universe_mod.pak,UI/UNI_BOOK/UNIBOOK_03.(Texture).dds,added,,2949248,2107-12-31-23-59-56
Universe_mod.pak,UI/UNI_BOOK/UNIBOOK_03.(Texture).xdb,added,,577,2107-12-31-23-59-56
Universe_mod.pak,UI/UNI_BOOK/UNIBOOK_1_BUTT.(BackgroundSimpleTexture).xdb,added,,292,2107-12-31-23-59-56
Universe_mod.pak,UI/UNI_BOOK/UNIBOOK_1_BUTT.(Texture).dds,added,,2949248,2107-12-31-23-59-56
Universe_mod.pak,UI/UNI_BOOK/UNIBOOK_1_BUTT.(Texture).xdb,added,,586,2107-12-31-23-59-56
Universe_mod.pak,UI/UNI_BOOK/UNIBOOK_2_BUTT.(BackgroundSimpleTexture).xdb,added,,292,2107-12-31-23-59-56
Universe_mod.pak,UI/UNI_BOOK/UNIBOOK_2_BUTT.(Texture).dds,added,,2949248,2107-12-31-23-59-56
Universe_mod.pak,UI/UNI_BOOK/UNIBOOK_2_BUTT.(Texture).xdb,added,,581,2107-12-31-23-59-56
Universe_mod.pak,UI/UNI_BOOK/UNIBOOK_A_PAGE.(WindowSimple).xdb,added,,1125,2107-12-31-23-59-56
Universe_mod.pak,UI/UNI_BOOK/UNIBOOK_A_PAGE.(WindowSimpleShared).xdb,added,,1190,2107-12-31-23-59-56
Universe_mod.pak,UI/UNI_BOOK/UNIBOOK_DOWN_ARROW.(BackgroundSimpleTexture).xdb,added,,296,2107-12-31-23-59-56
Universe_mod.pak,UI/UNI_BOOK/UNIBOOK_DOWN_ARROW.(Texture).dds,added,,8928,2107-12-31-23-59-56
Universe_mod.pak,UI/UNI_BOOK/UNIBOOK_DOWN_ARROW.(Texture).xdb,added,,596,2107-12-31-23-59-56
Universe_mod.pak,UI/UNI_BOOK/UNIBOOK_DOWN_ARROW_OVERLAY.(BackgroundSimpleTexture).xdb,added,,304,2107-12-31-23-59-56
Universe_mod.pak,UI/UNI_BOOK/UNIBOOK_DOWN_ARROW_OVERLAY.(Texture).dds,added,,8928,2107-12-31-23-59-56
Universe_mod.pak,UI/UNI_BOOK/UNIBOOK_DOWN_ARROW_OVERLAY.(Texture).xdb,added,,605,2107-12-31-23-59-56
Universe_mod.pak,UI/UNI_BOOK/UNIBOOK_R_PAGE.(WindowSimple).xdb,added,,1125,2107-12-31-23-59-56
Universe_mod.pak,UI/UNI_BOOK/UNIBOOK_R_PAGE.(WindowSimpleShared).xdb,added,,1273,2107-12-31-23-59-56
Universe_mod.pak,UI/UNI_BOOK/UNIBOOK_R_PAGE_02.(WindowSimple).xdb,added,,1131,2107-12-31-23-59-56
Universe_mod.pak,UI/UNI_BOOK/UNIBOOK_R_PAGE_02.(WindowSimpleShared).xdb,added,,1191,2107-12-31-23-59-56
Universe_mod.pak,UI/UNI_BOOK/UNIBOOK_UP_ARROW_NORMAL.(BackgroundSimpleTexture).xdb,added,,301,2107-12-31-23-59-56
Universe_mod.pak,UI/UNI_BOOK/UNIBOOK_UP_ARROW_NORMAL.(Texture).dds,added,,8928,2107-12-31-23-59-56
Universe_mod.pak,UI/UNI_BOOK/UNIBOOK_UP_ARROW_NORMAL.(Texture).xdb,added,,599,2107-12-31-23-59-56
Universe_mod.pak,UI/UNI_BOOK/UNIBOOK_UP_ARROW_OVERLAY.(BackgroundSimpleTexture).xdb,added,,302,2107-12-31-23-59-56
Universe_mod.pak,UI/UNI_BOOK/UNIBOOK_UP_ARROW_OVERLAY.(Texture).dds,added,,8928,2107-12-31-23-59-56
Universe_mod.pak,UI/UNI_BOOK/UNIBOOK_UP_ARROW_OVERLAY.(Texture).xdb,added,,601,2107-12-31-23-59-56
Universe_mod.pak,UI/UNI_BOOK/UNIBOOK_U_PAGE_01.(UISSendUIMessage).xdb,added,,506,2107-12-31-23-59-56
Universe_mod.pak,UI/UNI_BOOK/UNIBOOK_U_PAGE_01.(WindowSimple).xdb,added,,1142,2107-12-31-23-59-56
Universe_mod.pak,UI/UNI_BOOK/UNIBOOK_U_PAGE_01.(WindowSimpleShared).xdb,added,,1280,2107-12-31-23-59-56
Universe_mod.pak,UI/UNI_BOOK/UNIBOOK_U_PAGE_02.(WindowSimple).xdb,added,,1131,2107-12-31-23-59-56
Universe_mod.pak,UI/UNI_BOOK/UNIBOOK_U_PAGE_02.(WindowSimpleShared).xdb,added,,1276,2107-12-31-23-59-56
Universe_mod.pak,UI/UNI_BOOK/UNIBOOK_U_PAGE_03.(WindowSimple).xdb,added,,1131,2107-12-31-23-59-56
Universe_mod.pak,UI/UNI_BOOK/UNIBOOK_U_PAGE_03.(WindowSimpleShared).xdb,added,,1276,2107-12-31-23-59-56
Universe_mod.pak,UI/UNI_BOOK/UNINORMAL.(Texture).dds,added,,3728,2107-12-31-23-59-56
Universe_mod.pak,UI/UNI_BOOK/UNINORMAL.(Texture).xdb,added,,570,2107-12-31-23-59-56
Universe_mod.pak,UI/UNI_BOOK/UNIUPDATE.(BackgroundSimpleTexture).xdb,added,,287,2107-12-31-23-59-56
Universe_mod.pak,UI/UNI_BOOK/UNIUPDATE.(Texture).dds,added,,1960128,2107-12-31-23-59-56
Universe_mod.pak,UI/UNI_BOOK/UNIUPDATE.(Texture).xdb,added,,571,2107-12-31-23-59-56
Universe_mod.pak,UI/UNI_BOOK/UniverseBook.(WindowSimple).xdb,added,,1121,2107-12-31-23-59-56
Universe_mod.pak,UI/UNI_BOOK/UniverseBook.(WindowSimpleShared).xdb,added,,1573,2107-12-31-23-59-56
Universe_mod.pak,UI/UNI_BOOK/UNI_A_BUTTON.(WindowMSButton).xdb,added,,1946,2107-12-31-23-59-56
Universe_mod.pak,UI/UNI_BOOK/UNI_A_BUTTON.(WindowMSButtonShared).xdb,added,,2514,2107-12-31-23-59-56
Universe_mod.pak,UI/UNI_BOOK/UNI_A_D_0_BUTTON.(UISSendUIMessage).xdb,added,,503,2107-12-31-23-59-56
Universe_mod.pak,UI/UNI_BOOK/UNI_A_D_0_BUTTON.(WindowMSButton).xdb,added,,1934,2107-12-31-23-59-56
Universe_mod.pak,UI/UNI_BOOK/UNI_A_D_0_BUTTON.(WindowMSButtonShared).xdb,added,,2530,2107-12-31-23-59-56
Universe_mod.pak,UI/UNI_BOOK/UNI_BOOK.(WindowMSButton).xdb,added,,2516,2107-12-31-23-59-56
Universe_mod.pak,UI/UNI_BOOK/UNI_BOOK.(WindowMSButtonShared).xdb,added,,3945,2107-12-31-23-59-56
Universe_mod.pak,UI/UNI_BOOK/UNI_BOOK.(WindowSimple).xdb,added,,1484,2107-12-31-23-59-56
Universe_mod.pak,UI/UNI_BOOK/UNI_BOOK.(WindowSimpleShared).xdb,added,,1347,2107-12-31-23-59-56
Universe_mod.pak,UI/UNI_BOOK/UNI_BOOK_MAIN.(BackgroundSimpleTexture).xdb,added,,291,2107-12-31-23-59-56
Universe_mod.pak,UI/UNI_BOOK/UNI_BOOK_MAIN.(Texture).dds,added,,2949248,2107-12-31-23-59-56
Universe_mod.pak,UI/UNI_BOOK/UNI_BOOK_MAIN.(Texture).xdb,added,,594,2107-12-31-23-59-56
Universe_mod.pak,UI/UNI_BOOK/UNI_FOREGROUND.(BackgroundSimpleTexture).xdb,added,,299,2107-12-31-23-59-56
Universe_mod.pak,UI/UNI_BOOK/UNI_FOREGROUND.(Texture).dds,added,,3145856,2107-12-31-23-59-56
Universe_mod.pak,UI/UNI_BOOK/UNI_FOREGROUND.(Texture).xdb,added,,591,2107-12-31-23-59-56
Universe_mod.pak,UI/UNI_BOOK/UNI_R_BUTTON.(WindowMSButton).xdb,added,,1946,2107-12-31-23-59-56
Universe_mod.pak,UI/UNI_BOOK/UNI_R_BUTTON.(WindowMSButtonShared).xdb,added,,2514,2107-12-31-23-59-56
Universe_mod.pak,UI/UNI_BOOK/UNI_R_D_01_BUTTON.(UISSendUIMessage).xdb,added,,485,2107-12-31-23-59-56
Universe_mod.pak,UI/UNI_BOOK/UNI_R_D_01_BUTTON.(WindowMSButton).xdb,added,,1936,2107-12-31-23-59-56
Universe_mod.pak,UI/UNI_BOOK/UNI_R_D_01_BUTTON.(WindowMSButtonShared).xdb,added,,2419,2107-12-31-23-59-56
Universe_mod.pak,UI/UNI_BOOK/UNI_R_D_0_BUTTON.(UISSendUIMessage).xdb,added,,503,2107-12-31-23-59-56
Universe_mod.pak,UI/UNI_BOOK/UNI_R_D_0_BUTTON.(WindowMSButton).xdb,added,,1934,2107-12-31-23-59-56
Universe_mod.pak,UI/UNI_BOOK/UNI_R_D_0_BUTTON.(WindowMSButtonShared).xdb,added,,2530,2107-12-31-23-59-56
Universe_mod.pak,UI/UNI_BOOK/Uni_Up_Push.(Texture).dds,added,,3728,2107-12-31-23-59-56
Universe_mod.pak,UI/UNI_BOOK/Uni_Up_Push.(Texture).xdb,added,,581,2107-12-31-23-59-56
Universe_mod.pak,UI/UNI_BOOK/UNI_U_BUTTON.(WindowMSButton).xdb,added,,1947,2107-12-31-23-59-56
Universe_mod.pak,UI/UNI_BOOK/UNI_U_BUTTON.(WindowMSButtonShared).xdb,added,,2514,2107-12-31-23-59-56
Universe_mod.pak,UI/UNI_BOOK/UNI_U_D_01_BUTTON.(UISSendUIMessage).xdb,added,,485,2107-12-31-23-59-56
Universe_mod.pak,UI/UNI_BOOK/UNI_U_D_01_BUTTON.(WindowMSButton).xdb,added,,1936,2107-12-31-23-59-56
Universe_mod.pak,UI/UNI_BOOK/UNI_U_D_01_BUTTON.(WindowMSButtonShared).xdb,added,,2419,2107-12-31-23-59-56
Universe_mod.pak,UI/UNI_BOOK/UNI_U_D_02_BUTTON.(UISSendUIMessage).xdb,added,,485,2107-12-31-23-59-56
Universe_mod.pak,UI/UNI_BOOK/UNI_U_D_02_BUTTON.(WindowMSButton).xdb,added,,2020,2107-12-31-23-59-56
Universe_mod.pak,UI/UNI_BOOK/UNI_U_D_02_BUTTON.(WindowMSButtonShared).xdb,added,,2419,2107-12-31-23-59-56
Universe_mod.pak,UI/UNI_BOOK/UNI_U_D_03_BUTTON.(UISSendUIMessage).xdb,added,,485,2107-12-31-23-59-56
Universe_mod.pak,UI/UNI_BOOK/UNI_U_D_03_BUTTON.(WindowMSButton).xdb,added,,2026,2107-12-31-23-59-56
Universe_mod.pak,UI/UNI_BOOK/UNI_U_D_03_BUTTON.(WindowMSButtonShared).xdb,added,,2419,2107-12-31-23-59-56
Universe_mod.pak,UI/UNI_BOOK/UNI_U_D_04_BUTTON.(UISSendUIMessage).xdb,added,,485,2107-12-31-23-59-56
Universe_mod.pak,UI/UNI_BOOK/UNI_U_D_04_BUTTON.(WindowMSButton).xdb,added,,2026,2107-12-31-23-59-56
Universe_mod.pak,UI/UNI_BOOK/UNI_U_D_04_BUTTON.(WindowMSButtonShared).xdb,added,,2419,2107-12-31-23-59-56
Universe_mod.pak,UI/UNI_BOOK/UNI_U_D_05_BUTTON.(UISSendUIMessage).xdb,added,,485,2107-12-31-23-59-56
Universe_mod.pak,UI/UNI_BOOK/UNI_U_D_05_BUTTON.(WindowMSButton).xdb,added,,2026,2107-12-31-23-59-56
Universe_mod.pak,UI/UNI_BOOK/UNI_U_D_05_BUTTON.(WindowMSButtonShared).xdb,added,,2419,2107-12-31-23-59-56
Universe_mod.pak,UI/UNI_BOOK/UNI_U_D_06_BUTTON.(UISSendUIMessage).xdb,added,,485,2107-12-31-23-59-56
Universe_mod.pak,UI/UNI_BOOK/UNI_U_D_06_BUTTON.(WindowMSButton).xdb,added,,2026,2107-12-31-23-59-56
Universe_mod.pak,UI/UNI_BOOK/UNI_U_D_06_BUTTON.(WindowMSButtonShared).xdb,added,,2419,2107-12-31-23-59-56
Universe_mod.pak,UI/UNI_BOOK/UNI_U_D_07_BUTTON.(UISSendUIMessage).xdb,added,,485,2107-12-31-23-59-56
Universe_mod.pak,UI/UNI_BOOK/UNI_U_D_07_BUTTON.(WindowMSButton).xdb,added,,2026,2107-12-31-23-59-56
Universe_mod.pak,UI/UNI_BOOK/UNI_U_D_07_BUTTON.(WindowMSButtonShared).xdb,added,,2419,2107-12-31-23-59-56
Universe_mod.pak,UI/UNI_BOOK/UNI_U_D_08_BUTTON.(UISSendUIMessage).xdb,added,,485,2107-12-31-23-59-56
Universe_mod.pak,UI/UNI_BOOK/UNI_U_D_08_BUTTON.(WindowMSButton).xdb,added,,2026,2107-12-31-23-59-56
Universe_mod.pak,UI/UNI_BOOK/UNI_U_D_08_BUTTON.(WindowMSButtonShared).xdb,added,,2419,2107-12-31-23-59-56
Universe_mod.pak,UI/UNI_BOOK/UNI_U_D_09_BUTTON.(UISSendUIMessage).xdb,added,,485,2107-12-31-23-59-56
Universe_mod.pak,UI/UNI_BOOK/UNI_U_D_09_BUTTON.(WindowMSButton).xdb,added,,2026,2107-12-31-23-59-56
Universe_mod.pak,UI/UNI_BOOK/UNI_U_D_09_BUTTON.(WindowMSButtonShared).xdb,added,,2419,2107-12-31-23-59-56
Universe_mod.pak,UI/UNI_BOOK/UNI_U_D_10_BUTTON.(UISSendUIMessage).xdb,added,,485,2107-12-31-23-59-56
Universe_mod.pak,UI/UNI_BOOK/UNI_U_D_10_BUTTON.(WindowMSButton).xdb,added,,2026,2107-12-31-23-59-56
Universe_mod.pak,UI/UNI_BOOK/UNI_U_D_10_BUTTON.(WindowMSButtonShared).xdb,added,,2419,2107-12-31-23-59-56
Universe_mod.pak,UI/UNI_BOOK/UNI_U_D_11_BUTTON.(UISSendUIMessage).xdb,added,,485,2107-12-31-23-59-56
Universe_mod.pak,UI/UNI_BOOK/UNI_U_D_11_BUTTON.(WindowMSButton).xdb,added,,2026,2107-12-31-23-59-56
Universe_mod.pak,UI/UNI_BOOK/UNI_U_D_11_BUTTON.(WindowMSButtonShared).xdb,added,,2419,2107-12-31-23-59-56
Universe_mod.pak,UI/UNI_BOOK/UNI_U_D_12_BUTTON.(UISSendUIMessage).xdb,added,,485,2107-12-31-23-59-56
Universe_mod.pak,UI/UNI_BOOK/UNI_U_D_12_BUTTON.(WindowMSButton).xdb,added,,2026,2107-12-31-23-59-56
Universe_mod.pak,UI/UNI_BOOK/UNI_U_D_12_BUTTON.(WindowMSButtonShared).xdb,added,,2419,2107-12-31-23-59-56
Universe_mod.pak,UI/UNI_BOOK/UNI_U_D_13_BUTTON.(UISSendUIMessage).xdb,added,,485,2107-12-31-23-59-56
Universe_mod.pak,UI/UNI_BOOK/UNI_U_D_13_BUTTON.(WindowMSButton).xdb,added,,2026,2107-12-31-23-59-56
Universe_mod.pak,UI/UNI_BOOK/UNI_U_D_13_BUTTON.(WindowMSButtonShared).xdb,added,,2419,2107-12-31-23-59-56
Universe_mod.pak,UI/UNI_BOOK/UNI_U_D_14_BUTTON.(UISSendUIMessage).xdb,added,,485,2107-12-31-23-59-56
Universe_mod.pak,UI/UNI_BOOK/UNI_U_D_14_BUTTON.(WindowMSButton).xdb,added,,2026,2107-12-31-23-59-56
Universe_mod.pak,UI/UNI_BOOK/UNI_U_D_14_BUTTON.(WindowMSButtonShared).xdb,added,,2419,2107-12-31-23-59-56
Universe_mod.pak,UI/UNI_BOOK/UNI_U_D_15_BUTTON.(UISSendUIMessage).xdb,added,,485,2107-12-31-23-59-56
Universe_mod.pak,UI/UNI_BOOK/UNI_U_D_15_BUTTON.(WindowMSButton).xdb,added,,2026,2107-12-31-23-59-56
Universe_mod.pak,UI/UNI_BOOK/UNI_U_D_15_BUTTON.(WindowMSButtonShared).xdb,added,,2419,2107-12-31-23-59-56
Universe_mod.pak,UI/UNI_BOOK/UNI_U_D_16_BUTTON.(UISSendUIMessage).xdb,added,,485,2107-12-31-23-59-56
Universe_mod.pak,UI/UNI_BOOK/UNI_U_D_16_BUTTON.(WindowMSButton).xdb,added,,2026,2107-12-31-23-59-56
Universe_mod.pak,UI/UNI_BOOK/UNI_U_D_16_BUTTON.(WindowMSButtonShared).xdb,added,,2419,2107-12-31-23-59-56
Universe_mod.pak,UI/UNI_BOOK/UNI_U_D_17_BUTTON.(UISSendUIMessage).xdb,added,,485,2107-12-31-23-59-56
Universe_mod.pak,UI/UNI_BOOK/UNI_U_D_17_BUTTON.(WindowMSButton).xdb,added,,2026,2107-12-31-23-59-56
Universe_mod.pak,UI/UNI_BOOK/UNI_U_D_17_BUTTON.(WindowMSButtonShared).xdb,added,,2419,2107-12-31-23-59-56
Universe_mod.pak,UI/UNI_BOOK/UNI_U_D_18_BUTTON.(UISSendUIMessage).xdb,added,,485,2107-12-31-23-59-56
Universe_mod.pak,UI/UNI_BOOK/UNI_U_D_18_BUTTON.(WindowMSButton).xdb,added,,2026,2107-12-31-23-59-56
Universe_mod.pak,UI/UNI_BOOK/UNI_U_D_18_BUTTON.(WindowMSButtonShared).xdb,added,,2419,2107-12-31-23-59-56
Universe_mod.pak,UI/UNI_BOOK/UNI_U_D_19_BUTTON.(UISSendUIMessage).xdb,added,,485,2107-12-31-23-59-56
Universe_mod.pak,UI/UNI_BOOK/UNI_U_D_19_BUTTON.(WindowMSButton).xdb,added,,2026,2107-12-31-23-59-56
Universe_mod.pak,UI/UNI_BOOK/UNI_U_D_19_BUTTON.(WindowMSButtonShared).xdb,added,,2419,2107-12-31-23-59-56
Universe_mod.pak,UI/UNI_BOOK/UNI_U_D_20_BUTTON.(UISSendUIMessage).xdb,added,,485,2107-12-31-23-59-56
Universe_mod.pak,UI/UNI_BOOK/UNI_U_D_20_BUTTON.(WindowMSButton).xdb,added,,2026,2107-12-31-23-59-56
Universe_mod.pak,UI/UNI_BOOK/UNI_U_D_20_BUTTON.(WindowMSButtonShared).xdb,added,,2419,2107-12-31-23-59-56
Universe_mod.pak,UI/UNI_BOOK/UNI_U_D_21_BUTTON.(UISSendUIMessage).xdb,added,,485,2107-12-31-23-59-56
Universe_mod.pak,UI/UNI_BOOK/UNI_U_D_21_BUTTON.(WindowMSButton).xdb,added,,2026,2107-12-31-23-59-56
Universe_mod.pak,UI/UNI_BOOK/UNI_U_D_21_BUTTON.(WindowMSButtonShared).xdb,added,,2419,2107-12-31-23-59-56
Universe_mod.pak,UI/UNI_BOOK/UNI_U_D_22_BUTTON.(UISSendUIMessage).xdb,added,,485,2107-12-31-23-59-56
Universe_mod.pak,UI/UNI_BOOK/UNI_U_D_22_BUTTON.(WindowMSButton).xdb,added,,2026,2107-12-31-23-59-56
Universe_mod.pak,UI/UNI_BOOK/UNI_U_D_22_BUTTON.(WindowMSButtonShared).xdb,added,,2419,2107-12-31-23-59-56
Universe_mod.pak,UI/UNI_BOOK/UNI_U_R_01_BUTTON.(UISSendUIMessage).xdb,added,,506,2107-12-31-23-59-56
Universe_mod.pak,UI/UNI_BOOK/UNI_U_R_01_BUTTON.(WindowMSButton).xdb,added,,1961,2107-12-31-23-59-56
Universe_mod.pak,UI/UNI_BOOK/UNI_U_R_01_BUTTON.(WindowMSButtonShared).xdb,added,,2531,2107-12-31-23-59-56
Universe_mod.pak,UI/UNI_BOOK/UNI_U_U_01_BUTTON.(UISSendUIMessage).xdb,added,,506,2107-12-31-23-59-56
Universe_mod.pak,UI/UNI_BOOK/UNI_U_U_01_BUTTON.(WindowMSButton).xdb,added,,2050,2107-12-31-23-59-56
Universe_mod.pak,UI/UNI_BOOK/UNI_U_U_01_BUTTON.(WindowMSButtonShared).xdb,added,,2531,2107-12-31-23-59-56
Universe_mod.pak,UI/UNI_BOOK/UNI_U_U_02_BUTTON.(UISSendUIMessage).xdb,added,,485,2107-12-31-23-59-56
Universe_mod.pak,UI/UNI_BOOK/UNI_U_U_02_BUTTON.(WindowMSButton).xdb,added,,2050,2107-12-31-23-59-56
Universe_mod.pak,UI/UNI_BOOK/UNI_U_U_02_BUTTON.(WindowMSButtonShared).xdb,added,,2420,2107-12-31-23-59-56
Universe_mod.pak,UI/UNI_BOOK/UNI_U_U_03_BUTTON.(UISSendUIMessage).xdb,added,,485,2107-12-31-23-59-56
Universe_mod.pak,UI/UNI_BOOK/UNI_U_U_03_BUTTON.(WindowMSButton).xdb,added,,2050,2107-12-31-23-59-56
Universe_mod.pak,UI/UNI_BOOK/UNI_U_U_03_BUTTON.(WindowMSButtonShared).xdb,added,,2420,2107-12-31-23-59-56
Universe_mod.pak,UI/UNI_BOOK/UNI_U_U_04_BUTTON.(UISSendUIMessage).xdb,added,,485,2107-12-31-23-59-56
Universe_mod.pak,UI/UNI_BOOK/UNI_U_U_04_BUTTON.(WindowMSButton).xdb,added,,2050,2107-12-31-23-59-56
Universe_mod.pak,UI/UNI_BOOK/UNI_U_U_04_BUTTON.(WindowMSButtonShared).xdb,added,,2420,2107-12-31-23-59-56
Universe_mod.pak,UI/UNI_BOOK/UNI_U_U_05_BUTTON.(UISSendUIMessage).xdb,added,,485,2107-12-31-23-59-56
Universe_mod.pak,UI/UNI_BOOK/UNI_U_U_05_BUTTON.(WindowMSButton).xdb,added,,2050,2107-12-31-23-59-56
Universe_mod.pak,UI/UNI_BOOK/UNI_U_U_05_BUTTON.(WindowMSButtonShared).xdb,added,,2420,2107-12-31-23-59-56
Universe_mod.pak,UI/UNI_BOOK/UNI_U_U_06_BUTTON.(UISSendUIMessage).xdb,added,,485,2107-12-31-23-59-56
Universe_mod.pak,UI/UNI_BOOK/UNI_U_U_06_BUTTON.(WindowMSButton).xdb,added,,2050,2107-12-31-23-59-56
Universe_mod.pak,UI/UNI_BOOK/UNI_U_U_06_BUTTON.(WindowMSButtonShared).xdb,added,,2420,2107-12-31-23-59-56
Universe_mod.pak,UI/UNI_BOOK/UNI_U_U_07_BUTTON.(UISSendUIMessage).xdb,added,,485,2107-12-31-23-59-56
Universe_mod.pak,UI/UNI_BOOK/UNI_U_U_07_BUTTON.(WindowMSButton).xdb,added,,2050,2107-12-31-23-59-56
Universe_mod.pak,UI/UNI_BOOK/UNI_U_U_07_BUTTON.(WindowMSButtonShared).xdb,added,,2420,2107-12-31-23-59-56
Universe_mod.pak,UI/UNI_BOOK/UNI_U_U_08_BUTTON.(UISSendUIMessage).xdb,added,,485,2107-12-31-23-59-56
Universe_mod.pak,UI/UNI_BOOK/UNI_U_U_08_BUTTON.(WindowMSButton).xdb,added,,2050,2107-12-31-23-59-56
Universe_mod.pak,UI/UNI_BOOK/UNI_U_U_08_BUTTON.(WindowMSButtonShared).xdb,added,,2420,2107-12-31-23-59-56
Universe_mod.pak,UI/UNI_BOOK/UNI_U_U_09_BUTTON.(UISSendUIMessage).xdb,added,,485,2107-12-31-23-59-56
Universe_mod.pak,UI/UNI_BOOK/UNI_U_U_09_BUTTON.(WindowMSButton).xdb,added,,2050,2107-12-31-23-59-56
Universe_mod.pak,UI/UNI_BOOK/UNI_U_U_09_BUTTON.(WindowMSButtonShared).xdb,added,,2420,2107-12-31-23-59-56
Universe_mod.pak,UI/UNI_BOOK/UNI_U_U_10_BUTTON.(UISSendUIMessage).xdb,added,,485,2107-12-31-23-59-56
Universe_mod.pak,UI/UNI_BOOK/UNI_U_U_10_BUTTON.(WindowMSButton).xdb,added,,2050,2107-12-31-23-59-56
Universe_mod.pak,UI/UNI_BOOK/UNI_U_U_10_BUTTON.(WindowMSButtonShared).xdb,added,,2420,2107-12-31-23-59-56
Universe_mod.pak,UI/UNI_BOOK/UNI_U_U_11_BUTTON.(UISSendUIMessage).xdb,added,,485,2107-12-31-23-59-56
Universe_mod.pak,UI/UNI_BOOK/UNI_U_U_11_BUTTON.(WindowMSButton).xdb,added,,2050,2107-12-31-23-59-56
Universe_mod.pak,UI/UNI_BOOK/UNI_U_U_11_BUTTON.(WindowMSButtonShared).xdb,added,,2420,2107-12-31-23-59-56
Universe_mod.pak,UI/UNI_BOOK/UNI_U_U_12_BUTTON.(UISSendUIMessage).xdb,added,,485,2107-12-31-23-59-56
Universe_mod.pak,UI/UNI_BOOK/UNI_U_U_12_BUTTON.(WindowMSButton).xdb,added,,2050,2107-12-31-23-59-56
Universe_mod.pak,UI/UNI_BOOK/UNI_U_U_12_BUTTON.(WindowMSButtonShared).xdb,added,,2420,2107-12-31-23-59-56
Universe_mod.pak,UI/UNI_BOOK/UNI_U_U_13_BUTTON.(UISSendUIMessage).xdb,added,,485,2107-12-31-23-59-56
Universe_mod.pak,UI/UNI_BOOK/UNI_U_U_13_BUTTON.(WindowMSButton).xdb,added,,2050,2107-12-31-23-59-56
Universe_mod.pak,UI/UNI_BOOK/UNI_U_U_13_BUTTON.(WindowMSButtonShared).xdb,added,,2420,2107-12-31-23-59-56
Universe_mod.pak,UI/UNI_BOOK/UNI_U_U_14_BUTTON.(UISSendUIMessage).xdb,added,,485,2107-12-31-23-59-56
Universe_mod.pak,UI/UNI_BOOK/UNI_U_U_14_BUTTON.(WindowMSButton).xdb,added,,2050,2107-12-31-23-59-56
Universe_mod.pak,UI/UNI_BOOK/UNI_U_U_14_BUTTON.(WindowMSButtonShared).xdb,added,,2420,2107-12-31-23-59-56
Universe_mod.pak,UI/UNI_BOOK/UNI_U_U_15_BUTTON.(UISSendUIMessage).xdb,added,,485,2107-12-31-23-59-56
Universe_mod.pak,UI/UNI_BOOK/UNI_U_U_15_BUTTON.(WindowMSButton).xdb,added,,2050,2107-12-31-23-59-56
Universe_mod.pak,UI/UNI_BOOK/UNI_U_U_15_BUTTON.(WindowMSButtonShared).xdb,added,,2420,2107-12-31-23-59-56
Universe_mod.pak,UI/UNI_BOOK/UNI_U_U_16_BUTTON.(UISSendUIMessage).xdb,added,,485,2107-12-31-23-59-56
Universe_mod.pak,UI/UNI_BOOK/UNI_U_U_16_BUTTON.(WindowMSButton).xdb,added,,2050,2107-12-31-23-59-56
Universe_mod.pak,UI/UNI_BOOK/UNI_U_U_16_BUTTON.(WindowMSButtonShared).xdb,added,,2420,2107-12-31-23-59-56
Universe_mod.pak,UI/UNI_BOOK/UNI_U_U_17_BUTTON.(UISSendUIMessage).xdb,added,,485,2107-12-31-23-59-56
Universe_mod.pak,UI/UNI_BOOK/UNI_U_U_17_BUTTON.(WindowMSButton).xdb,added,,2050,2107-12-31-23-59-56
Universe_mod.pak,UI/UNI_BOOK/UNI_U_U_17_BUTTON.(WindowMSButtonShared).xdb,added,,2420,2107-12-31-23-59-56
Universe_mod.pak,UI/UNI_BOOK/UNI_U_U_18_BUTTON.(UISSendUIMessage).xdb,added,,485,2107-12-31-23-59-56
Universe_mod.pak,UI/UNI_BOOK/UNI_U_U_18_BUTTON.(WindowMSButton).xdb,added,,2050,2107-12-31-23-59-56
Universe_mod.pak,UI/UNI_BOOK/UNI_U_U_18_BUTTON.(WindowMSButtonShared).xdb,added,,2420,2107-12-31-23-59-56
Universe_mod.pak,UI/UNI_BOOK/UNI_U_U_19_BUTTON.(UISSendUIMessage).xdb,added,,485,2107-12-31-23-59-56
Universe_mod.pak,UI/UNI_BOOK/UNI_U_U_19_BUTTON.(WindowMSButton).xdb,added,,2050,2107-12-31-23-59-56
Universe_mod.pak,UI/UNI_BOOK/UNI_U_U_19_BUTTON.(WindowMSButtonShared).xdb,added,,2420,2107-12-31-23-59-56
Universe_mod.pak,UI/UNI_BOOK/UNI_U_U_20_BUTTON.(UISSendUIMessage).xdb,added,,485,2107-12-31-23-59-56
Universe_mod.pak,UI/UNI_BOOK/UNI_U_U_20_BUTTON.(WindowMSButton).xdb,added,,2050,2107-12-31-23-59-56
Universe_mod.pak,UI/UNI_BOOK/UNI_U_U_20_BUTTON.(WindowMSButtonShared).xdb,added,,2420,2107-12-31-23-59-56
Universe_mod.pak,UI/UNI_BOOK/UNI_U_U_21_BUTTON.(UISSendUIMessage).xdb,added,,485,2107-12-31-23-59-56
Universe_mod.pak,UI/UNI_BOOK/UNI_U_U_21_BUTTON.(WindowMSButton).xdb,added,,2050,2107-12-31-23-59-56
Universe_mod.pak,UI/UNI_BOOK/UNI_U_U_21_BUTTON.(WindowMSButtonShared).xdb,added,,2420,2107-12-31-23-59-56
Universe_mod.pak,UI/UNI_BOOK/UNI_U_U_22_BUTTON.(UISSendUIMessage).xdb,added,,485,2107-12-31-23-59-56
Universe_mod.pak,UI/UNI_BOOK/UNI_U_U_22_BUTTON.(WindowMSButton).xdb,added,,1874,2107-12-31-23-59-56
Universe_mod.pak,UI/UNI_BOOK/UNI_U_U_22_BUTTON.(WindowMSButtonShared).xdb,added,,2420,2107-12-31-23-59-56
Universe_mod.pak,UI/UNI_RMG_ADV/Close_Main_RMG_ADV.(UISSendUIMessage).xdb,added,,509,2107-12-31-23-59-56
Universe_mod.pak,UI/UNI_RMG_ADV/GMAPBUTT.(BackgroundSimpleTexture).xdb,added,,303,2107-12-31-23-59-56
Universe_mod.pak,UI/UNI_RMG_ADV/GMAPBUTT.(Texture).xdb,added,,577,2107-12-31-23-59-56
Universe_mod.pak,UI/UNI_RMG_ADV/gmaphelp.(Texture).dds,added,,3728,2107-12-31-23-59-56
Universe_mod.pak,UI/UNI_RMG_ADV/gmaphelp.(Texture).xdb,added,,577,2107-12-31-23-59-56
Universe_mod.pak,UI/UNI_RMG_ADV/gmaphelppressed.xdb,added,,286,2107-12-31-23-59-56
Universe_mod.pak,UI/UNI_RMG_ADV/gmapnormal.(Texture).dds,added,,6528,2107-12-31-23-59-56
Universe_mod.pak,UI/UNI_RMG_ADV/gmapnormal.(Texture).xdb,added,,579,2107-12-31-23-59-56
Universe_mod.pak,UI/UNI_RMG_ADV/overbutt.(Texture).dds,added,,3728,2107-12-31-23-59-56
Universe_mod.pak,UI/UNI_RMG_ADV/overbutt.(Texture).xdb,added,,575,2107-12-31-23-59-56
Universe_mod.pak,UI/UNI_RMG_ADV/RMGBUTTONNORM.(BackgroundSimpleTexture).xdb,added,,291,2107-12-31-23-59-56
Universe_mod.pak,UI/UNI_RMG_ADV/RMGBUTTONNORM.(Texture).dds,added,,3728,2107-12-31-23-59-56
Universe_mod.pak,UI/UNI_RMG_ADV/RMGBUTTONNORM.(Texture).xdb,added,,579,2107-12-31-23-59-56
Universe_mod.pak,UI/UNI_RMG_ADV/RMGBUTTONOVER.(BackgroundSimpleTexture).xdb,added,,291,2107-12-31-23-59-56
Universe_mod.pak,UI/UNI_RMG_ADV/RMGBUTTONOVER.(Texture).dds,added,,3728,2107-12-31-23-59-56
Universe_mod.pak,UI/UNI_RMG_ADV/RMGBUTTONOVER.(Texture).xdb,added,,582,2107-12-31-23-59-56
Universe_mod.pak,UI/UNI_RMG_ADV/RMG_INFO.(WindowMSButton).xdb,added,,2520,2107-12-31-23-59-56
Universe_mod.pak,UI/UNI_RMG_ADV/RMG_INFO.(WindowMSButtonShared).xdb,added,,4065,2107-12-31-23-59-56
Universe_mod.pak,UI/UNI_RMG_ADV/RMG_INFOCLOSE.(UISSendUIMessage).xdb,added,,508,2107-12-31-23-59-56
Universe_mod.pak,UI/UNI_RMG_ADV/RMG_INFOOPEN.(UISSendUIMessage).xdb,added,,508,2107-12-31-23-59-56
Universe_mod.pak,UI/UNI_RMG_ADV/Uni_RMG_PUSH.(BackgroundSimpleTexture).xdb,added,,290,2107-12-31-23-59-56
Universe_mod.pak,UI/UNI_RMG_ADV/Uni_RMG_PUSH.(Texture).dds,added,,3728,2107-12-31-23-59-56
Universe_mod.pak,UI/UNI_RMG_ADV/Uni_RMG_PUSH.(Texture).xdb,added,,581,2107-12-31-23-59-56
Universe_mod.pak,_(Model)/Buildings/Garden_of_revelation.(Model).xdb,changed,data.pak,4208,2107-12-31-23-59-56
Universe_mod.pak,_(Model)/Buildings/LagFixUniverse.(Texture).dds,added,,349648,2107-12-31-23-59-56
Universe_mod.pak,_(Model)/Buildings/LagFixUniverse.(Texture).xdb,added,,577,2107-12-31-23-59-56
Universe_mod.pak,_(Model)/Buildings/MercenaryCamp.(Model).xdb,changed,data.pak,3384,2107-12-31-23-59-56
Universe_mod.pak,_(Model)/Buildings/Prison.(Model).xdb,changed,data.pak,2317,2107-12-31-23-59-56
Universe_mod.pak,_(Model)/Buildings/PrisonPodFix.(Material).xdb,added,,952,2107-12-31-23-59-56
Universe_mod.pak,_(Model)/Buildings/Shrine_Of_Magic.(Model).xdb,changed,data.pak,5273,2107-12-31-23-59-56
Universe_mod.pak,_(Model)/Buildings/Dwelings/Haven/Common_Dwelling_Castle.(Model).xdb,changed,data.pak,4582,2107-12-31-23-59-56
Universe_mod.pak,_(Model)/Buildings/Dwelings/Haven/LagFixUniverse.(Texture).dds,added,,349648,2107-12-31-23-59-56
Universe_mod.pak,_(Model)/Buildings/Dwelings/Haven/LagFixUniverse.(Texture).xdb,added,,577,2107-12-31-23-59-56
Universe_mod.pak,_(Model)/Buildings/Dwelings/Inferno/CommonDwellingInferno.(Model).xdb,changed,data.pak,3735,2107-12-31-23-59-56
Universe_mod.pak,_(Model)/Buildings/Dwelings/Inferno/LagFixUniverse.(Texture).dds,added,,349648,2107-12-31-23-59-56
Universe_mod.pak,_(Model)/Buildings/Dwelings/Inferno/LagFixUniverse.(Texture).xdb,added,,577,2107-12-31-23-59-56
Universe_mod.pak,_(Model)/Buildings/Dwelings/Rampart/CommonDwelling.(Model).xdb,changed,data.pak,6859,2107-12-31-23-59-56
Universe_mod.pak,_(Model)/Buildings/Dwelings/Rampart/LagFixUniverse.(Texture).dds,added,,349648,2107-12-31-23-59-56
Universe_mod.pak,_(Model)/Buildings/Dwelings/Rampart/LagFixUniverse.(Texture).xdb,added,,577,2107-12-31-23-59-56
Universe_mod.pak,_(Model)/Effects/Buildings/Dwelings/Inferno/Common_Dwelling/Pod.xdb,same,data.pak,344,2107-12-31-23-59-56
Universe_mod.pak,_(Model)/Effects/Towns/Heven/Military_Post_Win-geom.xdb,changed,data.pak,902,2107-12-31-23-59-56
Universe_mod.pak,_(Model)/Effects/Towns/Heven/Military_Post_Win.xdb,same,data.pak,608,2107-12-31-23-59-56
Universe_mod.pak,_(Model)/TESTS/InvisibleBox.(Model).xdb,changed,data.pak,3103,2107-12-31-23-59-56
Universe_mod.pak,_(Model)/TESTS/Buildings/fountain_of_youth.(Model).xdb,changed,data.pak,2573,2107-12-31-23-59-56
Universe_mod.pak,_(Model)/TESTS/dev/TerrainObjects/Water/TraidingPost.(Model).xdb,changed,data.pak,5577,2107-12-31-23-59-56
Universe_mod.pak,_(Model)/UniverseCapturedFix/FixCaptureModel_1-geom.xdb,added,,574,2107-12-31-23-59-56
Universe_mod.pak,_(Model)/UniverseCapturedFix/FixCaptureModel_1-skel.xdb,added,,230,2107-12-31-23-59-56
Universe_mod.pak,_(Model)/UniverseCapturedFix/FixCaptureModel_1.xdb,added,,1402,2107-12-31-23-59-56
Universe_mod.pak,_(Model)/UniverseCapturedFix/FixCaptureModel_2-geom.xdb,added,,577,2107-12-31-23-59-56
Universe_mod.pak,_(Model)/UniverseCapturedFix/FixCaptureModel_2-skel.xdb,added,,230,2107-12-31-23-59-56
Universe_mod.pak,_(Model)/UniverseCapturedFix/FixCaptureModel_2.xdb,added,,278,2107-12-31-23-59-56
Universe_mod.pak,_(Model)/UniverseCapturedFix/LagFixUniverse.(Texture).dds,added,,349648,2107-12-31-23-59-56
Universe_mod.pak,_(Model)/UniverseCapturedFix/LagFixUniverse.(Texture).xdb,added,,577,2107-12-31-23-59-56
Universe_mod.pak,_(Model)/Universe_mod/Artifacts/ARingOfSilence.(Material).xdb,added,,951,2107-12-31-23-59-56
Universe_mod.pak,_(Model)/Universe_mod/Artifacts/ARingOfSilence.(Texture).dds,added,,43808,2107-12-31-23-59-56
Universe_mod.pak,_(Model)/Universe_mod/Artifacts/ARingOfSilence.(Texture).xdb,added,,585,2107-12-31-23-59-56
Universe_mod.pak,_(Model)/Universe_mod/Artifacts/Ring_of_Silence.(Model).xdb,added,,1510,2107-12-31-23-59-56
Universe_mod.pak,_(Model)/Universe_mod/Buildings/Learning_stone_10.(Model).xdb,added,,3148,2107-12-31-23-59-56
Universe_mod.pak,_(Model)/Universe_mod/Buildings/Learning_stone_5.(Model).xdb,added,,3147,2107-12-31-23-59-56
Universe_mod.pak,_(Model)/Universe_mod/Buildings/Stone_10k.(Texture).dds,added,,1398224,2107-12-31-23-59-56
Universe_mod.pak,_(Model)/Universe_mod/Buildings/Stone_10k.(Texture).xdb,added,,572,2107-12-31-23-59-56
Universe_mod.pak,_(Model)/Universe_mod/Buildings/Stone_5k.(Texture).dds,added,,1398224,2107-12-31-23-59-56
Universe_mod.pak,_(Model)/Universe_mod/Buildings/Stone_5k.(Texture).xdb,added,,570,2107-12-31-23-59-56
Universe_mod.pak,_(Model)/Universe_mod/Buildings/3DExport/HavenBank.(Texture).dds,added,,1398208,2107-12-31-23-59-56
Universe_mod.pak,_(Model)/Universe_mod/Buildings/3DExport/HavenBank.(Texture).xdb,added,,576,2107-12-31-23-59-56
Universe_mod.pak,_(Model)/Universe_mod/Buildings/3DExport/th_u4r0-Cupola2_M.1.(Material).xdb,added,,975,2107-12-31-23-59-56
Universe_mod.pak,_(Model)/Universe_mod/Buildings/3DExport/UniverseMagistrateBank-geom.xdb,added,,708,2107-12-31-23-59-56
Universe_mod.pak,_(Model)/Universe_mod/Buildings/3DExport/UniverseMagistrateBank-skel.xdb,added,,240,2107-12-31-23-59-56
Universe_mod.pak,_(Model)/Universe_mod/Buildings/3DExport/UniverseMagistrateBank.xdb,added,,361,2107-12-31-23-59-56
Universe_mod.pak,_(Model)/Universe_mod/Buildings/3DExport/UniverseTreasureCave-geom.xdb,added,,710,2107-12-31-23-59-56
Universe_mod.pak,_(Model)/Universe_mod/Buildings/3DExport/UniverseTreasureCave-skel.xdb,added,,238,2107-12-31-23-59-56
Universe_mod.pak,_(Model)/Universe_mod/Buildings/3DExport/UniverseTreasureCave.xdb,added,,464,2107-12-31-23-59-56
Universe_mod.pak,GameMechanics/RefTables/RMGPresetTable.xdb,changed,a2p1-data.pak,175461,2107-12-31-23-59-56
universe_mod_texts_ru.pak,GameMechanics/RefTables/UIDifficultyInfo/DifficultyEasyName.txt,changed,texts.pak,30,2107-12-31-23-59-56
universe_mod_texts_ru.pak,GameMechanics/RefTables/UIDifficultyInfo/DifficultyEasyTooltip.txt,changed,texts.pak,478,2107-12-31-23-59-56
universe_mod_texts_ru.pak,GameMechanics/RefTables/UIDifficultyInfo/DifficultyHardName.txt,changed,texts.pak,32,2107-12-31-23-59-56
universe_mod_texts_ru.pak,GameMechanics/RefTables/UIDifficultyInfo/DifficultyHardTooltip.txt,changed,texts.pak,478,2107-12-31-23-59-56
universe_mod_texts_ru.pak,GameMechanics/RefTables/UIDifficultyInfo/DifficultyHeroicName.txt,changed,texts.pak,32,2107-12-31-23-59-56
universe_mod_texts_ru.pak,GameMechanics/RefTables/UIDifficultyInfo/DifficultyHeroicTooltip.txt,changed,texts.pak,478,2107-12-31-23-59-56
universe_mod_texts_ru.pak,GameMechanics/RefTables/UIDifficultyInfo/DifficultyNormalName.txt,changed,texts.pak,32,2107-12-31-23-59-56
universe_mod_texts_ru.pak,GameMechanics/RefTables/UIDifficultyInfo/DifficultyNormalTooltip.txt,changed,texts.pak,478,2107-12-31-23-59-56
universe_mod_texts_ru.pak,GameMechanics/RPGStats/ArtifactSets/Dwarven_Desc2.txt,changed,texts.pak,124,2107-12-31-23-59-56
universe_mod_texts_ru.pak,GameMechanics/RPGStats/ArtifactSets/Universe_Elemental_Desc.txt,added,,2,2107-12-31-23-59-56
universe_mod_texts_ru.pak,GameMechanics/RPGStats/ArtifactSets/Universe_Elemental_Desc2.txt,added,,194,2107-12-31-23-59-56
universe_mod_texts_ru.pak,GameMechanics/RPGStats/ArtifactSets/Universe_Elemental_Desc4.txt,added,,408,2107-12-31-23-59-56
universe_mod_texts_ru.pak,GameMechanics/RPGStats/ArtifactSets/Universe_Elemental_Name.txt,added,,34,2107-12-31-23-59-56
universe_mod_texts_ru.pak,GameMechanics/Spell/Combat_Spells/RunicMagic/RuneOfReviveDesc.txt,changed,texts.pak,80,2107-12-31-23-59-56
universe_mod_texts_ru.pak,MapObjects/Dungeon/SorgNewNameSpec.txt,added,,42,2107-12-31-23-59-56
universe_mod_texts_ru.pak,MapObjects/Dungeon/SorgNewSpecDesc.txt,added,,246,2107-12-31-23-59-56
universe_mod_texts_ru.pak,MapObjects/Preserve/TalanarSpec.txt,added,,36,2107-12-31-23-59-56
universe_mod_texts_ru.pak,MapObjects/Preserve/TalanarSpecDesc.txt,added,,486,2107-12-31-23-59-56
universe_mod_texts_ru.pak,RMG/Params/MonsterImpossible.txt,changed,a2p1-texts.pak,24,2107-12-31-23-59-56
universe_mod_texts_ru.pak,RMG/Params/MonsterMedium.txt,changed,a2p1-texts.pak,16,2107-12-31-23-59-56
universe_mod_texts_ru.pak,RMG/Params/MonsterStrong.txt,changed,a2p1-texts.pak,16,2107-12-31-23-59-56
universe_mod_texts_ru.pak,RMG/Params/MonsterVeryStrong.txt,changed,a2p1-texts.pak,28,2107-12-31-23-59-56
universe_mod_texts_ru.pak,RMG/Params/MonsterWeak.txt,changed,a2p1-texts.pak,14,2107-12-31-23-59-56
universe_mod_texts_ru.pak,RMG/Params/rmgMapDesc.txt,changed,a2p1-texts.pak,642,2107-12-31-23-59-56
universe_mod_texts_ru.pak,RMG/Params/TextWith.txt,changed,texts.pak,26,2107-12-31-23-59-56
universe_mod_texts_ru.pak,RMG/Params/TextWithout.txt,changed,texts.pak,24,2107-12-31-23-59-56
universe_mod_texts_ru.pak,RMG/Params/TextWithoutWater.txt,changed,a2p1-texts.pak,24,2107-12-31-23-59-56
universe_mod_texts_ru.pak,RMG/Params/TextWithWater.txt,changed,a2p1-texts.pak,32,2107-12-31-23-59-56
universe_mod_texts_ru.pak,Text/CombatLog/Abilities/ChillingSteel.txt,added,,158,2107-12-31-23-59-56
universe_mod_texts_ru.pak,Text/CombatLog/Spells/AvatarOfDeath.txt,changed,texts.pak,128,2107-12-31-23-59-56
universe_mod_texts_ru.pak,Text/Game/Artifacts/Book_Of_Power/Description.txt,changed,texts.pak,754,2107-12-31-23-59-56
universe_mod_texts_ru.pak,Text/Game/Artifacts/Crown_Of_Leader/Description.txt,changed,texts.pak,266,2107-12-31-23-59-56
universe_mod_texts_ru.pak,Text/Game/Artifacts/Crown_of_magi/Description.txt,changed,texts.pak,140,2107-12-31-23-59-56
universe_mod_texts_ru.pak,Text/Game/Artifacts/Crown_of_many_eyes/Description.txt,changed,texts.pak,396,2107-12-31-23-59-56
universe_mod_texts_ru.pak,Text/Game/Artifacts/Earthsliders/Description.txt,changed,texts.pak,186,2107-12-31-23-59-56
universe_mod_texts_ru.pak,Text/Game/Artifacts/Evercold_icicle/Description.txt,changed,texts.pak,176,2107-12-31-23-59-56
universe_mod_texts_ru.pak,Text/Game/Artifacts/Mask_Of_Doppelganger/Description.txt,changed,texts.pak,266,2107-12-31-23-59-56
universe_mod_texts_ru.pak,Text/Game/Artifacts/Necromancer's Pendant/Necromancer's_Pendant_description.txt,changed,texts.pak,226,2107-12-31-23-59-56
universe_mod_texts_ru.pak,Text/Game/Artifacts/Necromancer_Pendant/Description.txt,changed,texts.pak,226,2107-12-31-23-59-56
universe_mod_texts_ru.pak,Text/Game/Artifacts/Phoenix_feather_cape/Description.txt,changed,texts.pak,176,2107-12-31-23-59-56
universe_mod_texts_ru.pak,Text/Game/Artifacts/Ring_of_Death/Description.txt,changed,texts.pak,106,2107-12-31-23-59-56
universe_mod_texts_ru.pak,Text/Game/Artifacts/Ring_of_Death/Ring_of_Death_description.txt,changed,texts.pak,106,2107-12-31-23-59-56
universe_mod_texts_ru.pak,Text/Game/Artifacts/Ring_Of_Machine_Affinity/Description.txt,changed,texts.pak,642,2107-12-31-23-59-56
universe_mod_texts_ru.pak,Text/Game/Artifacts/Ring_Of_Unsummoning/Description.txt,changed,texts.pak,222,2107-12-31-23-59-56
universe_mod_texts_ru.pak,Text/Game/Artifacts/ShacklesOfWar/Description.txt,changed,texts.pak,176,2107-12-31-23-59-56
universe_mod_texts_ru.pak,Text/Game/Artifacts/Titan`s_trident/Description.txt,changed,texts.pak,168,2107-12-31-23-59-56
universe_mod_texts_ru.pak,Text/Game/Artifacts/Twisting_neither/Description.txt,changed,texts.pak,250,2107-12-31-23-59-56
universe_mod_texts_ru.pak,Text/Game/Artifacts/Twisting_neither/Name.txt,same,texts.pak,34,2107-12-31-23-59-56
universe_mod_texts_ru.pak,Text/Game/Artifacts/Wand_of_x/Description.txt,changed,texts.pak,678,2107-12-31-23-59-56
universe_mod_texts_ru.pak,Text/Game/Buildings/BloodTemple/Description.txt,same,texts.pak,196,2107-12-31-23-59-56
universe_mod_texts_ru.pak,Text/Game/Buildings/BloodTemple/Empty.txt,same,texts.pak,30,2107-12-31-23-59-56
universe_mod_texts_ru.pak,Text/Game/Buildings/BloodTemple/Name.txt,same,texts.pak,28,2107-12-31-23-59-56
universe_mod_texts_ru.pak,Text/Game/Buildings/BloodTemple/SearchEmpty.txt,added,,140,2107-12-31-23-59-56
universe_mod_texts_ru.pak,Text/Game/Buildings/BloodTemple/SearchHigh.txt,added,,830,2107-12-31-23-59-56
universe_mod_texts_ru.pak,Text/Game/Buildings/BloodTemple/SearchHigh_2.txt,added,,832,2107-12-31-23-59-56
universe_mod_texts_ru.pak,Text/Game/Buildings/BloodTemple/SearchMedium.txt,added,,944,2107-12-31-23-59-56
universe_mod_texts_ru.pak,Text/Game/Buildings/BloodTemple/SearchMedium_2.txt,added,,944,2107-12-31-23-59-56
universe_mod_texts_ru.pak,Text/Game/Buildings/BloodTemple/SearchVeryHigh.txt,added,,776,2107-12-31-23-59-56
universe_mod_texts_ru.pak,Text/Game/Buildings/BloodTemple/SearchWeak.txt,added,,796,2107-12-31-23-59-56
universe_mod_texts_ru.pak,Text/Game/Buildings/BloodTemple/Visit.txt,changed,texts.pak,92,2107-12-31-23-59-56
universe_mod_texts_ru.pak,Text/Game/Buildings/Crypt/SearchEmpty.txt,added,,140,2107-12-31-23-59-56
universe_mod_texts_ru.pak,Text/Game/Buildings/Crypt/SearchHigh.txt,added,,1124,2107-12-31-23-59-56
universe_mod_texts_ru.pak,Text/Game/Buildings/Crypt/SearchHigh_2.txt,added,,1124,2107-12-31-23-59-56
universe_mod_texts_ru.pak,Text/Game/Buildings/Crypt/SearchMedium.txt,added,,714,2107-12-31-23-59-56
universe_mod_texts_ru.pak,Text/Game/Buildings/Crypt/SearchMedium_2.txt,added,,714,2107-12-31-23-59-56
universe_mod_texts_ru.pak,Text/Game/Buildings/Crypt/SearchVeryHigh.txt,added,,1068,2107-12-31-23-59-56
universe_mod_texts_ru.pak,Text/Game/Buildings/Crypt/SearchVeryHigh_2.txt,added,,1068,2107-12-31-23-59-56
universe_mod_texts_ru.pak,Text/Game/Buildings/Crypt/SearchWeak.txt,added,,1104,2107-12-31-23-59-56
universe_mod_texts_ru.pak,Text/Game/Buildings/Crypt/SearchWeak_2.txt,added,,1104,2107-12-31-23-59-56
universe_mod_texts_ru.pak,Text/Game/Buildings/DragonUtopia/SearchEmpty.txt,added,,140,2107-12-31-23-59-56
universe_mod_texts_ru.pak,Text/Game/Buildings/DragonUtopia/SearchExtraHigh.txt,added,,848,2107-12-31-23-59-56
universe_mod_texts_ru.pak,Text/Game/Buildings/DragonUtopia/SearchHigh.txt,added,,926,2107-12-31-23-59-56
universe_mod_texts_ru.pak,Text/Game/Buildings/DragonUtopia/SearchHigh_2.txt,added,,926,2107-12-31-23-59-56
universe_mod_texts_ru.pak,Text/Game/Buildings/DragonUtopia/SearchMedium.txt,added,,928,2107-12-31-23-59-56
universe_mod_texts_ru.pak,Text/Game/Buildings/DragonUtopia/SearchMedium_2.txt,added,,928,2107-12-31-23-59-56
universe_mod_texts_ru.pak,Text/Game/Buildings/DragonUtopia/SearchVeryHigh.txt,added,,848,2107-12-31-23-59-56
universe_mod_texts_ru.pak,Text/Game/Buildings/DragonUtopia/SearchWeak.txt,added,,622,2107-12-31-23-59-56
universe_mod_texts_ru.pak,Text/Game/Buildings/DwarvenTreasury/Description.txt,same,texts.pak,214,2107-12-31-23-59-56
universe_mod_texts_ru.pak,Text/Game/Buildings/DwarvenTreasury/Empty.txt,same,texts.pak,32,2107-12-31-23-59-56
universe_mod_texts_ru.pak,Text/Game/Buildings/DwarvenTreasury/name.txt,same,texts.pak,40,2107-12-31-23-59-56
universe_mod_texts_ru.pak,Text/Game/Buildings/DwarvenTreasury/SearchEmpty.txt,added,,140,2107-12-31-23-59-56
universe_mod_texts_ru.pak,Text/Game/Buildings/DwarvenTreasury/SearchHigh.txt,added,,828,2107-12-31-23-59-56
universe_mod_texts_ru.pak,Text/Game/Buildings/DwarvenTreasury/SearchMedium.txt,added,,834,2107-12-31-23-59-56
universe_mod_texts_ru.pak,Text/Game/Buildings/DwarvenTreasury/SearchMedium_2.txt,added,,806,2107-12-31-23-59-56
universe_mod_texts_ru.pak,Text/Game/Buildings/DwarvenTreasury/SearchVeryHigh.txt,added,,776,2107-12-31-23-59-56
universe_mod_texts_ru.pak,Text/Game/Buildings/DwarvenTreasury/SearchWeak.txt,added,,678,2107-12-31-23-59-56
universe_mod_texts_ru.pak,Text/Game/Buildings/DwarvenTreasury/Visit.txt,changed,texts.pak,204,2107-12-31-23-59-56
universe_mod_texts_ru.pak,Text/Game/Buildings/ElementalStockpile/desc.txt,changed,texts.pak,104,2107-12-31-23-59-56
universe_mod_texts_ru.pak,Text/Game/Buildings/ElementalStockpile/SearchEmpty.txt,added,,140,2107-12-31-23-59-56
universe_mod_texts_ru.pak,Text/Game/Buildings/ElementalStockpile/SearchHigh.txt,added,,628,2107-12-31-23-59-56
universe_mod_texts_ru.pak,Text/Game/Buildings/ElementalStockpile/SearchMedium.txt,added,,628,2107-12-31-23-59-56
universe_mod_texts_ru.pak,Text/Game/Buildings/ElementalStockpile/SearchVeryHigh.txt,added,,628,2107-12-31-23-59-56
universe_mod_texts_ru.pak,Text/Game/Buildings/ElementalStockpile/SearchWeak.txt,added,,620,2107-12-31-23-59-56
universe_mod_texts_ru.pak,Text/Game/Buildings/ElementalStockpile/visit.txt,changed,texts.pak,176,2107-12-31-23-59-56
universe_mod_texts_ru.pak,Text/Game/Buildings/EnlightenmentStone/Description.txt,added,,98,2107-12-31-23-59-56
universe_mod_texts_ru.pak,Text/Game/Buildings/EnlightenmentStone/FirstVisit.txt,added,,492,2107-12-31-23-59-56
universe_mod_texts_ru.pak,Text/Game/Buildings/EnlightenmentStone/Flyby______3167.txt,added,,442,2107-12-31-23-59-56
universe_mod_texts_ru.pak,Text/Game/Buildings/EnlightenmentStone/Name.txt,added,,40,2107-12-31-23-59-56
universe_mod_texts_ru.pak,Text/Game/Buildings/GargoyleStonevault/Description.txt,same,texts.pak,270,2107-12-31-23-59-56
universe_mod_texts_ru.pak,Text/Game/Buildings/GargoyleStonevault/Empty.txt,same,texts.pak,32,2107-12-31-23-59-56
universe_mod_texts_ru.pak,Text/Game/Buildings/GargoyleStonevault/Name.txt,same,texts.pak,38,2107-12-31-23-59-56
universe_mod_texts_ru.pak,Text/Game/Buildings/GargoyleStonevault/SearchEmpty.txt,added,,140,2107-12-31-23-59-56
universe_mod_texts_ru.pak,Text/Game/Buildings/GargoyleStonevault/SearchHigh.txt,added,,516,2107-12-31-23-59-56
universe_mod_texts_ru.pak,Text/Game/Buildings/GargoyleStonevault/SearchMedium.txt,added,,516,2107-12-31-23-59-56
universe_mod_texts_ru.pak,Text/Game/Buildings/GargoyleStonevault/SearchVeryHigh.txt,added,,516,2107-12-31-23-59-56
universe_mod_texts_ru.pak,Text/Game/Buildings/GargoyleStonevault/SearchWeak.txt,added,,520,2107-12-31-23-59-56
universe_mod_texts_ru.pak,Text/Game/Buildings/GargoyleStonevault/Visit.txt,changed,texts.pak,92,2107-12-31-23-59-56
universe_mod_texts_ru.pak,Text/Game/Buildings/MagicSpring/Description.txt,changed,texts.pak,174,2107-12-31-23-59-56
universe_mod_texts_ru.pak,Text/Game/Buildings/MagiVault/Search.txt,added,,152,2107-12-31-23-59-56
universe_mod_texts_ru.pak,Text/Game/Buildings/MagiVault/SearchedEmpty.txt,added,,300,2107-12-31-23-59-56
universe_mod_texts_ru.pak,Text/Game/Buildings/MagiVault/SearchEmpty.txt,added,,140,2107-12-31-23-59-56
universe_mod_texts_ru.pak,Text/Game/Buildings/MagiVault/SearchHigh.txt,added,,888,2107-12-31-23-59-56
universe_mod_texts_ru.pak,Text/Game/Buildings/MagiVault/SearchHigh_2.txt,added,,836,2107-12-31-23-59-56
universe_mod_texts_ru.pak,Text/Game/Buildings/MagiVault/SearchMedium.txt,added,,870,2107-12-31-23-59-56
universe_mod_texts_ru.pak,Text/Game/Buildings/MagiVault/SearchMedium_2.txt,added,,870,2107-12-31-23-59-56
universe_mod_texts_ru.pak,Text/Game/Buildings/MagiVault/SearchWeak.txt,added,,886,2107-12-31-23-59-56
universe_mod_texts_ru.pak,Text/Game/Buildings/Pyramid/SearchEmpty.txt,added,,140,2107-12-31-23-59-56
universe_mod_texts_ru.pak,Text/Game/Buildings/Pyramid/SearchHigh.txt,added,,800,2107-12-31-23-59-56
universe_mod_texts_ru.pak,Text/Game/Buildings/Pyramid/SearchMedium.txt,added,,714,2107-12-31-23-59-56
universe_mod_texts_ru.pak,Text/Game/Buildings/Pyramid/SearchWeak.txt,added,,822,2107-12-31-23-59-56
universe_mod_texts_ru.pak,Text/Game/Buildings/SchoolOfMagic/Description.txt,changed,texts.pak,258,2107-12-31-23-59-56
universe_mod_texts_ru.pak,Text/Game/Buildings/TreantThicket/Description.txt,same,texts.pak,606,2107-12-31-23-59-56
universe_mod_texts_ru.pak,Text/Game/Buildings/TreantThicket/Empty.txt,same,texts.pak,32,2107-12-31-23-59-56
universe_mod_texts_ru.pak,Text/Game/Buildings/TreantThicket/Name.txt,same,texts.pak,22,2107-12-31-23-59-56
universe_mod_texts_ru.pak,Text/Game/Buildings/TreantThicket/SearchEmpty.txt,added,,140,2107-12-31-23-59-56
universe_mod_texts_ru.pak,Text/Game/Buildings/TreantThicket/SearchHigh.txt,added,,650,2107-12-31-23-59-56
universe_mod_texts_ru.pak,Text/Game/Buildings/TreantThicket/SearchMedium.txt,added,,762,2107-12-31-23-59-56
universe_mod_texts_ru.pak,Text/Game/Buildings/TreantThicket/SearchWeak.txt,added,,742,2107-12-31-23-59-56
universe_mod_texts_ru.pak,Text/Game/Buildings/TreantThicket/Visit.txt,changed,texts.pak,92,2107-12-31-23-59-56
universe_mod_texts_ru.pak,Text/Game/Buildings/WindMill/Description.txt,changed,texts.pak,142,2107-12-31-23-59-56
universe_mod_texts_ru.pak,Text/Game/Buildings/WisdomStone/Description.txt,added,,100,2107-12-31-23-59-56
universe_mod_texts_ru.pak,Text/Game/Buildings/WisdomStone/FirstVisit.txt,added,,492,2107-12-31-23-59-56
universe_mod_texts_ru.pak,Text/Game/Buildings/WisdomStone/Flyby______3167.txt,added,,442,2107-12-31-23-59-56
universe_mod_texts_ru.pak,Text/Game/Buildings/WisdomStone/Name.txt,added,,34,2107-12-31-23-59-56
universe_mod_texts_ru.pak,Text/Game/Creatures/Creature_abilities/Armored/Armored_desc.txt,changed,texts.pak,122,2107-12-31-23-59-56
universe_mod_texts_ru.pak,Text/Game/Creatures/Creature_abilities/Piercing_arrow/description.txt,changed,texts.pak,244,2107-12-31-23-59-56
universe_mod_texts_ru.pak,Text/Game/Creatures/Creature_abilities/Precise_shot/Precise_shot_desc.txt,changed,texts.pak,344,2107-12-31-23-59-56
universe_mod_texts_ru.pak,Text/Game/Creatures/Neutrals/AvatarOfDeath.txt,changed,texts.pak,32,2107-12-31-23-59-56
universe_mod_texts_ru.pak,Text/Game/Dwellings/AcademyGolemForge/Description.txt,changed,texts.pak,74,2107-12-31-23-59-56
universe_mod_texts_ru.pak,Text/Game/Dwellings/AcademyGolemForge/FirstVisit.txt,same,texts.pak,130,2107-12-31-23-59-56
universe_mod_texts_ru.pak,Text/Game/Dwellings/AcademyGolemForge/FirstVisitNoHire.txt,same,texts.pak,122,2107-12-31-23-59-56
universe_mod_texts_ru.pak,Text/Game/Dwellings/AcademyGolemForge/Name.txt,same,texts.pak,32,2107-12-31-23-59-56
universe_mod_texts_ru.pak,Text/Game/Dwellings/AcademyGolemForge/SecondVisit.txt,same,texts.pak,70,2107-12-31-23-59-56
universe_mod_texts_ru.pak,Text/Game/Dwellings/AcademyGolemForge/SecondVisitNoHire.txt,same,texts.pak,56,2107-12-31-23-59-56
universe_mod_texts_ru.pak,Text/Game/Dwellings/AcademyMilitaryPost/Description.txt,changed,texts.pak,170,2107-12-31-23-59-56
universe_mod_texts_ru.pak,Text/Game/Dwellings/AcademyMilitaryPost/FirstVisit.txt,same,texts.pak,182,2107-12-31-23-59-56
universe_mod_texts_ru.pak,Text/Game/Dwellings/AcademyMilitaryPost/FirstVisitNoHire.txt,same,texts.pak,160,2107-12-31-23-59-56
universe_mod_texts_ru.pak,Text/Game/Dwellings/AcademyMilitaryPost/Name.txt,same,texts.pak,34,2107-12-31-23-59-56
universe_mod_texts_ru.pak,Text/Game/Dwellings/AcademyMilitaryPost/SecondVisit.txt,same,texts.pak,84,2107-12-31-23-59-56
universe_mod_texts_ru.pak,Text/Game/Dwellings/AcademyMilitaryPost/SecondVisitNoHire.txt,same,texts.pak,54,2107-12-31-23-59-56
universe_mod_texts_ru.pak,Text/Game/Dwellings/AcademyStoneParapet/Description.txt,changed,texts.pak,76,2107-12-31-23-59-56
universe_mod_texts_ru.pak,Text/Game/Dwellings/AcademyStoneParapet/FirstVisit.txt,same,texts.pak,134,2107-12-31-23-59-56
universe_mod_texts_ru.pak,Text/Game/Dwellings/AcademyStoneParapet/FirstVisitNoHire.txt,same,texts.pak,126,2107-12-31-23-59-56
universe_mod_texts_ru.pak,Text/Game/Dwellings/AcademyStoneParapet/Name.txt,same,texts.pak,34,2107-12-31-23-59-56
universe_mod_texts_ru.pak,Text/Game/Dwellings/AcademyStoneParapet/SecondVisit.txt,same,texts.pak,72,2107-12-31-23-59-56
universe_mod_texts_ru.pak,Text/Game/Dwellings/AcademyStoneParapet/SecondVisitNoHire.txt,same,texts.pak,58,2107-12-31-23-59-56
universe_mod_texts_ru.pak,Text/Game/Dwellings/AcademyWorkshop/Description.txt,changed,texts.pak,62,2107-12-31-23-59-56
universe_mod_texts_ru.pak,Text/Game/Dwellings/AcademyWorkshop/FirstVisit.txt,same,texts.pak,126,2107-12-31-23-59-56
universe_mod_texts_ru.pak,Text/Game/Dwellings/AcademyWorkshop/FirstVisitNoHire.txt,same,texts.pak,118,2107-12-31-23-59-56
universe_mod_texts_ru.pak,Text/Game/Dwellings/AcademyWorkshop/Name.txt,same,texts.pak,42,2107-12-31-23-59-56
universe_mod_texts_ru.pak,Text/Game/Dwellings/AcademyWorkshop/SecondVisit.txt,same,texts.pak,56,2107-12-31-23-59-56
universe_mod_texts_ru.pak,Text/Game/Dwellings/AcademyWorkshop/SecondVisitNoHire.txt,same,texts.pak,42,2107-12-31-23-59-56
universe_mod_texts_ru.pak,Text/Game/Dwellings/CreaturesAvailable.txt,same,texts.pak,76,2107-12-31-23-59-56
universe_mod_texts_ru.pak,Text/Game/Dwellings/CreaturesUnavailable.txt,same,texts.pak,28,2107-12-31-23-59-56
universe_mod_texts_ru.pak,Text/Game/Dwellings/DungeonBattleAcademy/Description.txt,changed,texts.pak,64,2107-12-31-23-59-56
universe_mod_texts_ru.pak,Text/Game/Dwellings/DungeonBattleAcademy/FirstVisit.txt,same,texts.pak,114,2107-12-31-23-59-56
universe_mod_texts_ru.pak,Text/Game/Dwellings/DungeonBattleAcademy/FirstVisitNoHire.txt,same,texts.pak,106,2107-12-31-23-59-56
universe_mod_texts_ru.pak,Text/Game/Dwellings/DungeonBattleAcademy/Name.txt,same,texts.pak,28,2107-12-31-23-59-56
universe_mod_texts_ru.pak,Text/Game/Dwellings/DungeonBattleAcademy/SecondVisit.txt,same,texts.pak,58,2107-12-31-23-59-56
universe_mod_texts_ru.pak,Text/Game/Dwellings/DungeonBattleAcademy/SecondVisitNoHire.txt,same,texts.pak,44,2107-12-31-23-59-56
universe_mod_texts_ru.pak,Text/Game/Dwellings/DungeonBloodStone/Description.txt,changed,texts.pak,54,2107-12-31-23-59-56
universe_mod_texts_ru.pak,Text/Game/Dwellings/DungeonBloodStone/FirstVisit.txt,same,texts.pak,108,2107-12-31-23-59-56
universe_mod_texts_ru.pak,Text/Game/Dwellings/DungeonBloodStone/FirstVisitNoHire.txt,same,texts.pak,100,2107-12-31-23-59-56
universe_mod_texts_ru.pak,Text/Game/Dwellings/DungeonBloodStone/Name.txt,same,texts.pak,30,2107-12-31-23-59-56
universe_mod_texts_ru.pak,Text/Game/Dwellings/DungeonBloodStone/SecondVisit.txt,same,texts.pak,50,2107-12-31-23-59-56
universe_mod_texts_ru.pak,Text/Game/Dwellings/DungeonBloodStone/SecondVisitNoHire.txt,same,texts.pak,36,2107-12-31-23-59-56
universe_mod_texts_ru.pak,Text/Game/Dwellings/DungeonMaze/Description.txt,changed,texts.pak,62,2107-12-31-23-59-56
universe_mod_texts_ru.pak,Text/Game/Dwellings/DungeonMaze/FirstVisit.txt,same,texts.pak,104,2107-12-31-23-59-56
universe_mod_texts_ru.pak,Text/Game/Dwellings/DungeonMaze/FirstVisitNoHire.txt,same,texts.pak,96,2107-12-31-23-59-56
universe_mod_texts_ru.pak,Text/Game/Dwellings/DungeonMaze/Name.txt,same,texts.pak,18,2107-12-31-23-59-56
universe_mod_texts_ru.pak,Text/Game/Dwellings/DungeonMaze/SecondVisit.txt,same,texts.pak,58,2107-12-31-23-59-56
universe_mod_texts_ru.pak,Text/Game/Dwellings/DungeonMaze/SecondVisitNoHire.txt,same,texts.pak,44,2107-12-31-23-59-56
universe_mod_texts_ru.pak,Text/Game/Dwellings/DungeonMilitaryPost/Description.txt,changed,texts.pak,152,2107-12-31-23-59-56
universe_mod_texts_ru.pak,Text/Game/Dwellings/DungeonMilitaryPost/FirstVisit.txt,same,texts.pak,164,2107-12-31-23-59-56
universe_mod_texts_ru.pak,Text/Game/Dwellings/DungeonMilitaryPost/FirstVisitNoHire.txt,same,texts.pak,142,2107-12-31-23-59-56
universe_mod_texts_ru.pak,Text/Game/Dwellings/DungeonMilitaryPost/Name.txt,same,texts.pak,38,2107-12-31-23-59-56
universe_mod_texts_ru.pak,Text/Game/Dwellings/DungeonMilitaryPost/SecondVisit.txt,same,texts.pak,84,2107-12-31-23-59-56
universe_mod_texts_ru.pak,Text/Game/Dwellings/DungeonMilitaryPost/SecondVisitNoHire.txt,same,texts.pak,54,2107-12-31-23-59-56
universe_mod_texts_ru.pak,Text/Game/Dwellings/ElementalConflux/Description.txt,same,texts.pak,84,2107-12-31-23-59-56
universe_mod_texts_ru.pak,Text/Game/Dwellings/ElementalConflux/Name.txt,same,texts.pak,30,2107-12-31-23-59-56
universe_mod_texts_ru.pak,Text/Game/Dwellings/ElementalConflux/SecondVisit.txt,same,texts.pak,60,2107-12-31-23-59-56
universe_mod_texts_ru.pak,Text/Game/Dwellings/ElementalConflux/SecondVisitNoHire.txt,same,texts.pak,54,2107-12-31-23-59-56
universe_mod_texts_ru.pak,Text/Game/Dwellings/FortressAxemen/Description.txt,changed,texts.pak,74,2107-12-31-23-59-56
universe_mod_texts_ru.pak,Text/Game/Dwellings/FortressAxemen/FirstVisit.txt,same,texts.pak,120,2107-12-31-23-59-56
universe_mod_texts_ru.pak,Text/Game/Dwellings/FortressAxemen/FirstVisitNoHire.txt,same,texts.pak,112,2107-12-31-23-59-56
universe_mod_texts_ru.pak,Text/Game/Dwellings/FortressAxemen/Name.txt,same,texts.pak,24,2107-12-31-23-59-56
universe_mod_texts_ru.pak,Text/Game/Dwellings/FortressAxemen/SecondVisit.txt,same,texts.pak,68,2107-12-31-23-59-56
universe_mod_texts_ru.pak,Text/Game/Dwellings/FortressAxemen/SecondVisitNoHire.txt,same,texts.pak,54,2107-12-31-23-59-56
universe_mod_texts_ru.pak,Text/Game/Dwellings/FortressBearRiders/Description.txt,changed,texts.pak,88,2107-12-31-23-59-56
universe_mod_texts_ru.pak,Text/Game/Dwellings/FortressBearRiders/FirstVisit.txt,same,texts.pak,140,2107-12-31-23-59-56
universe_mod_texts_ru.pak,Text/Game/Dwellings/FortressBearRiders/FirstVisitNoHire.txt,same,texts.pak,132,2107-12-31-23-59-56
universe_mod_texts_ru.pak,Text/Game/Dwellings/FortressBearRiders/Name.txt,same,texts.pak,30,2107-12-31-23-59-56
universe_mod_texts_ru.pak,Text/Game/Dwellings/FortressBearRiders/SecondVisit.txt,same,texts.pak,82,2107-12-31-23-59-56
universe_mod_texts_ru.pak,Text/Game/Dwellings/FortressBearRiders/SecondVisitNoHire.txt,same,texts.pak,68,2107-12-31-23-59-56
universe_mod_texts_ru.pak,Text/Game/Dwellings/FortressDefenders/Description.txt,changed,texts.pak,70,2107-12-31-23-59-56
universe_mod_texts_ru.pak,Text/Game/Dwellings/FortressDefenders/FirstVisit.txt,same,texts.pak,114,2107-12-31-23-59-56
universe_mod_texts_ru.pak,Text/Game/Dwellings/FortressDefenders/FirstVisitNoHire.txt,same,texts.pak,106,2107-12-31-23-59-56
universe_mod_texts_ru.pak,Text/Game/Dwellings/FortressDefenders/Name.txt,same,texts.pak,20,2107-12-31-23-59-56
universe_mod_texts_ru.pak,Text/Game/Dwellings/FortressDefenders/SecondVisit.txt,same,texts.pak,66,2107-12-31-23-59-56
universe_mod_texts_ru.pak,Text/Game/Dwellings/FortressDefenders/SecondVisitNoHire.txt,same,texts.pak,52,2107-12-31-23-59-56
universe_mod_texts_ru.pak,Text/Game/Dwellings/FortressMilitaryPost/Description.txt,changed,texts.pak,162,2107-12-31-23-59-56
universe_mod_texts_ru.pak,Text/Game/Dwellings/FortressMilitaryPost/FirstVisit.txt,same,texts.pak,174,2107-12-31-23-59-56
universe_mod_texts_ru.pak,Text/Game/Dwellings/FortressMilitaryPost/FirstVisitNoHire.txt,same,texts.pak,152,2107-12-31-23-59-56
universe_mod_texts_ru.pak,Text/Game/Dwellings/FortressMilitaryPost/Name.txt,same,texts.pak,48,2107-12-31-23-59-56
universe_mod_texts_ru.pak,Text/Game/Dwellings/FortressMilitaryPost/SecondVisit.txt,same,texts.pak,84,2107-12-31-23-59-56
universe_mod_texts_ru.pak,Text/Game/Dwellings/FortressMilitaryPost/SecondVisitNoHire.txt,same,texts.pak,54,2107-12-31-23-59-56
universe_mod_texts_ru.pak,Text/Game/Dwellings/HavenArchersTower/Description.txt,changed,texts.pak,60,2107-12-31-23-59-56
universe_mod_texts_ru.pak,Text/Game/Dwellings/HavenArchersTower/FirstVisit.txt,same,texts.pak,112,2107-12-31-23-59-56
universe_mod_texts_ru.pak,Text/Game/Dwellings/HavenArchersTower/FirstVisitNoHire.txt,same,texts.pak,104,2107-12-31-23-59-56
universe_mod_texts_ru.pak,Text/Game/Dwellings/HavenArchersTower/Flyby.txt,same,texts.pak,594,2107-12-31-23-59-56
universe_mod_texts_ru.pak,Text/Game/Dwellings/HavenArchersTower/Name.txt,same,texts.pak,30,2107-12-31-23-59-56
universe_mod_texts_ru.pak,Text/Game/Dwellings/HavenArchersTower/SecondVisit.txt,same,texts.pak,54,2107-12-31-23-59-56
universe_mod_texts_ru.pak,Text/Game/Dwellings/HavenArchersTower/SecondVisitNoHire.txt,same,texts.pak,40,2107-12-31-23-59-56
universe_mod_texts_ru.pak,Text/Game/Dwellings/HavenBarracks/Description.txt,changed,texts.pak,58,2107-12-31-23-59-56
universe_mod_texts_ru.pak,Text/Game/Dwellings/HavenBarracks/FirstVisit.txt,same,texts.pak,98,2107-12-31-23-59-56
universe_mod_texts_ru.pak,Text/Game/Dwellings/HavenBarracks/FirstVisitNoHire.txt,same,texts.pak,90,2107-12-31-23-59-56
universe_mod_texts_ru.pak,Text/Game/Dwellings/HavenBarracks/Flyby.txt,same,texts.pak,364,2107-12-31-23-59-56
universe_mod_texts_ru.pak,Text/Game/Dwellings/HavenBarracks/Name.txt,same,texts.pak,16,2107-12-31-23-59-56
universe_mod_texts_ru.pak,Text/Game/Dwellings/HavenBarracks/SecondVisit.txt,same,texts.pak,54,2107-12-31-23-59-56
universe_mod_texts_ru.pak,Text/Game/Dwellings/HavenBarracks/SecondVisitNoHire.txt,same,texts.pak,40,2107-12-31-23-59-56
universe_mod_texts_ru.pak,Text/Game/Dwellings/HavenMilitaryPost/Description.txt,changed,texts.pak,162,2107-12-31-23-59-56
universe_mod_texts_ru.pak,Text/Game/Dwellings/HavenMilitaryPost/FirstVisit.txt,same,texts.pak,172,2107-12-31-23-59-56
universe_mod_texts_ru.pak,Text/Game/Dwellings/HavenMilitaryPost/FirstVisitNoHire.txt,same,texts.pak,150,2107-12-31-23-59-56
universe_mod_texts_ru.pak,Text/Game/Dwellings/HavenMilitaryPost/Flyby.txt,same,texts.pak,620,2107-12-31-23-59-56
universe_mod_texts_ru.pak,Text/Game/Dwellings/HavenMilitaryPost/Name.txt,same,texts.pak,46,2107-12-31-23-59-56
universe_mod_texts_ru.pak,Text/Game/Dwellings/HavenMilitaryPost/SecondVisit.txt,same,texts.pak,84,2107-12-31-23-59-56
universe_mod_texts_ru.pak,Text/Game/Dwellings/HavenMilitaryPost/SecondVisitNoHire.txt,same,texts.pak,54,2107-12-31-23-59-56
universe_mod_texts_ru.pak,Text/Game/Dwellings/HavenPeasantHut/Description.txt,changed,texts.pak,60,2107-12-31-23-59-56
universe_mod_texts_ru.pak,Text/Game/Dwellings/HavenPeasantHut/FirstVisit.txt,same,texts.pak,122,2107-12-31-23-59-56
universe_mod_texts_ru.pak,Text/Game/Dwellings/HavenPeasantHut/FirstVisitNoHire.txt,same,texts.pak,114,2107-12-31-23-59-56
universe_mod_texts_ru.pak,Text/Game/Dwellings/HavenPeasantHut/Flyby.txt,same,texts.pak,612,2107-12-31-23-59-56
universe_mod_texts_ru.pak,Text/Game/Dwellings/HavenPeasantHut/Name.txt,same,texts.pak,40,2107-12-31-23-59-56
universe_mod_texts_ru.pak,Text/Game/Dwellings/HavenPeasantHut/SecondVisit.txt,same,texts.pak,54,2107-12-31-23-59-56
universe_mod_texts_ru.pak,Text/Game/Dwellings/HavenPeasantHut/SecondVisitNoHire.txt,same,texts.pak,40,2107-12-31-23-59-56
universe_mod_texts_ru.pak,Text/Game/Dwellings/InfernoDemonGate/Description.txt,changed,texts.pak,56,2107-12-31-23-59-56
universe_mod_texts_ru.pak,Text/Game/Dwellings/InfernoDemonGate/FirstVisit.txt,same,texts.pak,116,2107-12-31-23-59-56
universe_mod_texts_ru.pak,Text/Game/Dwellings/InfernoDemonGate/FirstVisitNoHire.txt,same,texts.pak,108,2107-12-31-23-59-56
universe_mod_texts_ru.pak,Text/Game/Dwellings/InfernoDemonGate/Name.txt,same,texts.pak,36,2107-12-31-23-59-56
universe_mod_texts_ru.pak,Text/Game/Dwellings/InfernoDemonGate/SecondVisit.txt,same,texts.pak,52,2107-12-31-23-59-56
universe_mod_texts_ru.pak,Text/Game/Dwellings/InfernoDemonGate/SecondVisitNoHire.txt,same,texts.pak,38,2107-12-31-23-59-56
universe_mod_texts_ru.pak,Text/Game/Dwellings/InfernoFamiliarCrucible/Description.txt,changed,texts.pak,54,2107-12-31-23-59-56
universe_mod_texts_ru.pak,Text/Game/Dwellings/InfernoFamiliarCrucible/FirstVisit.txt,same,texts.pak,100,2107-12-31-23-59-56
universe_mod_texts_ru.pak,Text/Game/Dwellings/InfernoFamiliarCrucible/FirstVisitNoHire.txt,same,texts.pak,92,2107-12-31-23-59-56
universe_mod_texts_ru.pak,Text/Game/Dwellings/InfernoFamiliarCrucible/Name.txt,same,texts.pak,24,2107-12-31-23-59-56
universe_mod_texts_ru.pak,Text/Game/Dwellings/InfernoFamiliarCrucible/SecondVisit.txt,same,texts.pak,50,2107-12-31-23-59-56
universe_mod_texts_ru.pak,Text/Game/Dwellings/InfernoFamiliarCrucible/SecondVisitNoHire.txt,same,texts.pak,36,2107-12-31-23-59-56
universe_mod_texts_ru.pak,Text/Game/Dwellings/InfernoKennels/Description.txt,changed,texts.pak,70,2107-12-31-23-59-56
universe_mod_texts_ru.pak,Text/Game/Dwellings/InfernoKennels/FirstVisit.txt,same,texts.pak,120,2107-12-31-23-59-56
universe_mod_texts_ru.pak,Text/Game/Dwellings/InfernoKennels/FirstVisitNoHire.txt,same,texts.pak,112,2107-12-31-23-59-56
universe_mod_texts_ru.pak,Text/Game/Dwellings/InfernoKennels/Name.txt,same,texts.pak,28,2107-12-31-23-59-56
universe_mod_texts_ru.pak,Text/Game/Dwellings/InfernoKennels/SecondVisit.txt,same,texts.pak,64,2107-12-31-23-59-56
universe_mod_texts_ru.pak,Text/Game/Dwellings/InfernoKennels/SecondVisitNoHire.txt,same,texts.pak,50,2107-12-31-23-59-56
universe_mod_texts_ru.pak,Text/Game/Dwellings/InfernoMilitaryPost/Description.txt,changed,texts.pak,148,2107-12-31-23-59-56
universe_mod_texts_ru.pak,Text/Game/Dwellings/InfernoMilitaryPost/FirstVisit.txt,same,texts.pak,158,2107-12-31-23-59-56
universe_mod_texts_ru.pak,Text/Game/Dwellings/InfernoMilitaryPost/FirstVisitNoHire.txt,same,texts.pak,136,2107-12-31-23-59-56
universe_mod_texts_ru.pak,Text/Game/Dwellings/InfernoMilitaryPost/Name.txt,same,texts.pak,32,2107-12-31-23-59-56
universe_mod_texts_ru.pak,Text/Game/Dwellings/InfernoMilitaryPost/SecondVisit.txt,same,texts.pak,84,2107-12-31-23-59-56
universe_mod_texts_ru.pak,Text/Game/Dwellings/InfernoMilitaryPost/SecondVisitNoHire.txt,same,texts.pak,54,2107-12-31-23-59-56
universe_mod_texts_ru.pak,Text/Game/Dwellings/necropolisforgottenmound/desc.txt,changed,texts.pak,52,2107-12-31-23-59-56
universe_mod_texts_ru.pak,Text/Game/Dwellings/necropolisforgottenmound/FirstVisit.txt,same,texts.pak,88,2107-12-31-23-59-56
universe_mod_texts_ru.pak,Text/Game/Dwellings/necropolisforgottenmound/FirstVisitNoHire.txt,same,texts.pak,80,2107-12-31-23-59-56
universe_mod_texts_ru.pak,Text/Game/Dwellings/necropolisforgottenmound/name.txt,same,texts.pak,12,2107-12-31-23-59-56
universe_mod_texts_ru.pak,Text/Game/Dwellings/necropolisforgottenmound/SecondVisit.txt,same,texts.pak,48,2107-12-31-23-59-56
universe_mod_texts_ru.pak,Text/Game/Dwellings/necropolisforgottenmound/SecondVisitNoHire.txt,same,texts.pak,34,2107-12-31-23-59-56
universe_mod_texts_ru.pak,Text/Game/Dwellings/NecropolisGraveyard/desc.txt,changed,texts.pak,72,2107-12-31-23-59-56
universe_mod_texts_ru.pak,Text/Game/Dwellings/NecropolisGraveyard/FirstVisit.txt,same,texts.pak,110,2107-12-31-23-59-56
universe_mod_texts_ru.pak,Text/Game/Dwellings/NecropolisGraveyard/FirstVisitNoHire.txt,same,texts.pak,98,2107-12-31-23-59-56
universe_mod_texts_ru.pak,Text/Game/Dwellings/NecropolisGraveyard/name.txt,same,texts.pak,14,2107-12-31-23-59-56
universe_mod_texts_ru.pak,Text/Game/Dwellings/NecropolisGraveyard/SecondVisit.txt,same,texts.pak,68,2107-12-31-23-59-56
universe_mod_texts_ru.pak,Text/Game/Dwellings/NecropolisGraveyard/SecondVisitNoHire.txt,same,texts.pak,54,2107-12-31-23-59-56
universe_mod_texts_ru.pak,Text/Game/Dwellings/NecropolisMilitaryPost/desc.txt,changed,texts.pak,154,2107-12-31-23-59-56
universe_mod_texts_ru.pak,Text/Game/Dwellings/NecropolisMilitaryPost/FirstVisit.txt,same,texts.pak,166,2107-12-31-23-59-56
universe_mod_texts_ru.pak,Text/Game/Dwellings/NecropolisMilitaryPost/FirstVisitNoHire.txt,same,texts.pak,144,2107-12-31-23-59-56
universe_mod_texts_ru.pak,Text/Game/Dwellings/NecropolisMilitaryPost/name.txt,same,texts.pak,40,2107-12-31-23-59-56
universe_mod_texts_ru.pak,Text/Game/Dwellings/NecropolisMilitaryPost/SecondVisit.txt,same,texts.pak,84,2107-12-31-23-59-56
universe_mod_texts_ru.pak,Text/Game/Dwellings/NecropolisMilitaryPost/SecondVisitNoHire.txt,same,texts.pak,54,2107-12-31-23-59-56
universe_mod_texts_ru.pak,Text/Game/Dwellings/NecropolisRuinedTower/desc.txt,changed,texts.pak,64,2107-12-31-23-59-56
universe_mod_texts_ru.pak,Text/Game/Dwellings/NecropolisRuinedTower/FirstVisit.txt,same,texts.pak,122,2107-12-31-23-59-56
universe_mod_texts_ru.pak,Text/Game/Dwellings/NecropolisRuinedTower/FirstVisitNoHire.txt,same,texts.pak,114,2107-12-31-23-59-56
universe_mod_texts_ru.pak,Text/Game/Dwellings/NecropolisRuinedTower/name.txt,same,texts.pak,36,2107-12-31-23-59-56
universe_mod_texts_ru.pak,Text/Game/Dwellings/NecropolisRuinedTower/SecondVisit.txt,same,texts.pak,58,2107-12-31-23-59-56
universe_mod_texts_ru.pak,Text/Game/Dwellings/NecropolisRuinedTower/SecondVisitNoHire.txt,same,texts.pak,44,2107-12-31-23-59-56
universe_mod_texts_ru.pak,Text/Game/Dwellings/NeutralFireLake/description.txt,same,texts.pak,110,2107-12-31-23-59-56
universe_mod_texts_ru.pak,Text/Game/Dwellings/NeutralFireLake/FirstVisit.txt,same,texts.pak,140,2107-12-31-23-59-56
universe_mod_texts_ru.pak,Text/Game/Dwellings/NeutralFireLake/FirstVisitNoHire.txt,same,texts.pak,118,2107-12-31-23-59-56
universe_mod_texts_ru.pak,Text/Game/Dwellings/NeutralFireLake/name.txt,same,texts.pak,30,2107-12-31-23-59-56
universe_mod_texts_ru.pak,Text/Game/Dwellings/NeutralFireLake/SecondVisit.txt,same,texts.pak,84,2107-12-31-23-59-56
universe_mod_texts_ru.pak,Text/Game/Dwellings/NeutralFireLake/SecondVisitNoHire.txt,same,texts.pak,54,2107-12-31-23-59-56
universe_mod_texts_ru.pak,Text/Game/Dwellings/PreserveFairieTree/Description.txt,changed,texts.pak,48,2107-12-31-23-59-56
universe_mod_texts_ru.pak,Text/Game/Dwellings/PreserveFairieTree/FirstVisit.txt,same,texts.pak,96,2107-12-31-23-59-56
universe_mod_texts_ru.pak,Text/Game/Dwellings/PreserveFairieTree/FirstVisitNoHire.txt,same,texts.pak,88,2107-12-31-23-59-56
universe_mod_texts_ru.pak,Text/Game/Dwellings/PreserveFairieTree/Name.txt,same,texts.pak,24,2107-12-31-23-59-56
universe_mod_texts_ru.pak,Text/Game/Dwellings/PreserveFairieTree/SecondVisit.txt,same,texts.pak,44,2107-12-31-23-59-56
universe_mod_texts_ru.pak,Text/Game/Dwellings/PreserveFairieTree/SecondVisitNoHire.txt,same,texts.pak,30,2107-12-31-23-59-56
universe_mod_texts_ru.pak,Text/Game/Dwellings/PreserveHighCabins/Description.txt,changed,texts.pak,82,2107-12-31-23-59-56
universe_mod_texts_ru.pak,Text/Game/Dwellings/PreserveHighCabins/FirstVisit.txt,same,texts.pak,138,2107-12-31-23-59-56
universe_mod_texts_ru.pak,Text/Game/Dwellings/PreserveHighCabins/FirstVisitNoHire.txt,same,texts.pak,130,2107-12-31-23-59-56
universe_mod_texts_ru.pak,Text/Game/Dwellings/PreserveHighCabins/Name.txt,same,texts.pak,34,2107-12-31-23-59-56
universe_mod_texts_ru.pak,Text/Game/Dwellings/PreserveHighCabins/SecondVisit.txt,same,texts.pak,76,2107-12-31-23-59-56
universe_mod_texts_ru.pak,Text/Game/Dwellings/PreserveHighCabins/SecondVisitNoHire.txt,same,texts.pak,62,2107-12-31-23-59-56
universe_mod_texts_ru.pak,Text/Game/Dwellings/PreserveMilitaryPost/Description.txt,changed,texts.pak,160,2107-12-31-23-59-56
universe_mod_texts_ru.pak,Text/Game/Dwellings/PreserveMilitaryPost/FirstVisit.txt,same,texts.pak,170,2107-12-31-23-59-56
universe_mod_texts_ru.pak,Text/Game/Dwellings/PreserveMilitaryPost/FirstVisitNoHire.txt,same,texts.pak,148,2107-12-31-23-59-56
universe_mod_texts_ru.pak,Text/Game/Dwellings/PreserveMilitaryPost/Name.txt,same,texts.pak,44,2107-12-31-23-59-56
universe_mod_texts_ru.pak,Text/Game/Dwellings/PreserveMilitaryPost/SecondVisit.txt,same,texts.pak,84,2107-12-31-23-59-56
universe_mod_texts_ru.pak,Text/Game/Dwellings/PreserveMilitaryPost/SecondVisitNoHire.txt,same,texts.pak,54,2107-12-31-23-59-56
universe_mod_texts_ru.pak,Text/Game/Dwellings/PreserveWoodGuardQuarters/Description.txt,changed,texts.pak,84,2107-12-31-23-59-56
universe_mod_texts_ru.pak,Text/Game/Dwellings/PreserveWoodGuardQuarters/FirstVisit.txt,same,texts.pak,152,2107-12-31-23-59-56
universe_mod_texts_ru.pak,Text/Game/Dwellings/PreserveWoodGuardQuarters/FirstVisitNoHire.txt,same,texts.pak,144,2107-12-31-23-59-56
universe_mod_texts_ru.pak,Text/Game/Dwellings/PreserveWoodGuardQuarters/Name.txt,same,texts.pak,46,2107-12-31-23-59-56
universe_mod_texts_ru.pak,Text/Game/Dwellings/PreserveWoodGuardQuarters/SecondVisit.txt,same,texts.pak,78,2107-12-31-23-59-56
universe_mod_texts_ru.pak,Text/Game/Dwellings/PreserveWoodGuardQuarters/SecondVisitNoHire.txt,same,texts.pak,64,2107-12-31-23-59-56
universe_mod_texts_ru.pak,Text/Game/Dwellings/RefugeeCamp/Description.txt,changed,texts.pak,130,2107-12-31-23-59-56
universe_mod_texts_ru.pak,Text/Game/Dwellings/RefugeeCamp/Name.txt,same,texts.pak,32,2107-12-31-23-59-56
universe_mod_texts_ru.pak,Text/Game/Dwellings/RefugeeCamp/SecondVisit.txt,same,texts.pak,84,2107-12-31-23-59-56
universe_mod_texts_ru.pak,Text/Game/Dwellings/RefugeeCamp/SecondVisitNoHire.txt,same,texts.pak,54,2107-12-31-23-59-56
universe_mod_texts_ru.pak,Text/Game/Dwellings/StrongholdCentaurs/Description.txt,changed,texts.pak,60,2107-12-31-23-59-56
universe_mod_texts_ru.pak,Text/Game/Dwellings/StrongholdCentaurs/FirstVisit.txt,same,texts.pak,120,2107-12-31-23-59-56
universe_mod_texts_ru.pak,Text/Game/Dwellings/StrongholdCentaurs/FirstVisitNoHire.txt,same,texts.pak,112,2107-12-31-23-59-56
universe_mod_texts_ru.pak,Text/Game/Dwellings/StrongholdCentaurs/Name.txt,same,texts.pak,36,2107-12-31-23-59-56
universe_mod_texts_ru.pak,Text/Game/Dwellings/StrongholdCentaurs/SecondVisit.txt,same,texts.pak,56,2107-12-31-23-59-56
universe_mod_texts_ru.pak,Text/Game/Dwellings/StrongholdCentaurs/SecondVisitNoHire.txt,same,texts.pak,42,2107-12-31-23-59-56
universe_mod_texts_ru.pak,Text/Game/Dwellings/StrongholdGoblins/Description.txt,changed,texts.pak,58,2107-12-31-23-59-56
universe_mod_texts_ru.pak,Text/Game/Dwellings/StrongholdGoblins/FirstVisit.txt,same,texts.pak,118,2107-12-31-23-59-56
universe_mod_texts_ru.pak,Text/Game/Dwellings/StrongholdGoblins/FirstVisitNoHire.txt,same,texts.pak,112,2107-12-31-23-59-56
universe_mod_texts_ru.pak,Text/Game/Dwellings/StrongholdGoblins/Name.txt,same,texts.pak,36,2107-12-31-23-59-56
universe_mod_texts_ru.pak,Text/Game/Dwellings/StrongholdGoblins/SecondVisit.txt,same,texts.pak,54,2107-12-31-23-59-56
universe_mod_texts_ru.pak,Text/Game/Dwellings/StrongholdGoblins/SecondVisitNoHire.txt,same,texts.pak,40,2107-12-31-23-59-56
universe_mod_texts_ru.pak,Text/Game/Dwellings/StrongholdMilitaryPost/Description.txt,changed,texts.pak,156,2107-12-31-23-59-56
universe_mod_texts_ru.pak,Text/Game/Dwellings/StrongholdMilitaryPost/FirstVisit.txt,same,texts.pak,152,2107-12-31-23-59-56
universe_mod_texts_ru.pak,Text/Game/Dwellings/StrongholdMilitaryPost/FirstVisitNoHire.txt,same,texts.pak,112,2107-12-31-23-59-56
universe_mod_texts_ru.pak,Text/Game/Dwellings/StrongholdMilitaryPost/Name.txt,same,texts.pak,42,2107-12-31-23-59-56
universe_mod_texts_ru.pak,Text/Game/Dwellings/StrongholdMilitaryPost/SecondVisit.txt,same,texts.pak,82,2107-12-31-23-59-56
universe_mod_texts_ru.pak,Text/Game/Dwellings/StrongholdMilitaryPost/SecondVisitNoHire.txt,same,texts.pak,38,2107-12-31-23-59-56
universe_mod_texts_ru.pak,Text/Game/Dwellings/StrongholdWarriors/Description.txt,changed,texts.pak,70,2107-12-31-23-59-56
universe_mod_texts_ru.pak,Text/Game/Dwellings/StrongholdWarriors/FirstVisit.txt,same,texts.pak,118,2107-12-31-23-59-56
universe_mod_texts_ru.pak,Text/Game/Dwellings/StrongholdWarriors/FirstVisitNoHire.txt,same,texts.pak,100,2107-12-31-23-59-56
universe_mod_texts_ru.pak,Text/Game/Dwellings/StrongholdWarriors/Name.txt,same,texts.pak,24,2107-12-31-23-59-56
universe_mod_texts_ru.pak,Text/Game/Dwellings/StrongholdWarriors/SecondVisit.txt,same,texts.pak,66,2107-12-31-23-59-56
universe_mod_texts_ru.pak,Text/Game/Dwellings/StrongholdWarriors/SecondVisitNoHire.txt,same,texts.pak,52,2107-12-31-23-59-56
universe_mod_texts_ru.pak,Text/Game/Heroes/Specializations/Academy/Disrupter/Description.txt,changed,texts.pak,392,2107-12-31-23-59-56
universe_mod_texts_ru.pak,Text/Game/Heroes/Specializations/Academy/Inexhaustible/Description.txt,changed,texts.pak,296,2107-12-31-23-59-56
universe_mod_texts_ru.pak,Text/Game/Heroes/Specializations/Academy/Radiant/Description.txt,changed,texts.pak,496,2107-12-31-23-59-56
universe_mod_texts_ru.pak,Text/Game/Heroes/Specializations/Academy/Weilder_of_Fire/Description.txt,changed,texts.pak,412,2107-12-31-23-59-56
universe_mod_texts_ru.pak,Text/Game/Heroes/Specializations/Fortress/Defender/Description.txt,changed,texts.pak,230,2107-12-31-23-59-56
universe_mod_texts_ru.pak,Text/Game/Heroes/Specializations/Fortress/Stormcaller/Description.txt,changed,texts.pak,642,2107-12-31-23-59-56
universe_mod_texts_ru.pak,Text/Game/Heroes/Specializations/Haven/Artilleryman/Description.txt,changed,texts.pak,346,2107-12-31-23-59-56
universe_mod_texts_ru.pak,Text/Game/Heroes/Specializations/Inferno/Flagbearer_of_Darkness/Description.txt,changed,texts.pak,412,2107-12-31-23-59-56
universe_mod_texts_ru.pak,Text/Game/Heroes/Specializations/Necropolis/AvatarOfDeath/Description.txt,changed,texts.pak,296,2107-12-31-23-59-56
universe_mod_texts_ru.pak,Text/Game/Heroes/Specializations/Necropolis/AvatarOfDeath/Name.txt,changed,texts.pak,32,2107-12-31-23-59-56
universe_mod_texts_ru.pak,Text/Game/Heroes/Specializations/Necropolis/Maledictor/Description.txt,changed,texts.pak,356,2107-12-31-23-59-56
universe_mod_texts_ru.pak,Text/Game/Heroes/Specializations/Necropolis/Soulhunter/Description.txt,changed,texts.pak,722,2107-12-31-23-59-56
universe_mod_texts_ru.pak,Text/Game/Heroes/Specializations/Preserve/Call_of_the_Wasp/Description.txt,changed,texts.pak,450,2107-12-31-23-59-56
universe_mod_texts_ru.pak,Text/Game/Heroes/Specializations/Preserve/Waylayer/Description.txt,changed,a2p1-texts.pak,178,2107-12-31-23-59-56
universe_mod_texts_ru.pak,Text/Game/Heroes/Specializations/Stronghold/CentaurMistress/Description.txt,changed,texts.pak,294,2107-12-31-23-59-56
universe_mod_texts_ru.pak,Text/Game/Heroes/Specializations/Stronghold/GoblinKing/Description.txt,changed,texts.pak,590,2107-12-31-23-59-56
universe_mod_texts_ru.pak,Text/Game/Heroes/Specializations/Stronghold/Offender/Description.txt,changed,texts.pak,312,2107-12-31-23-59-56
universe_mod_texts_ru.pak,Text/Game/Heroes/Specializations/Stronghold/WyvernTamer/Description.txt,changed,texts.pak,260,2107-12-31-23-59-56
universe_mod_texts_ru.pak,Text/Game/HeroStrings/NeutralCounts/Few.txt,changed,texts.pak,52,2107-12-31-23-59-56
universe_mod_texts_ru.pak,Text/Game/HeroStrings/NeutralCounts/Horde.txt,changed,texts.pak,56,2107-12-31-23-59-56
universe_mod_texts_ru.pak,Text/Game/HeroStrings/NeutralCounts/Legion.txt,changed,texts.pak,60,2107-12-31-23-59-56
universe_mod_texts_ru.pak,Text/Game/HeroStrings/NeutralCounts/Lots.txt,changed,texts.pak,58,2107-12-31-23-59-56
universe_mod_texts_ru.pak,Text/Game/HeroStrings/NeutralCounts/Pack.txt,changed,texts.pak,58,2107-12-31-23-59-56
universe_mod_texts_ru.pak,Text/Game/HeroStrings/NeutralCounts/Several.txt,changed,texts.pak,56,2107-12-31-23-59-56
universe_mod_texts_ru.pak,Text/Game/HeroStrings/NeutralCounts/Swarm.txt,changed,texts.pak,60,2107-12-31-23-59-56
universe_mod_texts_ru.pak,Text/Game/HeroStrings/NeutralCounts/Throng.txt,changed,texts.pak,62,2107-12-31-23-59-56
universe_mod_texts_ru.pak,Text/Game/HeroStrings/NeutralCounts/Zounds.txt,changed,texts.pak,60,2107-12-31-23-59-56
universe_mod_texts_ru.pak,Text/Game/Skills/Common/Defence/SealOfProtection/Description.txt,changed,texts.pak,412,2107-12-31-23-59-56
universe_mod_texts_ru.pak,Text/Game/Skills/Common/DestructiveMagic/AncientSmithy/Description.txt,changed,texts.pak,552,2107-12-31-23-59-56
universe_mod_texts_ru.pak,Text/Game/Skills/Common/DestructiveMagic/MagicCushion/Description.txt,changed,texts.pak,154,2107-12-31-23-59-56
universe_mod_texts_ru.pak,Text/Game/Skills/Common/Leadership/1/Description.txt,changed,texts.pak,318,2107-12-31-23-59-56
universe_mod_texts_ru.pak,Text/Game/Skills/Common/Leadership/2/Description.txt,changed,texts.pak,318,2107-12-31-23-59-56
universe_mod_texts_ru.pak,Text/Game/Skills/Common/Leadership/3/Description.txt,changed,texts.pak,318,2107-12-31-23-59-56
universe_mod_texts_ru.pak,Text/Game/Skills/Common/Leadership/Diplomacy/Description.txt,changed,texts.pak,176,2107-12-31-23-59-56
universe_mod_texts_ru.pak,Text/Game/Skills/Common/Leadership/Estates/Description.txt,same,texts.pak,92,2107-12-31-23-59-56
universe_mod_texts_ru.pak,Text/Game/Skills/Common/Learning/1/Description.txt,changed,texts.pak,330,2107-12-31-23-59-56
universe_mod_texts_ru.pak,Text/Game/Skills/Common/Learning/2/Description.txt,changed,texts.pak,340,2107-12-31-23-59-56
universe_mod_texts_ru.pak,Text/Game/Skills/Common/Learning/3/Description.txt,changed,texts.pak,334,2107-12-31-23-59-56
universe_mod_texts_ru.pak,Text/Game/Skills/Common/Learning/EagleEye/Description.txt,changed,texts.pak,454,2107-12-31-23-59-56
universe_mod_texts_ru.pak,Text/Game/Skills/Common/Learning/MasterOfSecrets/Description.txt,changed,texts.pak,488,2107-12-31-23-59-56
universe_mod_texts_ru.pak,Text/Game/Skills/Common/Learning/Mentoring/Description.txt,changed,texts.pak,176,2107-12-31-23-59-56
universe_mod_texts_ru.pak,Text/Game/Skills/Common/Logistics/Scouting/Description.txt,same,texts.pak,382,2107-12-31-23-59-56
universe_mod_texts_ru.pak,Text/Game/Skills/Common/Luck/1/Description.txt,changed,texts.pak,260,2107-12-31-23-59-56
universe_mod_texts_ru.pak,Text/Game/Skills/Common/Luck/2/Description.txt,changed,texts.pak,260,2107-12-31-23-59-56
universe_mod_texts_ru.pak,Text/Game/Skills/Common/Luck/3/Description.txt,changed,texts.pak,260,2107-12-31-23-59-56
universe_mod_texts_ru.pak,Text/Game/Skills/Common/Luck/DeadLuck/Description.txt,changed,texts.pak,206,2107-12-31-23-59-56
universe_mod_texts_ru.pak,Text/Game/Skills/Common/Luck/FortunateAdventurer/Description.txt,changed,texts.pak,254,2107-12-31-23-59-56
universe_mod_texts_ru.pak,Text/Game/Skills/Common/Luck/GrailVision/Description.txt,changed,texts.pak,778,2107-12-31-23-59-56
universe_mod_texts_ru.pak,Text/Game/Skills/Common/Luck/LuckOfTheBarbarian/Description.txt,changed,texts.pak,190,2107-12-31-23-59-56
universe_mod_texts_ru.pak,Text/Game/Skills/Common/Luck/LuckySpells/Description.txt,changed,texts.pak,268,2107-12-31-23-59-56
universe_mod_texts_ru.pak,Text/Game/Skills/Common/Luck/SpoilsOfWar/Description.txt,changed,texts.pak,864,2107-12-31-23-59-56
universe_mod_texts_ru.pak,Text/Game/Skills/Common/Offence/ChillingSteel/Description.txt,changed,texts.pak,312,2107-12-31-23-59-56
universe_mod_texts_ru.pak,Text/Game/Skills/Common/Offence/Wildfire/Description.txt,changed,a2p1-texts.pak,240,2107-12-31-23-59-56
universe_mod_texts_ru.pak,Text/Game/Skills/Common/Sorcery/SpellproofBones/Description.txt,changed,texts.pak,194,2107-12-31-23-59-56
universe_mod_texts_ru.pak,Text/Game/Skills/Common/Sorcery/Wisdom/Description.txt,changed,texts.pak,348,2107-12-31-23-59-56
universe_mod_texts_ru.pak,Text/Game/Skills/Common/SummoningMagic/FireAffinity/Description.txt,changed,texts.pak,562,2107-12-31-23-59-56
universe_mod_texts_ru.pak,Text/Game/Skills/Common/SummoningMagic/FogVeil/Description.txt,changed,texts.pak,164,2107-12-31-23-59-56
universe_mod_texts_ru.pak,Text/Game/Skills/Common/SummoningMagic/MasterOfQuakes/Description.txt,changed,texts.pak,286,2107-12-31-23-59-56
universe_mod_texts_ru.pak,Text/Game/Skills/Common/SummoningMagic/Unsummon/Description.txt,changed,texts.pak,482,2107-12-31-23-59-56
universe_mod_texts_ru.pak,Text/Game/Skills/Common/WarMachines/1/Description.txt,changed,texts.pak,774,2107-12-31-23-59-56
universe_mod_texts_ru.pak,Text/Game/Skills/Common/WarMachines/2/Description.txt,changed,texts.pak,774,2107-12-31-23-59-56
universe_mod_texts_ru.pak,Text/Game/Skills/Common/WarMachines/3/Description.txt,changed,texts.pak,776,2107-12-31-23-59-56
universe_mod_texts_ru.pak,Text/Game/Skills/Common/WarMachines/4/Description.txt,added,,780,2107-12-31-23-59-56
universe_mod_texts_ru.pak,Text/Game/Skills/Common/WarMachines/4/Name.txt,added,,64,2107-12-31-23-59-56
universe_mod_texts_ru.pak,Text/Game/Skills/Common/WarMachines/Ballista/Description.txt,changed,texts.pak,242,2107-12-31-23-59-56
universe_mod_texts_ru.pak,Text/Game/Skills/Common/WarMachines/FirstAid/Description.txt,changed,texts.pak,314,2107-12-31-23-59-56
universe_mod_texts_ru.pak,Text/Game/Skills/Common/WarMachines/LastAid/Description.txt,changed,texts.pak,412,2107-12-31-23-59-56
universe_mod_texts_ru.pak,Text/Game/Skills/Common/WarMachines/TripleBallista/Description.txt,changed,texts.pak,168,2107-12-31-23-59-56
universe_mod_texts_ru.pak,Text/Game/Skills/Unique/DemonicRage/1/Description.txt,changed,texts.pak,456,2107-12-31-23-59-56
universe_mod_texts_ru.pak,Text/Game/Skills/Unique/DemonicRage/2/Description.txt,changed,texts.pak,456,2107-12-31-23-59-56
universe_mod_texts_ru.pak,Text/Game/Skills/Unique/DemonicRage/3/Description.txt,changed,texts.pak,458,2107-12-31-23-59-56
universe_mod_texts_ru.pak,Text/Game/Skills/Unique/DemonicRage/4/Description.txt,changed,texts.pak,388,2107-12-31-23-59-56
universe_mod_texts_ru.pak,Text/Game/Skills/Unique/Necromancy/1/Description.txt,changed,texts.pak,544,2107-12-31-23-59-56
universe_mod_texts_ru.pak,Text/Game/Skills/Unique/Necromancy/2/Description.txt,changed,texts.pak,544,2107-12-31-23-59-56
universe_mod_texts_ru.pak,Text/Game/Skills/Unique/Necromancy/3/Description.txt,changed,texts.pak,550,2107-12-31-23-59-56
universe_mod_texts_ru.pak,Text/Game/Skills/Unique/Training/1/Description.txt,changed,texts.pak,534,2107-12-31-23-59-56
universe_mod_texts_ru.pak,Text/Game/Skills/Unique/Training/2/Description.txt,changed,texts.pak,668,2107-12-31-23-59-56
universe_mod_texts_ru.pak,Text/Game/Skills/Unique/Training/3/Description.txt,changed,texts.pak,668,2107-12-31-23-59-56
universe_mod_texts_ru.pak,Text/Game/Skills/Unique/Training/4/Description.txt,changed,texts.pak,668,2107-12-31-23-59-56
universe_mod_texts_ru.pak,Text/Game/Spells/Adventure/DimensionDoor/Long_Description.txt,changed,texts.pak,344,2107-12-31-23-59-56
universe_mod_texts_ru.pak,Text/Game/Spells/Adventure/Town_Portal/Long_Description.txt,changed,texts.pak,504,2107-12-31-23-59-56
universe_mod_texts_ru.pak,Text/Game/Spells/SpellBookPredictions/AvatarOfDeath.txt,changed,texts.pak,166,2107-12-31-23-59-56
universe_mod_texts_ru.pak,Text/Game/TownBuildings/Academy/Fort/Fort_Description.txt,changed,texts.pak,170,2107-12-31-23-59-56
universe_mod_texts_ru.pak,Text/Game/TownBuildings/Dungeon/Fort/Fort_Description.txt,changed,texts.pak,170,2107-12-31-23-59-56
universe_mod_texts_ru.pak,Text/Game/TownBuildings/Dwarves/Fort/Fort_Description.txt,changed,texts.pak,170,2107-12-31-23-59-56
universe_mod_texts_ru.pak,Text/Game/TownBuildings/Haven/Fort/Fort_Description.txt,changed,texts.pak,170,2107-12-31-23-59-56
universe_mod_texts_ru.pak,Text/Game/TownBuildings/Haven/Special_1/Description.txt,changed,texts.pak,374,2107-12-31-23-59-56
universe_mod_texts_ru.pak,Text/Game/TownBuildings/Haven/Special_2/Description.txt,changed,texts.pak,224,2107-12-31-23-59-56
universe_mod_texts_ru.pak,Text/Game/TownBuildings/Inferno/Fort/Fort_Description.txt,changed,texts.pak,170,2107-12-31-23-59-56
universe_mod_texts_ru.pak,Text/Game/TownBuildings/Necromancy/Fort/Fort_Description.txt,changed,texts.pak,170,2107-12-31-23-59-56
universe_mod_texts_ru.pak,Text/Game/TownBuildings/Necromancy/Special_/Description.txt,changed,texts.pak,344,2107-12-31-23-59-56
universe_mod_texts_ru.pak,Text/Game/TownBuildings/Preserve/Fort/Fort_Description.txt,changed,texts.pak,170,2107-12-31-23-59-56
universe_mod_texts_ru.pak,Text/Game/TownBuildings/StrongHold/Fort/Fort_Description.txt,changed,texts.pak,170,2107-12-31-23-59-56
universe_mod_texts_ru.pak,Text/Game/TownBuildings/StrongHold/Marketplace/Resource_Silo_Description.txt,changed,texts.pak,216,2107-12-31-23-59-56
universe_mod_texts_ru.pak,Text/Game/Towns/Specializations/250_gold/Description.txt,added,,96,2107-12-31-23-59-56
universe_mod_texts_ru.pak,Text/Game/Towns/Specializations/Ammo_cart/Description.txt,added,,214,2107-12-31-23-59-56
universe_mod_texts_ru.pak,Text/Game/Towns/Specializations/Ballista/Description.txt,added,,186,2107-12-31-23-59-56
universe_mod_texts_ru.pak,Text/Game/Towns/Specializations/Crystals/Description.txt,added,,110,2107-12-31-23-59-56
universe_mod_texts_ru.pak,Text/Game/Towns/Specializations/Defence_+_1/Description.txt,changed,texts.pak,80,2107-12-31-23-59-56
universe_mod_texts_ru.pak,Text/Game/Towns/Specializations/Defence_+_2/Description.txt,changed,texts.pak,80,2107-12-31-23-59-56
universe_mod_texts_ru.pak,Text/Game/Towns/Specializations/Defence_-_1/Description.txt,changed,texts.pak,86,2107-12-31-23-59-56
universe_mod_texts_ru.pak,Text/Game/Towns/Specializations/Defence_-_2/Description.txt,changed,texts.pak,86,2107-12-31-23-59-56
universe_mod_texts_ru.pak,Text/Game/Towns/Specializations/Elven_Capital/Description.txt,changed,texts.pak,230,2107-12-31-23-59-56
universe_mod_texts_ru.pak,Text/Game/Towns/Specializations/Extra_ore/Description.txt,added,,106,2107-12-31-23-59-56
universe_mod_texts_ru.pak,Text/Game/Towns/Specializations/Extra_wood/Description.txt,added,,116,2107-12-31-23-59-56
universe_mod_texts_ru.pak,Text/Game/Towns/Specializations/First_aid_tent/Description.txt,added,,212,2107-12-31-23-59-56
universe_mod_texts_ru.pak,Text/Game/Towns/Specializations/Gems/Description.txt,added,,110,2107-12-31-23-59-56
universe_mod_texts_ru.pak,Text/Game/Towns/Specializations/Heroes/Description.txt,added,,102,2107-12-31-23-59-56
universe_mod_texts_ru.pak,Text/Game/Towns/Specializations/Luck_+_1/Description.txt,changed,texts.pak,78,2107-12-31-23-59-56
universe_mod_texts_ru.pak,Text/Game/Towns/Specializations/Luck_-_1/Description.txt,changed,texts.pak,84,2107-12-31-23-59-56
universe_mod_texts_ru.pak,Text/Game/Towns/Specializations/Marketplace/Description.txt,added,,210,2107-12-31-23-59-56
universe_mod_texts_ru.pak,Text/Game/Towns/Specializations/Mercury/Description.txt,added,,100,2107-12-31-23-59-56
universe_mod_texts_ru.pak,Text/Game/Towns/Specializations/Morale_+_1/Description.txt,changed,texts.pak,88,2107-12-31-23-59-56
universe_mod_texts_ru.pak,Text/Game/Towns/Specializations/Morale_-_1/Description.txt,changed,texts.pak,98,2107-12-31-23-59-56
universe_mod_texts_ru.pak,Text/Game/Towns/Specializations/No_bonus/Description.txt,added,,38,2107-12-31-23-59-56
universe_mod_texts_ru.pak,Text/Game/Towns/Specializations/Offence_+_1/Description.txt,changed,texts.pak,86,2107-12-31-23-59-56
universe_mod_texts_ru.pak,Text/Game/Towns/Specializations/Offence_+_2/Description.txt,changed,texts.pak,86,2107-12-31-23-59-56
universe_mod_texts_ru.pak,Text/Game/Towns/Specializations/Offence_-_1/Description.txt,changed,texts.pak,92,2107-12-31-23-59-56
universe_mod_texts_ru.pak,Text/Game/Towns/Specializations/Offence_-_2/Description.txt,changed,texts.pak,92,2107-12-31-23-59-56
universe_mod_texts_ru.pak,Text/Game/Towns/Specializations/Offence_Defence_+_1/Description.txt,changed,texts.pak,114,2107-12-31-23-59-56
universe_mod_texts_ru.pak,Text/Game/Towns/Specializations/Offence_Defence_+_2/Description.txt,changed,texts.pak,114,2107-12-31-23-59-56
universe_mod_texts_ru.pak,Text/Game/Towns/Specializations/Offence_Defence_-_1/Description.txt,changed,texts.pak,118,2107-12-31-23-59-56
universe_mod_texts_ru.pak,Text/Game/Towns/Specializations/Offence_Defence_-_2/Description.txt,changed,texts.pak,118,2107-12-31-23-59-56
universe_mod_texts_ru.pak,Text/Game/Towns/Specializations/Ships/Description.txt,added,,150,2107-12-31-23-59-56
universe_mod_texts_ru.pak,Text/Game/Towns/Specializations/Sulfur/Description.txt,added,,98,2107-12-31-23-59-56
universe_mod_texts_ru.pak,Text/Game/Towns/Specializations/Thieves_guild/Description.txt,added,,166,2107-12-31-23-59-56
universe_mod_texts_ru.pak,Text/Game/Towns/Specializations/Tier1_creature/Description.txt,added,,98,2107-12-31-23-59-56
universe_mod_texts_ru.pak,Text/Game/Towns/Specializations/Tier2_creature/Description.txt,added,,98,2107-12-31-23-59-56
universe_mod_texts_ru.pak,Text/Game/Towns/Specializations/Tier3_creature/Description.txt,added,,98,2107-12-31-23-59-56
universe_mod_texts_ru.pak,Text/Game/Towns/Specializations/Tier4_creature/Description.txt,added,,98,2107-12-31-23-59-56
universe_mod_texts_ru.pak,Text/Game/Towns/Specializations/Towers/Description.txt,changed,texts.pak,88,2107-12-31-23-59-56
universe_mod_texts_ru.pak,Text/Game/Towns/Specializations/Walls/Description.txt,changed,texts.pak,152,2107-12-31-23-59-56
universe_mod_texts_ru.pak,Text/Interface/TreeOfKnowledge/desc_free_text.txt,changed,texts.pak,226,2107-12-31-23-59-56
universe_mod_texts_ru.pak,Text/Interface/TreeOfKnowledge/desc_gems_text.txt,changed,texts.pak,260,2107-12-31-23-59-56
universe_mod_texts_ru.pak,Text/Interface/TreeOfKnowledge/desc_gold_text.txt,changed,texts.pak,258,2107-12-31-23-59-56
universe_mod_texts_ru.pak,Text/Interface/TreeOfKnowledge/Title_Text.txt,changed,texts.pak,30,2107-12-31-23-59-56
universe_mod_texts_ru.pak,Text/UI/Common/TOOLTIP_DWELLING_CREATURES.txt,added,,304,2107-12-31-23-59-56
universe_mod_texts_ru.pak,Text/Universe_mod/Artifacts/Ring_of_Silence/Description.txt,added,,170,2107-12-31-23-59-56
universe_mod_texts_ru.pak,Text/Universe_mod/Artifacts/Ring_of_Silence/Name.txt,added,,34,2107-12-31-23-59-56
universe_mod_texts_ru.pak,Text/Universe_mod/Buildings/Demonbank/desc.txt,added,,70,2107-12-31-23-59-56
universe_mod_texts_ru.pak,Text/Universe_mod/Buildings/Demonbank/Empty.txt,added,,100,2107-12-31-23-59-56
universe_mod_texts_ru.pak,Text/Universe_mod/Buildings/Demonbank/name.txt,added,,26,2107-12-31-23-59-56
universe_mod_texts_ru.pak,Text/Universe_mod/Buildings/Demonbank/SearchEmpty.txt,added,,140,2107-12-31-23-59-56
universe_mod_texts_ru.pak,Text/Universe_mod/Buildings/Demonbank/SearchHigh.txt,added,,1742,2107-12-31-23-59-56
universe_mod_texts_ru.pak,Text/Universe_mod/Buildings/Demonbank/SearchMedium.txt,added,,1712,2107-12-31-23-59-56
universe_mod_texts_ru.pak,Text/Universe_mod/Buildings/Demonbank/SearchVeryHigh.txt,added,,1880,2107-12-31-23-59-56
universe_mod_texts_ru.pak,Text/Universe_mod/Buildings/Demonbank/SearchWeak.txt,added,,1490,2107-12-31-23-59-56
universe_mod_texts_ru.pak,Text/Universe_mod/Buildings/Demonbank/visit.txt,added,,88,2107-12-31-23-59-56
universe_mod_texts_ru.pak,Text/Universe_mod/Buildings/EnchantedTreasure/Description.txt,added,,106,2107-12-31-23-59-56
universe_mod_texts_ru.pak,Text/Universe_mod/Buildings/EnchantedTreasure/FirstVisit.txt,added,,62,2107-12-31-23-59-56
universe_mod_texts_ru.pak,Text/Universe_mod/Buildings/EnchantedTreasure/Gold.txt,added,,152,2107-12-31-23-59-56
universe_mod_texts_ru.pak,Text/Universe_mod/Buildings/EnchantedTreasure/Name.txt,added,,26,2107-12-31-23-59-56
universe_mod_texts_ru.pak,Text/Universe_mod/Buildings/LakeofMermaids/Description.txt,added,,100,2107-12-31-23-59-56
universe_mod_texts_ru.pak,Text/Universe_mod/Buildings/LakeofMermaids/FirstVisit.txt,added,,412,2107-12-31-23-59-56
universe_mod_texts_ru.pak,Text/Universe_mod/Buildings/LakeofMermaids/Name.txt,added,,32,2107-12-31-23-59-56
universe_mod_texts_ru.pak,Text/Universe_mod/Buildings/Monasterybank/Desc.txt,added,,264,2107-12-31-23-59-56
universe_mod_texts_ru.pak,Text/Universe_mod/Buildings/Monasterybank/Empty.txt,added,,70,2107-12-31-23-59-56
universe_mod_texts_ru.pak,Text/Universe_mod/Buildings/Monasterybank/Name.txt,added,,36,2107-12-31-23-59-56
universe_mod_texts_ru.pak,Text/Universe_mod/Buildings/Monasterybank/SearchEmpty.txt,added,,140,2107-12-31-23-59-56
universe_mod_texts_ru.pak,Text/Universe_mod/Buildings/Monasterybank/SearchExtraHigh.txt,added,,714,2107-12-31-23-59-56
universe_mod_texts_ru.pak,Text/Universe_mod/Buildings/Monasterybank/SearchHigh.txt,added,,796,2107-12-31-23-59-56
universe_mod_texts_ru.pak,Text/Universe_mod/Buildings/Monasterybank/SearchMedium.txt,added,,640,2107-12-31-23-59-56
universe_mod_texts_ru.pak,Text/Universe_mod/Buildings/Monasterybank/SearchVeryHigh.txt,added,,804,2107-12-31-23-59-56
universe_mod_texts_ru.pak,Text/Universe_mod/Buildings/Monasterybank/SearchWeak.txt,added,,628,2107-12-31-23-59-56
universe_mod_texts_ru.pak,Text/Universe_mod/Buildings/Monasterybank/Visit.txt,added,,100,2107-12-31-23-59-56
universe_mod_texts_ru.pak,Text/Universe_mod/Buildings/NecroEstate/Desc.txt,added,,224,2107-12-31-23-59-56
universe_mod_texts_ru.pak,Text/Universe_mod/Buildings/NecroEstate/Empty.txt,added,,56,2107-12-31-23-59-56
universe_mod_texts_ru.pak,Text/Universe_mod/Buildings/NecroEstate/Name.txt,added,,36,2107-12-31-23-59-56
universe_mod_texts_ru.pak,Text/Universe_mod/Buildings/NecroEstate/SearchEmpty.txt,added,,140,2107-12-31-23-59-56
universe_mod_texts_ru.pak,Text/Universe_mod/Buildings/NecroEstate/SearchHigh.txt,added,,966,2107-12-31-23-59-56
universe_mod_texts_ru.pak,Text/Universe_mod/Buildings/NecroEstate/SearchMedium.txt,added,,1064,2107-12-31-23-59-56
universe_mod_texts_ru.pak,Text/Universe_mod/Buildings/NecroEstate/SearchVeryHigh.txt,added,,1000,2107-12-31-23-59-56
universe_mod_texts_ru.pak,Text/Universe_mod/Buildings/NecroEstate/SearchWeak.txt,added,,574,2107-12-31-23-59-56
universe_mod_texts_ru.pak,Text/Universe_mod/Buildings/NecroEstate/Visit.txt,added,,142,2107-12-31-23-59-56
universe_mod_texts_ru.pak,Text/Universe_mod/Buildings/OrcDeposit/Desc.txt,added,,238,2107-12-31-23-59-56
universe_mod_texts_ru.pak,Text/Universe_mod/Buildings/OrcDeposit/Empty.txt,added,,50,2107-12-31-23-59-56
universe_mod_texts_ru.pak,Text/Universe_mod/Buildings/OrcDeposit/Name.txt,added,,32,2107-12-31-23-59-56
universe_mod_texts_ru.pak,Text/Universe_mod/Buildings/OrcDeposit/SearchEmpty.txt,added,,140,2107-12-31-23-59-56
universe_mod_texts_ru.pak,Text/Universe_mod/Buildings/OrcDeposit/SearchHigh.txt,added,,862,2107-12-31-23-59-56
universe_mod_texts_ru.pak,Text/Universe_mod/Buildings/OrcDeposit/SearchMedium.txt,added,,876,2107-12-31-23-59-56
universe_mod_texts_ru.pak,Text/Universe_mod/Buildings/OrcDeposit/SearchWeak.txt,added,,874,2107-12-31-23-59-56
universe_mod_texts_ru.pak,Text/Universe_mod/Buildings/OrcDeposit/Visit.txt,added,,64,2107-12-31-23-59-56
universe_mod_texts_ru.pak,Text/Universe_mod/Buildings/SnowGarden/Desc.txt,added,,94,2107-12-31-23-59-56
universe_mod_texts_ru.pak,Text/Universe_mod/Buildings/SnowGarden/Name.txt,added,,24,2107-12-31-23-59-56
universe_mod_texts_ru.pak,Text/Universe_mod/Buildings/Sphinx/Description.txt,added,,204,2107-12-31-23-59-56
universe_mod_texts_ru.pak,Text/Universe_mod/Buildings/Sphinx/Flyby.txt,added,,548,2107-12-31-23-59-56
universe_mod_texts_ru.pak,Text/Universe_mod/Buildings/Sphinx/Name.txt,added,,14,2107-12-31-23-59-56
universe_mod_texts_ru.pak,Text/Universe_mod/Skills/Engineering/Description.txt,added,,454,2107-12-31-23-59-56
universe_mod_texts_ru.pak,Text/Universe_mod/Skills/Engineering/Name.txt,added,,44,2107-12-31-23-59-56
universe_mod_texts_ru.pak,Text/Universe_mod/Skills/EternalSummon/Description.txt,added,,332,2107-12-31-23-59-56
universe_mod_texts_ru.pak,Text/Universe_mod/Skills/EternalSummon/Name.txt,added,,30,2107-12-31-23-59-56
universe_mod_texts_ru.pak,Text/Universe_mod/Skills/QuickSummon/Description.txt,added,,150,2107-12-31-23-59-56
universe_mod_texts_ru.pak,Text/Universe_mod/Skills/QuickSummon/Name.txt,added,,30,2107-12-31-23-59-56
universe_mod_texts_ru.pak,Text/Universe_mod/Spells/AMEffects/Healthbonus_Long_Description.txt,added,,146,2107-12-31-23-59-56
universe_mod_texts_ru.pak,Text/Universe_mod/Spells/AMEffects/Healthbonus_Name.txt,added,,70,2107-12-31-23-59-56
universe_mod_texts_ru.pak,Text/Universe_mod/Spells/AMEffects/Luckbonus2_Long_Description.txt,added,,136,2107-12-31-23-59-56
universe_mod_texts_ru.pak,Text/Universe_mod/Spells/AMEffects/Luckbonus2_Name.txt,added,,58,2107-12-31-23-59-56
universe_mod_texts_ru.pak,Text/Universe_mod/Spells/AMEffects/Luckbonus3_Long_Description.txt,added,,156,2107-12-31-23-59-56
universe_mod_texts_ru.pak,Text/Universe_mod/Spells/AMEffects/Luckbonus3_Name.txt,added,,58,2107-12-31-23-59-56
universe_mod_texts_ru.pak,Text/Universe_mod/Spells/AMEffects/Luckbonus_Long_Description.txt,added,,136,2107-12-31-23-59-56
universe_mod_texts_ru.pak,Text/Universe_mod/Spells/AMEffects/Luckbonus_Name.txt,added,,58,2107-12-31-23-59-56
universe_mod_texts_ru.pak,Text/Universe_mod/Spells/AMEffects/Luckpenalty2_Long_Description.txt,added,,136,2107-12-31-23-59-56
universe_mod_texts_ru.pak,Text/Universe_mod/Spells/AMEffects/Luckpenalty2_Name.txt,added,,58,2107-12-31-23-59-56
universe_mod_texts_ru.pak,Text/Universe_mod/Spells/AMEffects/Luckpenalty3_Long_Description.txt,added,,156,2107-12-31-23-59-56
universe_mod_texts_ru.pak,Text/Universe_mod/Spells/AMEffects/Luckpenalty3_Name.txt,added,,58,2107-12-31-23-59-56
universe_mod_texts_ru.pak,Text/Universe_mod/Spells/AMEffects/Luckpenalty_Long_Description.txt,added,,136,2107-12-31-23-59-56
universe_mod_texts_ru.pak,Text/Universe_mod/Spells/AMEffects/Luckpenalty_Name.txt,added,,58,2107-12-31-23-59-56
universe_mod_texts_ru.pak,Text/Universe_mod/Spells/AMEffects/Moralebonus2_Long_Description.txt,added,,144,2107-12-31-23-59-56
universe_mod_texts_ru.pak,Text/Universe_mod/Spells/AMEffects/Moralebonus2_Name.txt,added,,72,2107-12-31-23-59-56
universe_mod_texts_ru.pak,Text/Universe_mod/Spells/AMEffects/Moralebonus3_Long_Description.txt,added,,164,2107-12-31-23-59-56
universe_mod_texts_ru.pak,Text/Universe_mod/Spells/AMEffects/Moralebonus3_Name.txt,added,,72,2107-12-31-23-59-56
universe_mod_texts_ru.pak,Text/Universe_mod/Spells/AMEffects/Moralebonus_Long_Description.txt,added,,144,2107-12-31-23-59-56
universe_mod_texts_ru.pak,Text/Universe_mod/Spells/AMEffects/Moralebonus_Name.txt,added,,72,2107-12-31-23-59-56
universe_mod_texts_ru.pak,Text/Universe_mod/Spells/AMEffects/Moralepenalty2_Long_Description.txt,added,,144,2107-12-31-23-59-56
universe_mod_texts_ru.pak,Text/Universe_mod/Spells/AMEffects/Moralepenalty2_Name.txt,added,,72,2107-12-31-23-59-56
universe_mod_texts_ru.pak,Text/Universe_mod/Spells/AMEffects/Moralepenalty3_Long_Description.txt,added,,164,2107-12-31-23-59-56
universe_mod_texts_ru.pak,Text/Universe_mod/Spells/AMEffects/Moralepenalty3_Name.txt,added,,72,2107-12-31-23-59-56
universe_mod_texts_ru.pak,Text/Universe_mod/Spells/AMEffects/Moralepenalty_Long_Description.txt,added,,144,2107-12-31-23-59-56
universe_mod_texts_ru.pak,Text/Universe_mod/Spells/AMEffects/Moralepenalty_Name.txt,added,,72,2107-12-31-23-59-56
universe_mod_texts_ru.pak,Text/Universe_mod/Spells/AshaFavorCourage_Long_Description.txt,added,,130,2107-12-31-23-59-56
universe_mod_texts_ru.pak,Text/Universe_mod/Spells/AshaFavorCourage_Name.txt,added,,54,2107-12-31-23-59-56
universe_mod_texts_ru.pak,Text/Universe_mod/Spells/AshaFavorFortitude_Long_Description.txt,added,,116,2107-12-31-23-59-56
universe_mod_texts_ru.pak,Text/Universe_mod/Spells/AshaFavorFortitude_Name.txt,added,,60,2107-12-31-23-59-56
universe_mod_texts_ru.pak,Text/Universe_mod/Spells/AshaFavorMastery_Long_Description.txt,added,,130,2107-12-31-23-59-56
universe_mod_texts_ru.pak,Text/Universe_mod/Spells/AshaFavorMastery_Name.txt,added,,62,2107-12-31-23-59-56
universe_mod_texts_ru.pak,Text/Universe_mod/Spells/AshaFavorMight_Long_Description.txt,added,,112,2107-12-31-23-59-56
universe_mod_texts_ru.pak,Text/Universe_mod/Spells/AshaFavorMight_Name.txt,added,,62,2107-12-31-23-59-56
universe_mod_texts_ru.pak,Text/Universe_mod/Spells/AshaFavorProtection_Long_Description.txt,added,,106,2107-12-31-23-59-56
universe_mod_texts_ru.pak,Text/Universe_mod/Spells/AshaFavorProtection_Name.txt,added,,54,2107-12-31-23-59-56
universe_mod_texts_ru.pak,Text/Universe_mod/Spells/CallOfTheNature_Long_Description.txt,added,,144,2107-12-31-23-59-56
universe_mod_texts_ru.pak,Text/Universe_mod/Spells/CallOfTheNature_Name.txt,added,,42,2107-12-31-23-59-56
universe_mod_texts_ru.pak,Text/Universe_mod/Spells/CallOfTheTomb_Long_Description.txt,added,,128,2107-12-31-23-59-56
universe_mod_texts_ru.pak,Text/Universe_mod/Spells/CallOfTheTomb_Name.txt,added,,26,2107-12-31-23-59-56
universe_mod_texts_ru.pak,Text/Universe_mod/Spells/DisableSimultaneousTurns_Long_Description.txt,added,,200,2107-12-31-23-59-56
universe_mod_texts_ru.pak,Text/Universe_mod/Spells/DisableSimultaneousTurns_Name.txt,added,,68,2107-12-31-23-59-56
universe_mod_texts_ru.pak,Text/Universe_mod/Spells/MagicSchoolAdventure.txt,added,,30,2107-12-31-23-59-56
universe_mod_texts_ru.pak,Text/Universe_mod/Spells/MagicSchoolDark.txt,added,,22,2107-12-31-23-59-56
universe_mod_texts_ru.pak,Text/Universe_mod/Spells/MagicSchoolDestructive.txt,added,,24,2107-12-31-23-59-56
universe_mod_texts_ru.pak,Text/Universe_mod/Spells/MagicSchoolLight.txt,added,,24,2107-12-31-23-59-56
universe_mod_texts_ru.pak,Text/Universe_mod/Spells/MagicSchoolRunic.txt,added,,26,2107-12-31-23-59-56
universe_mod_texts_ru.pak,Text/Universe_mod/Spells/MagicSchoolSpecial.txt,added,,28,2107-12-31-23-59-56
universe_mod_texts_ru.pak,Text/Universe_mod/Spells/MagicSchoolSummoning.txt,added,,28,2107-12-31-23-59-56
universe_mod_texts_ru.pak,Text/Universe_mod/Spells/MagicSchoolWarcries.txt,added,,24,2107-12-31-23-59-56
universe_mod_texts_ru.pak,Text/Universe_mod/Spells/SummonAirElementals_Long_Description.txt,added,,160,2107-12-31-23-59-56
universe_mod_texts_ru.pak,Text/Universe_mod/Spells/SummonAirElementals_Name.txt,added,,58,2107-12-31-23-59-56
universe_mod_texts_ru.pak,Text/Universe_mod/Spells/SummonEarthElementals_Long_Description.txt,added,,154,2107-12-31-23-59-56
universe_mod_texts_ru.pak,Text/Universe_mod/Spells/SummonEarthElementals_Name.txt,added,,52,2107-12-31-23-59-56
universe_mod_texts_ru.pak,Text/Universe_mod/Spells/SummonFireElementals_Long_Description.txt,added,,158,2107-12-31-23-59-56
universe_mod_texts_ru.pak,Text/Universe_mod/Spells/SummonFireElementals_Name.txt,added,,56,2107-12-31-23-59-56
universe_mod_texts_ru.pak,Text/Universe_mod/Spells/SummonWaterElementals_Long_Description.txt,added,,154,2107-12-31-23-59-56
universe_mod_texts_ru.pak,Text/Universe_mod/Spells/SummonWaterElementals_Name.txt,added,,52,2107-12-31-23-59-56
universe_mod_texts_ru.pak,Text/Universe_mod/Spells/Universe_Ancient_Smithy_Long_Description.txt,added,,310,2107-12-31-23-59-56
universe_mod_texts_ru.pak,Text/Universe_mod/Spells/Universe_Ancient_Smithy_Name.txt,added,,42,2107-12-31-23-59-56
universe_mod_texts_ru.pak,Text/Universe_mod/WarcryShrine/Description.txt,added,,102,2107-12-31-23-59-56
universe_mod_texts_ru.pak,Text/Universe_mod/WarcryShrine/Name.txt,added,,26,2107-12-31-23-59-56
universe_mod_texts_ru.pak,Text/Universe_mod/WarcryShrine/SpellLearned.txt,added,,336,2107-12-31-23-59-56
universe_mod_texts_ru.pak,Text/WeekTexts/WEEK_OF_ANGEL-desc.txt,changed,a2p1-texts.pak,154,2107-12-31-23-59-56
universe_mod_texts_ru.pak,Text/WeekTexts/WEEK_OF_ANGEL-name.txt,changed,texts.pak,46,2107-12-31-23-59-56
universe_mod_texts_ru.pak,Text/WeekTexts/WEEK_OF_ARCHER-desc.txt,changed,texts.pak,138,2107-12-31-23-59-56
universe_mod_texts_ru.pak,Text/WeekTexts/WEEK_OF_ARCHER-name.txt,changed,texts.pak,40,2107-12-31-23-59-56
universe_mod_texts_ru.pak,Text/WeekTexts/WEEK_OF_BEAR-desc.txt,changed,texts.pak,84,2107-12-31-23-59-56
universe_mod_texts_ru.pak,Text/WeekTexts/WEEK_OF_BEAR-name.txt,same,texts.pak,30,2107-12-31-23-59-56
universe_mod_texts_ru.pak,Text/WeekTexts/WEEK_OF_CAVALIER-desc.txt,changed,texts.pak,108,2107-12-31-23-59-56
universe_mod_texts_ru.pak,Text/WeekTexts/WEEK_OF_CAVALIER-name.txt,changed,texts.pak,30,2107-12-31-23-59-56
universe_mod_texts_ru.pak,Text/WeekTexts/WEEK_OF_CUCKOO-desc.txt,changed,texts.pak,90,2107-12-31-23-59-56
universe_mod_texts_ru.pak,Text/WeekTexts/WEEK_OF_CUCKOO-name.txt,changed,texts.pak,30,2107-12-31-23-59-56
universe_mod_texts_ru.pak,Text/WeekTexts/WEEK_OF_DIPLOMACY-desc.txt,changed,texts.pak,156,2107-12-31-23-59-56
universe_mod_texts_ru.pak,Text/WeekTexts/WEEK_OF_FIREFLY-desc.txt,changed,texts.pak,76,2107-12-31-23-59-56
universe_mod_texts_ru.pak,Text/WeekTexts/WEEK_OF_FIREFLY-name.txt,changed,texts.pak,34,2107-12-31-23-59-56
universe_mod_texts_ru.pak,Text/WeekTexts/WEEK_OF_FLAME-desc.txt,changed,texts.pak,114,2107-12-31-23-59-56
universe_mod_texts_ru.pak,Text/WeekTexts/WEEK_OF_FLAME-name.txt,changed,texts.pak,28,2107-12-31-23-59-56
universe_mod_texts_ru.pak,Text/WeekTexts/WEEK_OF_FOOTMAN-desc.txt,changed,texts.pak,138,2107-12-31-23-59-56
universe_mod_texts_ru.pak,Text/WeekTexts/WEEK_OF_FOOTMAN-name.txt,changed,texts.pak,36,2107-12-31-23-59-56
universe_mod_texts_ru.pak,Text/WeekTexts/WEEK_OF_GARGOYLE-desc.txt,changed,texts.pak,110,2107-12-31-23-59-56
universe_mod_texts_ru.pak,Text/WeekTexts/WEEK_OF_GARGOYLE-name.txt,changed,texts.pak,44,2107-12-31-23-59-56
universe_mod_texts_ru.pak,Text/WeekTexts/WEEK_OF_GOAT-desc.txt,changed,texts.pak,78,2107-12-31-23-59-56
universe_mod_texts_ru.pak,Text/WeekTexts/WEEK_OF_GOAT-name.txt,same,texts.pak,26,2107-12-31-23-59-56
universe_mod_texts_ru.pak,Text/WeekTexts/WEEK_OF_GREMLIN-desc.txt,changed,texts.pak,72,2107-12-31-23-59-56
universe_mod_texts_ru.pak,Text/WeekTexts/WEEK_OF_GREMLIN-name.txt,changed,texts.pak,30,2107-12-31-23-59-56
universe_mod_texts_ru.pak,Text/WeekTexts/WEEK_OF_GRIFFIN-desc.txt,changed,texts.pak,134,2107-12-31-23-59-56
universe_mod_texts_ru.pak,Text/WeekTexts/WEEK_OF_GRIFFIN-name.txt,changed,texts.pak,38,2107-12-31-23-59-56
universe_mod_texts_ru.pak,Text/WeekTexts/WEEK_OF_HYENA-desc.txt,changed,texts.pak,98,2107-12-31-23-59-56
universe_mod_texts_ru.pak,Text/WeekTexts/WEEK_OF_HYENA-name.txt,changed,texts.pak,34,2107-12-31-23-59-56
universe_mod_texts_ru.pak,Text/WeekTexts/WEEK_OF_PEASANT-desc.txt,changed,texts.pak,218,2107-12-31-23-59-56
universe_mod_texts_ru.pak,Text/WeekTexts/WEEK_OF_PEASANT-name.txt,changed,texts.pak,32,2107-12-31-23-59-56
universe_mod_texts_ru.pak,Text/WeekTexts/WEEK_OF_PRIEST-desc.txt,changed,texts.pak,136,2107-12-31-23-59-56
universe_mod_texts_ru.pak,Text/WeekTexts/WEEK_OF_PRIEST-name.txt,changed,texts.pak,30,2107-12-31-23-59-56
universe_mod_texts_ru.pak,Text/WeekTexts/WEEK_OF_RAT-desc.txt,changed,texts.pak,44,2107-12-31-23-59-56
universe_mod_texts_ru.pak,Text/WeekTexts/WEEK_OF_RAT-name.txt,changed,texts.pak,26,2107-12-31-23-59-56
universe_mod_texts_ru.pak,Text/WeekTexts/WEEK_OF_ROOSTER-desc.txt,changed,texts.pak,74,2107-12-31-23-59-56
universe_mod_texts_ru.pak,Text/WeekTexts/WEEK_OF_ROOSTER-name.txt,changed,texts.pak,28,2107-12-31-23-59-56
universe_mod_texts_ru.pak,Text/WeekTexts/WEEK_OF_SALAMANDER-desc.txt,changed,texts.pak,152,2107-12-31-23-59-56
universe_mod_texts_ru.pak,Text/WeekTexts/WEEK_OF_SALAMANDER-name.txt,same,texts.pak,36,2107-12-31-23-59-56
universe_mod_texts_ru.pak,Text/WeekTexts/WEEK_OF_SHEEP-desc.txt,changed,texts.pak,66,2107-12-31-23-59-56
universe_mod_texts_ru.pak,Text/WeekTexts/WEEK_OF_SHEEP-name.txt,changed,texts.pak,24,2107-12-31-23-59-56
universe_mod_texts_ru.pak,Text/WeekTexts/WEEK_OF_STORK-desc.txt,changed,texts.pak,100,2107-12-31-23-59-56
universe_mod_texts_ru.pak,Text/WeekTexts/WEEK_OF_STORK-name.txt,same,texts.pak,26,2107-12-31-23-59-56
universe_mod_texts_ru.pak,Text/WeekTexts/WEEK_OF_SWALLOW-desc.txt,changed,texts.pak,122,2107-12-31-23-59-56
universe_mod_texts_ru.pak,Text/WeekTexts/WEEK_OF_SWALLOW-name.txt,changed,texts.pak,32,2107-12-31-23-59-56
universe_mod_texts_ru.pak,Text/WeekTexts/WEEK_OF_VIPER-desc.txt,changed,texts.pak,112,2107-12-31-23-59-56
universe_mod_texts_ru.pak,Text/WeekTexts/WEEK_OF_VIPER-name.txt,changed,texts.pak,28,2107-12-31-23-59-56
universe_mod_texts_ru.pak,Text/WeekTexts/WEEK_OF_WHALE-desc.txt,changed,texts.pak,180,2107-12-31-23-59-56
universe_mod_texts_ru.pak,Text/WeekTexts/WEEK_OF_WHALE-name.txt,changed,texts.pak,24,2107-12-31-23-59-56
universe_mod_texts_ru.pak,UI/AdventureScreen/EnemyTurnBox/SimultaneousTurnsFinishedText.txt,changed,texts.pak,230,2107-12-31-23-59-56
universe_mod_texts_ru.pak,UI/AdvSelectAttribBuildings/SchoolOfMagic/knowledge.txt,changed,texts.pak,20,2107-12-31-23-59-56
universe_mod_texts_ru.pak,UI/AdvSelectAttribBuildings/SchoolOfMagic/knowledge_tooltip.txt,changed,texts.pak,70,2107-12-31-23-59-56
universe_mod_texts_ru.pak,UI/AdvSelectAttribBuildings/SchoolOfMagic/spell_power.txt,changed,texts.pak,28,2107-12-31-23-59-56
universe_mod_texts_ru.pak,UI/AdvSelectAttribBuildings/SchoolOfMagic/spell_power_tooltip.txt,changed,a2p1-texts.pak,76,2107-12-31-23-59-56
universe_mod_texts_ru.pak,UI/AdvSelectAttribBuildings/SchoolOfMagic/title_tooltip.txt,changed,texts.pak,258,2107-12-31-23-59-56
universe_mod_texts_ru.pak,UI/AGINFO/01_01_SIZE.txt,added,,2022,2107-12-31-23-59-56
universe_mod_texts_ru.pak,UI/AGINFO/01_02_SIZE.txt,added,,1510,2107-12-31-23-59-56
universe_mod_texts_ru.pak,UI/AGINFO/01_03_SIZE.txt,added,,2124,2107-12-31-23-59-56
universe_mod_texts_ru.pak,UI/AGINFO/01_04_SIZE.txt,added,,2168,2107-12-31-23-59-56
universe_mod_texts_ru.pak,UI/AGINFO/02_01_SIZE.txt,added,,1684,2107-12-31-23-59-56
universe_mod_texts_ru.pak,UI/AGINFO/02_02_SIZE.txt,added,,2224,2107-12-31-23-59-56
universe_mod_texts_ru.pak,UI/AGINFO/02_03_SIZE.txt,added,,1980,2107-12-31-23-59-56
universe_mod_texts_ru.pak,UI/AGINFO/02_04_SIZE.txt,added,,2022,2107-12-31-23-59-56
universe_mod_texts_ru.pak,UI/AGINFO/03_01_SIZE.txt,added,,1134,2107-12-31-23-59-56
universe_mod_texts_ru.pak,UI/AGINFO/03_02_SIZE.txt,added,,1134,2107-12-31-23-59-56
universe_mod_texts_ru.pak,UI/AGINFO/03_03_SIZE.txt,added,,1134,2107-12-31-23-59-56
universe_mod_texts_ru.pak,UI/AGINFO/03_04_SIZE.txt,added,,1134,2107-12-31-23-59-56
universe_mod_texts_ru.pak,UI/AGINFO/04_01_SIZE.txt,added,,1652,2107-12-31-23-59-56
universe_mod_texts_ru.pak,UI/AGINFO/04_02_SIZE.txt,added,,1596,2107-12-31-23-59-56
universe_mod_texts_ru.pak,UI/AGINFO/04_03_SIZE.txt,added,,1766,2107-12-31-23-59-56
universe_mod_texts_ru.pak,UI/AGINFO/05_01_SIZE.txt,added,,1598,2107-12-31-23-59-56
universe_mod_texts_ru.pak,UI/AGINFO/05_02_SIZE.txt,added,,1908,2107-12-31-23-59-56
universe_mod_texts_ru.pak,UI/AGINFO/05_03_SIZE.txt,added,,2020,2107-12-31-23-59-56
universe_mod_texts_ru.pak,UI/AGINFO/05_04_SIZE.txt,added,,2100,2107-12-31-23-59-56
universe_mod_texts_ru.pak,UI/AGINFO/06_01_SIZE.txt,added,,1872,2107-12-31-23-59-56
universe_mod_texts_ru.pak,UI/AGINFO/06_02_SIZE.txt,added,,2012,2107-12-31-23-59-56
universe_mod_texts_ru.pak,UI/AGINFO/06_03_SIZE.txt,added,,1816,2107-12-31-23-59-56
universe_mod_texts_ru.pak,UI/AGINFO/06_04_SIZE.txt,added,,2002,2107-12-31-23-59-56
universe_mod_texts_ru.pak,UI/AGINFO/07_01_SIZE.txt,added,,1372,2107-12-31-23-59-56
universe_mod_texts_ru.pak,UI/AGINFO/07_02_SIZE.txt,added,,1464,2107-12-31-23-59-56
universe_mod_texts_ru.pak,UI/AGINFO/07_03_SIZE.txt,added,,2024,2107-12-31-23-59-56
universe_mod_texts_ru.pak,UI/AGINFO/07_04_SIZE.txt,added,,2040,2107-12-31-23-59-56
universe_mod_texts_ru.pak,UI/AGINFO/07_05_SIZE.txt,added,,1848,2107-12-31-23-59-56
universe_mod_texts_ru.pak,UI/AGINFO/08_01_SIZE.txt,added,,1672,2107-12-31-23-59-56
universe_mod_texts_ru.pak,UI/AGINFO/08_02_SIZE.txt,added,,1680,2107-12-31-23-59-56
universe_mod_texts_ru.pak,UI/AGINFO/08_03_SIZE.txt,added,,1680,2107-12-31-23-59-56
universe_mod_texts_ru.pak,UI/AGINFO/08_04_SIZE.txt,added,,1680,2107-12-31-23-59-56
universe_mod_texts_ru.pak,UI/AGINFO/09_01_SIZE.txt,added,,1804,2107-12-31-23-59-56
universe_mod_texts_ru.pak,UI/AGINFO/09_02_SIZE.txt,added,,1878,2107-12-31-23-59-56
universe_mod_texts_ru.pak,UI/AGINFO/09_03_SIZE.txt,added,,2158,2107-12-31-23-59-56
universe_mod_texts_ru.pak,UI/AGINFO/10_01_SIZE.txt,added,,1450,2107-12-31-23-59-56
universe_mod_texts_ru.pak,UI/AGINFO/10_02_SIZE.txt,added,,1622,2107-12-31-23-59-56
universe_mod_texts_ru.pak,UI/AGINFO/10_03_SIZE.txt,added,,1786,2107-12-31-23-59-56
universe_mod_texts_ru.pak,UI/AGINFO/11_01_SIZE.txt,added,,1544,2107-12-31-23-59-56
universe_mod_texts_ru.pak,UI/AGINFO/11_02_SIZE.txt,added,,2004,2107-12-31-23-59-56
universe_mod_texts_ru.pak,UI/AGINFO/11_03_SIZE.txt,added,,2046,2107-12-31-23-59-56
universe_mod_texts_ru.pak,UI/AGINFO/11_04_SIZE.txt,added,,2062,2107-12-31-23-59-56
universe_mod_texts_ru.pak,UI/AGINFO/12_01_SIZE.txt,added,,1780,2107-12-31-23-59-56
universe_mod_texts_ru.pak,UI/AGINFO/12_02_SIZE.txt,added,,2090,2107-12-31-23-59-56
universe_mod_texts_ru.pak,UI/AGINFO/12_03_SIZE.txt,added,,2074,2107-12-31-23-59-56
universe_mod_texts_ru.pak,UI/AGINFO/13_01_SIZE.txt,added,,1644,2107-12-31-23-59-56
universe_mod_texts_ru.pak,UI/AGINFO/13_02_SIZE.txt,added,,2134,2107-12-31-23-59-56
universe_mod_texts_ru.pak,UI/AGINFO/13_03_SIZE.txt,added,,2132,2107-12-31-23-59-56
universe_mod_texts_ru.pak,UI/AGINFO/13_04_SIZE.txt,added,,2206,2107-12-31-23-59-56
universe_mod_texts_ru.pak,UI/AGINFO/13_05_SIZE.txt,added,,2202,2107-12-31-23-59-56
universe_mod_texts_ru.pak,UI/AGINFO/2Aginfo.txt,added,,346,2107-12-31-23-59-56
universe_mod_texts_ru.pak,UI/AGINFO/3Aginfo.txt,added,,544,2107-12-31-23-59-56
universe_mod_texts_ru.pak,UI/AGINFO/AGBANK1.txt,added,,34,2107-12-31-23-59-56
universe_mod_texts_ru.pak,UI/AGINFO/AGBANK2.txt,added,,34,2107-12-31-23-59-56
universe_mod_texts_ru.pak,UI/AGINFO/AGCLOSE.txt,added,,26,2107-12-31-23-59-56
universe_mod_texts_ru.pak,UI/AGINFO/Aginfo.txt,added,,92,2107-12-31-23-59-56
universe_mod_texts_ru.pak,UI/AGINFO/DK.txt,added,,626,2107-12-31-23-59-56
universe_mod_texts_ru.pak,UI/AGINFO/FF.txt,added,,700,2107-12-31-23-59-56
universe_mod_texts_ru.pak,UI/AGINFO/gmap.txt,added,,32,2107-12-31-23-59-56
universe_mod_texts_ru.pak,UI/AGINFO/INFO.txt,added,,578,2107-12-31-23-59-56
universe_mod_texts_ru.pak,UI/AGINFO/NA.txt,added,,670,2107-12-31-23-59-56
universe_mod_texts_ru.pak,UI/AGINFO/Name.txt,added,,26,2107-12-31-23-59-56
universe_mod_texts_ru.pak,UI/AGINFO/NE.txt,added,,690,2107-12-31-23-59-56
universe_mod_texts_ru.pak,UI/AGINFO/NF.txt,added,,616,2107-12-31-23-59-56
universe_mod_texts_ru.pak,UI/AGINFO/NM.txt,added,,540,2107-12-31-23-59-56
universe_mod_texts_ru.pak,UI/AGINFO/NMNT.txt,added,,620,2107-12-31-23-59-56
universe_mod_texts_ru.pak,UI/AGINFO/NW.txt,added,,598,2107-12-31-23-59-56
universe_mod_texts_ru.pak,UI/AGINFO/NWLF.txt,added,,540,2107-12-31-23-59-56
universe_mod_texts_ru.pak,UI/AGINFO/SCCA.txt,added,,64,2107-12-31-23-59-56
universe_mod_texts_ru.pak,UI/AGINFO/SCCM.txt,added,,52,2107-12-31-23-59-56
universe_mod_texts_ru.pak,UI/AGINFO/SCCT.txt,added,,54,2107-12-31-23-59-56
universe_mod_texts_ru.pak,UI/AGINFO/test 1.txt,added,,14,2107-12-31-23-59-56
universe_mod_texts_ru.pak,UI/AGINFO/TFS.txt,added,,44,2107-12-31-23-59-56
universe_mod_texts_ru.pak,UI/AGINFO/Title.txt,added,,86,2107-12-31-23-59-56
universe_mod_texts_ru.pak,UI/AGINFO/UniCCText.txt,added,,40,2107-12-31-23-59-56
universe_mod_texts_ru.pak,UI/AGINFO/UniMPText.txt,added,,510,2107-12-31-23-59-56
universe_mod_texts_ru.pak,UI/AGINFO/X1T1G0.txt,added,,1078,2107-12-31-23-59-56
universe_mod_texts_ru.pak,UI/AGINFO/X1T1G1.txt,added,,102,2107-12-31-23-59-56
universe_mod_texts_ru.pak,UI/AGINFO/X1T1G2.txt,added,,104,2107-12-31-23-59-56
universe_mod_texts_ru.pak,UI/AGINFO/X1T2G0.txt,added,,96,2107-12-31-23-59-56
universe_mod_texts_ru.pak,UI/AGINFO/X1T2G1.txt,added,,110,2107-12-31-23-59-56
universe_mod_texts_ru.pak,UI/AGINFO/X1T2G2.txt,added,,114,2107-12-31-23-59-56
universe_mod_texts_ru.pak,UI/AGINFO/X1T3G0.txt,added,,94,2107-12-31-23-59-56
universe_mod_texts_ru.pak,UI/AGINFO/X1T3G1.txt,added,,102,2107-12-31-23-59-56
universe_mod_texts_ru.pak,UI/AGINFO/X1T3G2.txt,added,,108,2107-12-31-23-59-56
universe_mod_texts_ru.pak,UI/AGINFO/X1T4G0.txt,added,,686,2107-12-31-23-59-56
universe_mod_texts_ru.pak,UI/AGINFO/X1T4G1.txt,added,,108,2107-12-31-23-59-56
universe_mod_texts_ru.pak,UI/AGINFO/X1T4G2.txt,added,,112,2107-12-31-23-59-56
universe_mod_texts_ru.pak,UI/AGINFO/X1T5G0.txt,added,,98,2107-12-31-23-59-56
universe_mod_texts_ru.pak,UI/AGINFO/X1T5G1.txt,added,,108,2107-12-31-23-59-56
universe_mod_texts_ru.pak,UI/AGINFO/X1T5G2.txt,added,,612,2107-12-31-23-59-56
universe_mod_texts_ru.pak,UI/AGINFO/X1T6G0.txt,added,,586,2107-12-31-23-59-56
universe_mod_texts_ru.pak,UI/AGINFO/X1T6G1.txt,added,,666,2107-12-31-23-59-56
universe_mod_texts_ru.pak,UI/CombatArena-Heavy/ATBBar/Icon_ATBPosition.txt,added,,104,2107-12-31-23-59-56
universe_mod_texts_ru.pak,UI/Common/TOOLTIP_DWELLING_CREATURES.txt,changed,texts.pak,304,2107-12-31-23-59-56
universe_mod_texts_ru.pak,UI/Consts/GameOptions/CombatCameraDefPos/Item00.txt,added,,28,2107-12-31-23-59-56
universe_mod_texts_ru.pak,UI/Consts/GameOptions/CombatCameraDefPos/Item01.txt,added,,26,2107-12-31-23-59-56
universe_mod_texts_ru.pak,UI/Consts/GameOptions/CombatCameraDefPos/Item02.txt,added,,28,2107-12-31-23-59-56
universe_mod_texts_ru.pak,UI/Consts/GameOptions/CombatCameraDefPos/Item03.txt,added,,26,2107-12-31-23-59-56
universe_mod_texts_ru.pak,UI/Consts/GameOptions/CombatCameraDefPos/Item04.txt,added,,28,2107-12-31-23-59-56
universe_mod_texts_ru.pak,UI/Consts/GameOptions/CombatCameraDefPos/Item05.txt,added,,26,2107-12-31-23-59-56
universe_mod_texts_ru.pak,UI/Consts/GameOptions/CombatCameraDefPos/Label00.txt,added,,14,2107-12-31-23-59-56
universe_mod_texts_ru.pak,UI/Consts/GameOptions/CombatCameraDefPos/Label01.txt,added,,14,2107-12-31-23-59-56
universe_mod_texts_ru.pak,UI/Consts/GameOptions/CombatCameraDefPos/Name.txt,added,,46,2107-12-31-23-59-56
universe_mod_texts_ru.pak,UI/Consts/GameOptions/CombatCameraDefPos/Tooltip.txt,added,,210,2107-12-31-23-59-56
universe_mod_texts_ru.pak,UI/Consts/GameOptions/GameAdventureMovementSpeedOpponents/Item00.txt,changed,texts.pak,26,2107-12-31-23-59-56
universe_mod_texts_ru.pak,UI/Consts/GameOptions/GameAdventureMovementSpeedOpponents/Item01.txt,changed,texts.pak,28,2107-12-31-23-59-56
universe_mod_texts_ru.pak,UI/Consts/GameOptions/GameAdventureMovementSpeedOpponents/Item02.txt,changed,texts.pak,28,2107-12-31-23-59-56
universe_mod_texts_ru.pak,UI/Consts/GameOptions/GameAdventureMovementSpeedOpponents/Item03.txt,changed,texts.pak,28,2107-12-31-23-59-56
universe_mod_texts_ru.pak,UI/Consts/GameOptions/GameAdventureMovementSpeedOpponents/Item04.txt,changed,texts.pak,38,2107-12-31-23-59-56
universe_mod_texts_ru.pak,UI/Consts/GameOptions/GameAdventureMovementSpeedOpponents/Tooltip.txt,changed,a2p1-texts.pak,150,2107-12-31-23-59-56
universe_mod_texts_ru.pak,UI/Consts/GameOptions/GameAdventureMovementSpeedPlayer/Item00.txt,changed,texts.pak,26,2107-12-31-23-59-56
universe_mod_texts_ru.pak,UI/Consts/GameOptions/GameAdventureMovementSpeedPlayer/Item01.txt,changed,texts.pak,28,2107-12-31-23-59-56
universe_mod_texts_ru.pak,UI/Consts/GameOptions/GameAdventureMovementSpeedPlayer/Item02.txt,changed,texts.pak,28,2107-12-31-23-59-56
universe_mod_texts_ru.pak,UI/Consts/GameOptions/GameAdventureMovementSpeedPlayer/Item03.txt,changed,texts.pak,28,2107-12-31-23-59-56
universe_mod_texts_ru.pak,UI/Consts/GameOptions/GameAdventureMovementSpeedPlayer/Item04.txt,changed,texts.pak,38,2107-12-31-23-59-56
universe_mod_texts_ru.pak,UI/Consts/GameOptions/GameAdventureMovementSpeedPlayer/Tooltip.txt,changed,a2p1-texts.pak,142,2107-12-31-23-59-56
universe_mod_texts_ru.pak,UI/Consts/GameOptions/GameCombatTimeFactor/Item00.txt,changed,texts.pak,26,2107-12-31-23-59-56
universe_mod_texts_ru.pak,UI/Consts/GameOptions/GameCombatTimeFactor/Item01.txt,changed,texts.pak,28,2107-12-31-23-59-56
universe_mod_texts_ru.pak,UI/Consts/GameOptions/GameCombatTimeFactor/Item02.txt,changed,texts.pak,28,2107-12-31-23-59-56
universe_mod_texts_ru.pak,UI/Consts/GameOptions/GameCombatTimeFactor/Item03.txt,changed,texts.pak,28,2107-12-31-23-59-56
universe_mod_texts_ru.pak,UI/Consts/GameOptions/GameCombatTimeFactor/Item04.txt,changed,texts.pak,38,2107-12-31-23-59-56
universe_mod_texts_ru.pak,UI/Consts/GameOptions/UniverseBorderlessMode/Name.txt,added,,48,2107-12-31-23-59-56
universe_mod_texts_ru.pak,UI/Consts/GameOptions/UniverseBorderlessMode/Tooltip.txt,added,,190,2107-12-31-23-59-56
universe_mod_texts_ru.pak,UI/Consts/GameOptions/Vsync/Name.txt,added,,40,2107-12-31-23-59-56
universe_mod_texts_ru.pak,UI/Consts/GameOptions/Vsync/Tooltip.txt,added,,172,2107-12-31-23-59-56
universe_mod_texts_ru.pak,UI/Consts/TurnTimeLimit/sec_00.txt,changed,texts.pak,2,2107-12-31-23-59-56
universe_mod_texts_ru.pak,UI/CRINFO/CrInfo.txt,added,,46,2107-12-31-23-59-56
universe_mod_texts_ru.pak,UI/CRINFO/CrText.txt,added,,116,2107-12-31-23-59-56
universe_mod_texts_ru.pak,UI/CRINFO/DK.txt,added,,696,2107-12-31-23-59-56
universe_mod_texts_ru.pak,UI/CRINFO/FF.txt,added,,786,2107-12-31-23-59-56
universe_mod_texts_ru.pak,UI/CRINFO/gmap.txt,added,,32,2107-12-31-23-59-56
universe_mod_texts_ru.pak,UI/CRINFO/INFO.txt,added,,852,2107-12-31-23-59-56
universe_mod_texts_ru.pak,UI/CRINFO/NA.txt,added,,758,2107-12-31-23-59-56
universe_mod_texts_ru.pak,UI/CRINFO/NE.txt,added,,826,2107-12-31-23-59-56
universe_mod_texts_ru.pak,UI/CRINFO/NF.txt,added,,714,2107-12-31-23-59-56
universe_mod_texts_ru.pak,UI/CRINFO/NM.txt,added,,808,2107-12-31-23-59-56
universe_mod_texts_ru.pak,UI/CRINFO/NMNT.txt,added,,690,2107-12-31-23-59-56
universe_mod_texts_ru.pak,UI/CRINFO/NW.txt,added,,874,2107-12-31-23-59-56
universe_mod_texts_ru.pak,UI/CRINFO/NWLF.txt,added,,608,2107-12-31-23-59-56
universe_mod_texts_ru.pak,UI/CRINFO/X1T1G0.txt,added,,602,2107-12-31-23-59-56
universe_mod_texts_ru.pak,UI/CRINFO/X1T1G1.txt,added,,636,2107-12-31-23-59-56
universe_mod_texts_ru.pak,UI/CRINFO/X1T1G2.txt,added,,616,2107-12-31-23-59-56
universe_mod_texts_ru.pak,UI/CRINFO/X1T2G0.txt,added,,620,2107-12-31-23-59-56
universe_mod_texts_ru.pak,UI/CRINFO/X1T2G1.txt,added,,626,2107-12-31-23-59-56
universe_mod_texts_ru.pak,UI/CRINFO/X1T2G2.txt,added,,628,2107-12-31-23-59-56
universe_mod_texts_ru.pak,UI/CRINFO/X1T3G0.txt,added,,642,2107-12-31-23-59-56
universe_mod_texts_ru.pak,UI/CRINFO/X1T3G1.txt,added,,682,2107-12-31-23-59-56
universe_mod_texts_ru.pak,UI/CRINFO/X1T3G2.txt,added,,640,2107-12-31-23-59-56
universe_mod_texts_ru.pak,UI/CRINFO/X1T4G0.txt,added,,750,2107-12-31-23-59-56
universe_mod_texts_ru.pak,UI/CRINFO/X1T4G1.txt,added,,802,2107-12-31-23-59-56
universe_mod_texts_ru.pak,UI/CRINFO/X1T4G2.txt,added,,832,2107-12-31-23-59-56
universe_mod_texts_ru.pak,UI/CRINFO/X1T5G0.txt,added,,650,2107-12-31-23-59-56
universe_mod_texts_ru.pak,UI/CRINFO/X1T5G1.txt,added,,922,2107-12-31-23-59-56
universe_mod_texts_ru.pak,UI/CRINFO/X1T5G2.txt,added,,874,2107-12-31-23-59-56
universe_mod_texts_ru.pak,UI/CRINFO/X1T6G0.txt,added,,656,2107-12-31-23-59-56
universe_mod_texts_ru.pak,UI/CRINFO/X1T6G1.txt,added,,736,2107-12-31-23-59-56
universe_mod_texts_ru.pak,UI/CRINFO/X1T6G2.txt,added,,706,2107-12-31-23-59-56
universe_mod_texts_ru.pak,UI/CRINFO/X1T7G0.txt,added,,698,2107-12-31-23-59-56
universe_mod_texts_ru.pak,UI/CRINFO/X1T7G1.txt,added,,750,2107-12-31-23-59-56
universe_mod_texts_ru.pak,UI/CRINFO/X1T7G2.txt,added,,918,2107-12-31-23-59-56
universe_mod_texts_ru.pak,UI/CRINFO/X2T1G0.txt,added,,606,2107-12-31-23-59-56
universe_mod_texts_ru.pak,UI/CRINFO/X2T1G1.txt,added,,606,2107-12-31-23-59-56
universe_mod_texts_ru.pak,UI/CRINFO/X2T1G2.txt,added,,620,2107-12-31-23-59-56
universe_mod_texts_ru.pak,UI/CRINFO/X2T2G0.txt,added,,592,2107-12-31-23-59-56
universe_mod_texts_ru.pak,UI/CRINFO/X2T2G1.txt,added,,628,2107-12-31-23-59-56
universe_mod_texts_ru.pak,UI/CRINFO/X2T2G2.txt,added,,630,2107-12-31-23-59-56
universe_mod_texts_ru.pak,UI/CRINFO/X2T3G0.txt,added,,596,2107-12-31-23-59-56
universe_mod_texts_ru.pak,UI/CRINFO/X2T3G1.txt,added,,676,2107-12-31-23-59-56
universe_mod_texts_ru.pak,UI/CRINFO/X2T3G2.txt,added,,722,2107-12-31-23-59-56
universe_mod_texts_ru.pak,UI/CRINFO/X2T4G0.txt,added,,642,2107-12-31-23-59-56
universe_mod_texts_ru.pak,UI/CRINFO/X2T4G1.txt,added,,690,2107-12-31-23-59-56
universe_mod_texts_ru.pak,UI/CRINFO/X2T4G2.txt,added,,714,2107-12-31-23-59-56
universe_mod_texts_ru.pak,UI/CRINFO/X2T5G0.txt,added,,674,2107-12-31-23-59-56
universe_mod_texts_ru.pak,UI/CRINFO/X2T5G1.txt,added,,692,2107-12-31-23-59-56
universe_mod_texts_ru.pak,UI/CRINFO/X2T5G2.txt,added,,716,2107-12-31-23-59-56
universe_mod_texts_ru.pak,UI/CRINFO/X2T6G0.txt,added,,862,2107-12-31-23-59-56
universe_mod_texts_ru.pak,UI/CRINFO/X2T6G1.txt,added,,954,2107-12-31-23-59-56
universe_mod_texts_ru.pak,UI/CRINFO/X2T6G2.txt,added,,740,2107-12-31-23-59-56
universe_mod_texts_ru.pak,UI/CRINFO/X2T7G0.txt,added,,700,2107-12-31-23-59-56
universe_mod_texts_ru.pak,UI/CRINFO/X2T7G1.txt,added,,756,2107-12-31-23-59-56
universe_mod_texts_ru.pak,UI/CRINFO/X2T7G2.txt,added,,748,2107-12-31-23-59-56
universe_mod_texts_ru.pak,UI/CRINFO/X3T1G0.txt,added,,562,2107-12-31-23-59-56
universe_mod_texts_ru.pak,UI/CRINFO/X3T1G1.txt,added,,584,2107-12-31-23-59-56
universe_mod_texts_ru.pak,UI/CRINFO/X3T1G2.txt,added,,670,2107-12-31-23-59-56
universe_mod_texts_ru.pak,UI/CRINFO/X3T2G0.txt,added,,562,2107-12-31-23-59-56
universe_mod_texts_ru.pak,UI/CRINFO/X3T2G1.txt,added,,614,2107-12-31-23-59-56
universe_mod_texts_ru.pak,UI/CRINFO/X3T2G2.txt,added,,616,2107-12-31-23-59-56
universe_mod_texts_ru.pak,UI/CRINFO/X3T3G0.txt,added,,630,2107-12-31-23-59-56
universe_mod_texts_ru.pak,UI/CRINFO/X3T3G1.txt,added,,658,2107-12-31-23-59-56
universe_mod_texts_ru.pak,UI/CRINFO/X3T3G2.txt,added,,654,2107-12-31-23-59-56
universe_mod_texts_ru.pak,UI/CRINFO/X3T4G0.txt,added,,626,2107-12-31-23-59-56
universe_mod_texts_ru.pak,UI/CRINFO/X3T4G1.txt,added,,680,2107-12-31-23-59-56
universe_mod_texts_ru.pak,UI/CRINFO/X3T4G2.txt,added,,658,2107-12-31-23-59-56
universe_mod_texts_ru.pak,UI/CRINFO/X3T5G0.txt,added,,656,2107-12-31-23-59-56
universe_mod_texts_ru.pak,UI/CRINFO/X3T5G1.txt,added,,896,2107-12-31-23-59-56
universe_mod_texts_ru.pak,UI/CRINFO/X3T5G2.txt,added,,838,2107-12-31-23-59-56
universe_mod_texts_ru.pak,UI/CRINFO/X3T6G0.txt,added,,608,2107-12-31-23-59-56
universe_mod_texts_ru.pak,UI/CRINFO/X3T6G1.txt,added,,664,2107-12-31-23-59-56
universe_mod_texts_ru.pak,UI/CRINFO/X3T6G2.txt,added,,638,2107-12-31-23-59-56
universe_mod_texts_ru.pak,UI/CRINFO/X3T7G0.txt,added,,694,2107-12-31-23-59-56
universe_mod_texts_ru.pak,UI/CRINFO/X3T7G1.txt,added,,780,2107-12-31-23-59-56
universe_mod_texts_ru.pak,UI/CRINFO/X3T7G2.txt,added,,724,2107-12-31-23-59-56
universe_mod_texts_ru.pak,UI/CRINFO/X4T1G0.txt,added,,684,2107-12-31-23-59-56
universe_mod_texts_ru.pak,UI/CRINFO/X4T1G1.txt,added,,912,2107-12-31-23-59-56
universe_mod_texts_ru.pak,UI/CRINFO/X4T1G2.txt,added,,710,2107-12-31-23-59-56
universe_mod_texts_ru.pak,UI/CRINFO/X4T2G0.txt,added,,596,2107-12-31-23-59-56
universe_mod_texts_ru.pak,UI/CRINFO/X4T2G1.txt,added,,620,2107-12-31-23-59-56
universe_mod_texts_ru.pak,UI/CRINFO/X4T2G2.txt,added,,614,2107-12-31-23-59-56
universe_mod_texts_ru.pak,UI/CRINFO/X4T3G0.txt,added,,668,2107-12-31-23-59-56
universe_mod_texts_ru.pak,UI/CRINFO/X4T3G1.txt,added,,708,2107-12-31-23-59-56
universe_mod_texts_ru.pak,UI/CRINFO/X4T3G2.txt,added,,690,2107-12-31-23-59-56
universe_mod_texts_ru.pak,UI/CRINFO/X4T4G0.txt,added,,780,2107-12-31-23-59-56
universe_mod_texts_ru.pak,UI/CRINFO/X4T4G1.txt,added,,900,2107-12-31-23-59-56
universe_mod_texts_ru.pak,UI/CRINFO/X4T4G2.txt,added,,784,2107-12-31-23-59-56
universe_mod_texts_ru.pak,UI/CRINFO/X4T5G0.txt,added,,686,2107-12-31-23-59-56
universe_mod_texts_ru.pak,UI/CRINFO/X4T5G1.txt,added,,726,2107-12-31-23-59-56
universe_mod_texts_ru.pak,UI/CRINFO/X4T5G2.txt,added,,686,2107-12-31-23-59-56
universe_mod_texts_ru.pak,UI/CRINFO/X4T6G0.txt,added,,666,2107-12-31-23-59-56
universe_mod_texts_ru.pak,UI/CRINFO/X4T6G1.txt,added,,708,2107-12-31-23-59-56
universe_mod_texts_ru.pak,UI/CRINFO/X4T6G2.txt,added,,770,2107-12-31-23-59-56
universe_mod_texts_ru.pak,UI/CRINFO/X4T7G0.txt,added,,750,2107-12-31-23-59-56
universe_mod_texts_ru.pak,UI/CRINFO/X4T7G1.txt,added,,824,2107-12-31-23-59-56
universe_mod_texts_ru.pak,UI/CRINFO/X4T7G2.txt,added,,772,2107-12-31-23-59-56
universe_mod_texts_ru.pak,UI/CRINFO/X5T1G0.txt,added,,680,2107-12-31-23-59-56
universe_mod_texts_ru.pak,UI/CRINFO/X5T1G1.txt,added,,704,2107-12-31-23-59-56
universe_mod_texts_ru.pak,UI/CRINFO/X5T1G2.txt,added,,618,2107-12-31-23-59-56
universe_mod_texts_ru.pak,UI/CRINFO/X5T2G0.txt,added,,600,2107-12-31-23-59-56
universe_mod_texts_ru.pak,UI/CRINFO/X5T2G1.txt,added,,646,2107-12-31-23-59-56
universe_mod_texts_ru.pak,UI/CRINFO/X5T2G2.txt,added,,688,2107-12-31-23-59-56
universe_mod_texts_ru.pak,UI/CRINFO/X5T3G0.txt,added,,598,2107-12-31-23-59-56
universe_mod_texts_ru.pak,UI/CRINFO/X5T3G1.txt,added,,644,2107-12-31-23-59-56
universe_mod_texts_ru.pak,UI/CRINFO/X5T3G2.txt,added,,636,2107-12-31-23-59-56
universe_mod_texts_ru.pak,UI/CRINFO/X5T4G0.txt,added,,664,2107-12-31-23-59-56
universe_mod_texts_ru.pak,UI/CRINFO/X5T4G1.txt,added,,682,2107-12-31-23-59-56
universe_mod_texts_ru.pak,UI/CRINFO/X5T4G2.txt,added,,698,2107-12-31-23-59-56
universe_mod_texts_ru.pak,UI/CRINFO/X5T5G0.txt,added,,710,2107-12-31-23-59-56
universe_mod_texts_ru.pak,UI/CRINFO/X5T5G1.txt,added,,766,2107-12-31-23-59-56
universe_mod_texts_ru.pak,UI/CRINFO/X5T5G2.txt,added,,770,2107-12-31-23-59-56
universe_mod_texts_ru.pak,UI/CRINFO/X5T6G0.txt,added,,880,2107-12-31-23-59-56
universe_mod_texts_ru.pak,UI/CRINFO/X5T6G1.txt,added,,956,2107-12-31-23-59-56
universe_mod_texts_ru.pak,UI/CRINFO/X5T6G2.txt,added,,968,2107-12-31-23-59-56
universe_mod_texts_ru.pak,UI/CRINFO/X5T7G0.txt,added,,742,2107-12-31-23-59-56
universe_mod_texts_ru.pak,UI/CRINFO/X5T7G1.txt,added,,788,2107-12-31-23-59-56
universe_mod_texts_ru.pak,UI/CRINFO/X5T7G2.txt,added,,762,2107-12-31-23-59-56
universe_mod_texts_ru.pak,UI/CRINFO/X6T1G0.txt,added,,578,2107-12-31-23-59-56
universe_mod_texts_ru.pak,UI/CRINFO/X6T1G1.txt,added,,620,2107-12-31-23-59-56
universe_mod_texts_ru.pak,UI/CRINFO/X6T1G2.txt,added,,636,2107-12-31-23-59-56
universe_mod_texts_ru.pak,UI/CRINFO/X6T2G0.txt,added,,704,2107-12-31-23-59-56
universe_mod_texts_ru.pak,UI/CRINFO/X6T2G1.txt,added,,848,2107-12-31-23-59-56
universe_mod_texts_ru.pak,UI/CRINFO/X6T2G2.txt,added,,804,2107-12-31-23-59-56
universe_mod_texts_ru.pak,UI/CRINFO/X6T3G0.txt,added,,694,2107-12-31-23-59-56
universe_mod_texts_ru.pak,UI/CRINFO/X6T3G1.txt,added,,732,2107-12-31-23-59-56
universe_mod_texts_ru.pak,UI/CRINFO/X6T3G2.txt,added,,646,2107-12-31-23-59-56
universe_mod_texts_ru.pak,UI/CRINFO/X6T4G0.txt,added,,870,2107-12-31-23-59-56
universe_mod_texts_ru.pak,UI/CRINFO/X6T4G1.txt,added,,1024,2107-12-31-23-59-56
universe_mod_texts_ru.pak,UI/CRINFO/X6T4G2.txt,added,,920,2107-12-31-23-59-56
universe_mod_texts_ru.pak,UI/CRINFO/X6T5G0.txt,added,,752,2107-12-31-23-59-56
universe_mod_texts_ru.pak,UI/CRINFO/X6T5G1.txt,added,,778,2107-12-31-23-59-56
universe_mod_texts_ru.pak,UI/CRINFO/X6T5G2.txt,added,,826,2107-12-31-23-59-56
universe_mod_texts_ru.pak,UI/CRINFO/X6T6G0.txt,added,,688,2107-12-31-23-59-56
universe_mod_texts_ru.pak,UI/CRINFO/X6T6G1.txt,added,,700,2107-12-31-23-59-56
universe_mod_texts_ru.pak,UI/CRINFO/X6T6G2.txt,added,,666,2107-12-31-23-59-56
universe_mod_texts_ru.pak,UI/CRINFO/X6T7G0.txt,added,,742,2107-12-31-23-59-56
universe_mod_texts_ru.pak,UI/CRINFO/X6T7G1.txt,added,,838,2107-12-31-23-59-56
universe_mod_texts_ru.pak,UI/CRINFO/X6T7G2.txt,added,,856,2107-12-31-23-59-56
universe_mod_texts_ru.pak,UI/CRINFO/X7T1G0.txt,added,,630,2107-12-31-23-59-56
universe_mod_texts_ru.pak,UI/CRINFO/X7T1G1.txt,added,,656,2107-12-31-23-59-56
universe_mod_texts_ru.pak,UI/CRINFO/X7T1G2.txt,added,,714,2107-12-31-23-59-56
universe_mod_texts_ru.pak,UI/CRINFO/X7T2G0.txt,added,,634,2107-12-31-23-59-56
universe_mod_texts_ru.pak,UI/CRINFO/X7T2G1.txt,added,,688,2107-12-31-23-59-56
universe_mod_texts_ru.pak,UI/CRINFO/X7T2G2.txt,added,,632,2107-12-31-23-59-56
universe_mod_texts_ru.pak,UI/CRINFO/X7T3G0.txt,added,,654,2107-12-31-23-59-56
universe_mod_texts_ru.pak,UI/CRINFO/X7T3G1.txt,added,,682,2107-12-31-23-59-56
universe_mod_texts_ru.pak,UI/CRINFO/X7T3G2.txt,added,,676,2107-12-31-23-59-56
universe_mod_texts_ru.pak,UI/CRINFO/X7T4G0.txt,added,,656,2107-12-31-23-59-56
universe_mod_texts_ru.pak,UI/CRINFO/X7T4G1.txt,added,,692,2107-12-31-23-59-56
universe_mod_texts_ru.pak,UI/CRINFO/X7T4G2.txt,added,,760,2107-12-31-23-59-56
universe_mod_texts_ru.pak,UI/CRINFO/X7T5G0.txt,added,,822,2107-12-31-23-59-56
universe_mod_texts_ru.pak,UI/CRINFO/X7T5G1.txt,added,,930,2107-12-31-23-59-56
universe_mod_texts_ru.pak,UI/CRINFO/X7T5G2.txt,added,,896,2107-12-31-23-59-56
universe_mod_texts_ru.pak,UI/CRINFO/X7T6G0.txt,added,,676,2107-12-31-23-59-56
universe_mod_texts_ru.pak,UI/CRINFO/X7T6G1.txt,added,,776,2107-12-31-23-59-56
universe_mod_texts_ru.pak,UI/CRINFO/X7T6G2.txt,added,,780,2107-12-31-23-59-56
universe_mod_texts_ru.pak,UI/CRINFO/X7T7G0.txt,added,,798,2107-12-31-23-59-56
universe_mod_texts_ru.pak,UI/CRINFO/X7T7G1.txt,added,,794,2107-12-31-23-59-56
universe_mod_texts_ru.pak,UI/CRINFO/X7T7G2.txt,added,,760,2107-12-31-23-59-56
universe_mod_texts_ru.pak,UI/CRINFO/X8T1G0.txt,added,,646,2107-12-31-23-59-56
universe_mod_texts_ru.pak,UI/CRINFO/X8T1G1.txt,added,,658,2107-12-31-23-59-56
universe_mod_texts_ru.pak,UI/CRINFO/X8T1G2.txt,added,,658,2107-12-31-23-59-56
universe_mod_texts_ru.pak,UI/CRINFO/X8T2G0.txt,added,,686,2107-12-31-23-59-56
universe_mod_texts_ru.pak,UI/CRINFO/X8T2G1.txt,added,,708,2107-12-31-23-59-56
universe_mod_texts_ru.pak,UI/CRINFO/X8T2G2.txt,added,,724,2107-12-31-23-59-56
universe_mod_texts_ru.pak,UI/CRINFO/X8T3G0.txt,added,,628,2107-12-31-23-59-56
universe_mod_texts_ru.pak,UI/CRINFO/X8T3G1.txt,added,,646,2107-12-31-23-59-56
universe_mod_texts_ru.pak,UI/CRINFO/X8T3G2.txt,added,,680,2107-12-31-23-59-56
universe_mod_texts_ru.pak,UI/CRINFO/X8T4G0.txt,added,,798,2107-12-31-23-59-56
universe_mod_texts_ru.pak,UI/CRINFO/X8T4G1.txt,added,,908,2107-12-31-23-59-56
universe_mod_texts_ru.pak,UI/CRINFO/X8T4G2.txt,added,,942,2107-12-31-23-59-56
universe_mod_texts_ru.pak,UI/CRINFO/X8T5G0.txt,added,,620,2107-12-31-23-59-56
universe_mod_texts_ru.pak,UI/CRINFO/X8T5G1.txt,added,,668,2107-12-31-23-59-56
universe_mod_texts_ru.pak,UI/CRINFO/X8T5G2.txt,added,,686,2107-12-31-23-59-56
universe_mod_texts_ru.pak,UI/CRINFO/X8T6G0.txt,added,,686,2107-12-31-23-59-56
universe_mod_texts_ru.pak,UI/CRINFO/X8T6G1.txt,added,,728,2107-12-31-23-59-56
universe_mod_texts_ru.pak,UI/CRINFO/X8T6G2.txt,added,,794,2107-12-31-23-59-56
universe_mod_texts_ru.pak,UI/CRINFO/X8T7G0.txt,added,,722,2107-12-31-23-59-56
universe_mod_texts_ru.pak,UI/CRINFO/X8T7G1.txt,added,,852,2107-12-31-23-59-56
universe_mod_texts_ru.pak,UI/CRINFO/X8T7G2.txt,added,,836,2107-12-31-23-59-56
universe_mod_texts_ru.pak,UI/HavenTraining/ArmyHolder/Creature/name.txt,same,texts.pak,50,2107-12-31-23-59-56
universe_mod_texts_ru.pak,UI/HavenTraining/ArmyHolder/Creature/training_cost.txt,changed,a2p1-texts.pak,66,2107-12-31-23-59-56
universe_mod_texts_ru.pak,UI/HavenTraining/ArmyHolder/Creature/upgrade_cost.txt,changed,a2p1-texts.pak,68,2107-12-31-23-59-56
universe_mod_texts_ru.pak,UI/HavenTraining/caption.txt,same,texts.pak,62,2107-12-31-23-59-56
universe_mod_texts_ru.pak,UI/HavenTraining/definition.txt,changed,texts.pak,390,2107-12-31-23-59-56
universe_mod_texts_ru.pak,UI/HavenTraining/smallcaption.txt,changed,texts.pak,182,2107-12-31-23-59-56
universe_mod_texts_ru.pak,UI/HavenTraining/TTChooseCreatureToTrain.txt,same,texts.pak,104,2107-12-31-23-59-56
universe_mod_texts_ru.pak,UI/HavenTraining/TTDisabledButton.txt,same,texts.pak,208,2107-12-31-23-59-56
universe_mod_texts_ru.pak,UI/HavenTraining/TTGarrisonHero.txt,same,texts.pak,50,2107-12-31-23-59-56
universe_mod_texts_ru.pak,UI/HavenTraining/TTGreenButton.txt,same,texts.pak,160,2107-12-31-23-59-56
universe_mod_texts_ru.pak,UI/HavenTraining/TTHeader.txt,same,texts.pak,266,2107-12-31-23-59-56
universe_mod_texts_ru.pak,UI/HavenTraining/TTOk.txt,same,texts.pak,36,2107-12-31-23-59-56
universe_mod_texts_ru.pak,UI/HavenTraining/TTRedButton.txt,same,texts.pak,256,2107-12-31-23-59-56
universe_mod_texts_ru.pak,UI/HavenTraining/TTRedButtonLimitReached.txt,same,texts.pak,154,2107-12-31-23-59-56
universe_mod_texts_ru.pak,UI/HavenTraining/TTRedButtonNoMoney.txt,same,texts.pak,116,2107-12-31-23-59-56
universe_mod_texts_ru.pak,UI/HavenTraining/TTRegradeButton.txt,same,texts.pak,124,2107-12-31-23-59-56
universe_mod_texts_ru.pak,UI/HavenTraining/TTVisitedHero.txt,same,texts.pak,50,2107-12-31-23-59-56
universe_mod_texts_ru.pak,UI/HavenTraining/TTYellowButton.txt,same,texts.pak,32,2107-12-31-23-59-56
universe_mod_texts_ru.pak,UI/MPCreate/game_name_format.txt,changed,texts.pak,58,2107-12-31-23-59-56
universe_mod_texts_ru.pak,UI/MPCreate/Menu/Back.txt,changed,texts.pak,28,2107-12-31-23-59-56
universe_mod_texts_ru.pak,UI/MPCreate/Menu/Create.txt,changed,texts.pak,32,2107-12-31-23-59-56
universe_mod_texts_ru.pak,UI/MPCreate/Menu/Load.txt,changed,texts.pak,36,2107-12-31-23-59-56
universe_mod_texts_ru.pak,UI/MPCreate/Menu/RMG.txt,changed,texts.pak,44,2107-12-31-23-59-56
universe_mod_texts_ru.pak,UI/MPCreate/Options/difficulty.txt,changed,texts.pak,98,2107-12-31-23-59-56
universe_mod_texts_ru.pak,UI/MPCreate/Options/Difficulty_tooltip.txt,changed,texts.pak,100,2107-12-31-23-59-56
universe_mod_texts_ru.pak,UI/MPCreate/Options/realtime.txt,changed,texts.pak,46,2107-12-31-23-59-56
universe_mod_texts_ru.pak,UI/MPCreate/Options/RealtimeBattles_tooltip.txt,changed,texts.pak,350,2107-12-31-23-59-56
universe_mod_texts_ru.pak,UI/MPCreate/UniverseBidding/Bonus_Blue.txt,added,,144,2107-12-31-23-59-56
universe_mod_texts_ru.pak,UI/MPCreate/UniverseBidding/Bonus_Red.txt,added,,146,2107-12-31-23-59-56
universe_mod_texts_ru.pak,UI/MPCreate/UniverseBidding/DefaultBonus.txt,added,,84,2107-12-31-23-59-56
universe_mod_texts_ru.pak,UI/MPCreate/UniverseBidding/Universe_Bidding_tooltip.txt,added,,360,2107-12-31-23-59-56
universe_mod_texts_ru.pak,UI/MPWait/PlayersList/Item/bonus_tooltip_gold.txt,changed,texts.pak,60,2107-12-31-23-59-56
universe_mod_texts_ru.pak,UI/MPWait/PlayersList/Item/bonus_tooltip_resource.txt,changed,texts.pak,260,2107-12-31-23-59-56
universe_mod_texts_ru.pak,UI/PanelHide.txt,added,,28,2107-12-31-23-59-56
universe_mod_texts_ru.pak,UI/RMGScreen/RmgTemplates.txt,added,,664,2107-12-31-23-59-56
universe_mod_texts_ru.pak,UI/RMGScreen/TemplateInfo/ExpLevel/InternalName-0.txt,changed,a2p1-texts.pak,22,2107-12-31-23-59-56
universe_mod_texts_ru.pak,UI/RMGScreen/TemplateInfo/ExpLevel/InternalName-1.txt,changed,a2p1-texts.pak,10,2107-12-31-23-59-56
universe_mod_texts_ru.pak,UI/RMGScreen/TemplateInfo/ExpLevel/InternalName-2.txt,changed,a2p1-texts.pak,14,2107-12-31-23-59-56
universe_mod_texts_ru.pak,UI/RMGScreen/TemplateInfo/ExpLevel/InternalName-3.txt,changed,a2p1-texts.pak,12,2107-12-31-23-59-56
universe_mod_texts_ru.pak,UI/RMGScreen/TemplateInfo/ExpLevel/InternalName-4.txt,changed,a2p1-texts.pak,24,2107-12-31-23-59-56
universe_mod_texts_ru.pak,UI/RMGScreen/TemplateInfo/ExpLevel/Name-0.txt,changed,a2p1-texts.pak,22,2107-12-31-23-59-56
universe_mod_texts_ru.pak,UI/RMGScreen/TemplateInfo/ExpLevel/Name-1.txt,changed,a2p1-texts.pak,16,2107-12-31-23-59-56
universe_mod_texts_ru.pak,UI/RMGScreen/TemplateInfo/ExpLevel/Name-2.txt,changed,a2p1-texts.pak,50,2107-12-31-23-59-56
universe_mod_texts_ru.pak,UI/RMGScreen/TemplateInfo/ExpLevel/Name-3.txt,changed,a2p1-texts.pak,12,2107-12-31-23-59-56
universe_mod_texts_ru.pak,UI/RMGScreen/TemplateInfo/ExpLevel/Name-4.txt,changed,a2p1-texts.pak,24,2107-12-31-23-59-56
universe_mod_texts_ru.pak,UI/RMGScreen/TemplateInfo/ExpLevel/Name.txt,changed,a2p1-texts.pak,74,2107-12-31-23-59-56
universe_mod_texts_ru.pak,UI/RMGScreen/TemplateInfo/ExpLevel/Tooltip.txt,changed,a2p1-texts.pak,228,2107-12-31-23-59-56
universe_mod_texts_ru.pak,UI/RMGScreen/TemplateInfo/GuardedObjects/Name.txt,added,,48,2107-12-31-23-59-56
universe_mod_texts_ru.pak,UI/RMGScreen/TemplateInfo/GuardedObjects/Tooltip.txt,added,,402,2107-12-31-23-59-56
universe_mod_texts_ru.pak,UI/RMGScreen/TemplateInfo/HutOfMagi/Name.txt,added,,36,2107-12-31-23-59-56
universe_mod_texts_ru.pak,UI/RMGScreen/TemplateInfo/HutOfMagi/Tooltip.txt,added,,592,2107-12-31-23-59-56
universe_mod_texts_ru.pak,UI/RMGScreen/TemplateInfo/MapSize/Item00.txt,changed,texts.pak,12,2107-12-31-23-59-56
universe_mod_texts_ru.pak,UI/RMGScreen/TemplateInfo/MapSize/Item01.txt,same,texts.pak,20,2107-12-31-23-59-56
universe_mod_texts_ru.pak,UI/RMGScreen/TemplateInfo/MapSize/Item02.txt,changed,texts.pak,48,2107-12-31-23-59-56
universe_mod_texts_ru.pak,UI/RMGScreen/TemplateInfo/MapSize/Item03.txt,changed,texts.pak,48,2107-12-31-23-59-56
universe_mod_texts_ru.pak,UI/RMGScreen/TemplateInfo/MapSize/Item04.txt,same,texts.pak,28,2107-12-31-23-59-56
universe_mod_texts_ru.pak,UI/RMGScreen/TemplateInfo/MapSize/Item05.txt,changed,texts.pak,20,2107-12-31-23-59-56
universe_mod_texts_ru.pak,UI/RMGScreen/TemplateInfo/MapSize/Item06.txt,changed,texts.pak,24,2107-12-31-23-59-56
universe_mod_texts_ru.pak,UI/RMGScreen/TemplateInfo/MonsterLevel/Item01.txt,same,texts.pak,14,2107-12-31-23-59-56
universe_mod_texts_ru.pak,UI/RMGScreen/TemplateInfo/MonsterLevel/Item02.txt,same,texts.pak,16,2107-12-31-23-59-56
universe_mod_texts_ru.pak,UI/RMGScreen/TemplateInfo/MonsterLevel/Item03.txt,changed,texts.pak,76,2107-12-31-23-59-56
universe_mod_texts_ru.pak,UI/RMGScreen/TemplateInfo/MonsterLevel/ItemInternal01.txt,same,texts.pak,4,2107-12-31-23-59-56
universe_mod_texts_ru.pak,UI/RMGScreen/TemplateInfo/MonsterLevel/ItemInternal02.txt,same,texts.pak,4,2107-12-31-23-59-56
universe_mod_texts_ru.pak,UI/RMGScreen/TemplateInfo/MonsterLevel/ItemInternal03.txt,same,texts.pak,4,2107-12-31-23-59-56
universe_mod_texts_ru.pak,UI/RMGScreen/TemplateInfo/MonsterLevel/ItemInternal05.txt,same,a2p1-texts.pak,24,2107-12-31-23-59-56
universe_mod_texts_ru.pak,UI/RMGScreen/TemplateInfo/MonsterLevel/Name.txt,same,texts.pak,26,2107-12-31-23-59-56
universe_mod_texts_ru.pak,UI/RMGScreen/TemplateInfo/MonsterLevel/TTCheckBox.txt,same,texts.pak,200,2107-12-31-23-59-56
universe_mod_texts_ru.pak,UI/RMGScreen/TemplateInfo/MonsterLevel/TTMain.txt,changed,a2p1-texts.pak,88,2107-12-31-23-59-56
universe_mod_texts_ru.pak,UI/RMGScreen/TemplateInfo/TeamDeathMatch/Name.txt,added,,28,2107-12-31-23-59-56
universe_mod_texts_ru.pak,UI/RMGScreen/TemplateInfo/TeamDeathMatch/Tooltip.txt,added,,542,2107-12-31-23-59-56
universe_mod_texts_ru.pak,UI/RMGScreen/TemplateInfo/TearOfAsha/Name.txt,added,,44,2107-12-31-23-59-56
universe_mod_texts_ru.pak,UI/RMGScreen/TemplateInfo/TearOfAsha/Tooltip.txt,added,,392,2107-12-31-23-59-56
universe_mod_texts_ru.pak,UI/RMGScreen/TemplateInfo/ZonesGuards/Name.txt,added,,54,2107-12-31-23-59-56
universe_mod_texts_ru.pak,UI/RMGScreen/TemplateInfo/ZonesGuards/Tooltip.txt,added,,298,2107-12-31-23-59-56
universe_mod_texts_ru.pak,UI/RMGScreen/testtext.txt,added,,10,2107-12-31-23-59-56
universe_mod_texts_ru.pak,UI/RMGScreen/Title.txt,changed,texts.pak,106,2107-12-31-23-59-56
universe_mod_texts_ru.pak,UI/RMGScreen/TTTitle.txt,changed,texts.pak,428,2107-12-31-23-59-56
universe_mod_texts_ru.pak,UI/RMGScreen/UniHelpText.txt,added,,554,2107-12-31-23-59-56
universe_mod_texts_ru.pak,UI/RMGScreen/UniRmgInfo.txt,added,,920,2107-12-31-23-59-56
universe_mod_texts_ru.pak,UI/RMGScreen/UniRmgTittle.txt,added,,84,2107-12-31-23-59-56
universe_mod_texts_ru.pak,UI/RMGScreen/Universe_RMG/Split+.txt,added,,28,2107-12-31-23-59-56
universe_mod_texts_ru.pak,UI/SpellBook/SpellInBookCanNotCast.txt,changed,texts.pak,188,2107-12-31-23-59-56
universe_mod_texts_ru.pak,UI/Tooltips/ShrineTooltip/already_visited.txt,changed,texts.pak,122,2107-12-31-23-59-56
universe_mod_texts_ru.pak,UI/Tooltips/ShrineTooltip/spell_name.txt,changed,texts.pak,96,2107-12-31-23-59-56
universe_mod_texts_ru.pak,UI/TowerOfAstrologer/Captions/Description.txt,changed,a2p1-texts.pak,514,2107-12-31-23-59-56
universe_mod_texts_ru.pak,UI/TownBuildNew/TownLevel.txt,changed,texts.pak,120,2107-12-31-23-59-56
universe_mod_texts_ru.pak,UI/UI_ADDONS/AgMainText.txt,added,,114,2107-12-31-23-59-56
universe_mod_texts_ru.pak,UI/UI_ADDONS/RmgMenuText.txt,added,,154,2107-12-31-23-59-56
universe_mod_texts_ru.pak,UI/Universe05.txt,added,,24,2107-12-31-23-59-56
universe_mod_texts_ru.pak,UI/UniverseHeroes/Class_Hero_Barbarian.txt,added,,38,2107-12-31-23-59-56
universe_mod_texts_ru.pak,UI/UniverseHeroes/Class_Hero_DemonLord.txt,added,,62,2107-12-31-23-59-56
universe_mod_texts_ru.pak,UI/UniverseHeroes/Class_Hero_Knight.txt,added,,38,2107-12-31-23-59-56
universe_mod_texts_ru.pak,UI/UniverseHeroes/Class_Hero_Necromancer.txt,added,,44,2107-12-31-23-59-56
universe_mod_texts_ru.pak,UI/UniverseHeroes/Class_Hero_Ranger.txt,added,,42,2107-12-31-23-59-56
universe_mod_texts_ru.pak,UI/UniverseHeroes/Class_Hero_Runemag.txt,added,,48,2107-12-31-23-59-56
universe_mod_texts_ru.pak,UI/UniverseHeroes/Class_Hero_Sorcerer.txt,added,,44,2107-12-31-23-59-56
universe_mod_texts_ru.pak,UI/UniverseHeroes/Class_Hero_Warlock.txt,added,,50,2107-12-31-23-59-56
universe_mod_texts_ru.pak,UI/UniverseHeroes/Extra_Info_Hero_01.txt,added,,26,2107-12-31-23-59-56
universe_mod_texts_ru.pak,UI/UniverseHeroes/Perks_Status_Hero_01.txt,added,,62,2107-12-31-23-59-56
universe_mod_texts_ru.pak,UI/UniverseHeroes/Perks_Status_Hero_02.txt,added,,62,2107-12-31-23-59-56
universe_mod_texts_ru.pak,UI/UniverseHeroes/Perks_Status_Hero_03.txt,added,,70,2107-12-31-23-59-56
universe_mod_texts_ru.pak,UI/UniverseHeroes/Perks_Status_Hero_04.txt,added,,62,2107-12-31-23-59-56
universe_mod_texts_ru.pak,UI/UniverseHeroes/Perks_Status_Hero_05.txt,added,,62,2107-12-31-23-59-56
universe_mod_texts_ru.pak,UI/UniverseHeroes/Perks_Status_Hero_06.txt,added,,70,2107-12-31-23-59-56
universe_mod_texts_ru.pak,UI/UniverseHeroes/Perks_Status_Hero_07.txt,added,,62,2107-12-31-23-59-56
universe_mod_texts_ru.pak,UI/UniverseHeroes/Perks_Status_Hero_08.txt,added,,62,2107-12-31-23-59-56
universe_mod_texts_ru.pak,UI/UniverseHeroes/Perks_Status_Hero_09.txt,added,,62,2107-12-31-23-59-56
universe_mod_texts_ru.pak,UI/UniverseHeroes/Perks_Status_Hero_10.txt,added,,62,2107-12-31-23-59-56
universe_mod_texts_ru.pak,UI/UniverseHeroes/Perks_Status_Hero_11.txt,added,,70,2107-12-31-23-59-56
universe_mod_texts_ru.pak,UI/UniverseHeroes/Perks_Status_Hero_12.txt,added,,62,2107-12-31-23-59-56
universe_mod_texts_ru.pak,UI/UniverseHeroes/Perks_Status_Hero_13.txt,added,,70,2107-12-31-23-59-56
universe_mod_texts_ru.pak,UI/UniverseHeroes/Perks_Status_Hero_14.txt,added,,66,2107-12-31-23-59-56
universe_mod_texts_ru.pak,UI/UniverseHeroes/Perks_Status_Hero_15.txt,added,,70,2107-12-31-23-59-56
universe_mod_texts_ru.pak,UI/UniverseHeroes/Perks_Status_Hero_16.txt,added,,70,2107-12-31-23-59-56
universe_mod_texts_ru.pak,UI/UniverseHeroes/Perks_Status_Hero_17.txt,added,,62,2107-12-31-23-59-56
universe_mod_texts_ru.pak,UI/UniverseHeroes/Perks_Status_Hero_18.txt,added,,70,2107-12-31-23-59-56
universe_mod_texts_ru.pak,UI/UniverseHeroes/Perks_Status_Hero_19.txt,added,,62,2107-12-31-23-59-56
universe_mod_texts_ru.pak,UI/UniverseHeroes/Perks_Status_Hero_20.txt,added,,70,2107-12-31-23-59-56
universe_mod_texts_ru.pak,UI/UniverseHeroes/Perks_Status_Hero_21.txt,added,,62,2107-12-31-23-59-56
universe_mod_texts_ru.pak,UI/UniverseHeroes/Perks_Status_Hero_22.txt,added,,62,2107-12-31-23-59-56
universe_mod_texts_ru.pak,UI/UniverseHeroes/Perks_Status_Hero_23.txt,added,,62,2107-12-31-23-59-56
universe_mod_texts_ru.pak,UI/UniverseHeroes/Perks_Status_Hero_24.txt,added,,70,2107-12-31-23-59-56
universe_mod_texts_ru.pak,UI/UniverseHeroes/Perks_Status_Hero_25.txt,added,,74,2107-12-31-23-59-56
universe_mod_texts_ru.pak,UI/UniverseHeroes/Perks_Status_Hero_26.txt,added,,70,2107-12-31-23-59-56
universe_mod_texts_ru.pak,UI/UniverseHeroes/Perks_Status_Hero_27.txt,added,,70,2107-12-31-23-59-56
universe_mod_texts_ru.pak,UI/UniverseHeroes/Perks_Status_Hero_28.txt,added,,74,2107-12-31-23-59-56
universe_mod_texts_ru.pak,UI/UniverseHeroes/Perks_Status_Hero_29.txt,added,,62,2107-12-31-23-59-56
universe_mod_texts_ru.pak,UI/UniverseHeroes/Perks_Status_Hero_30.txt,added,,70,2107-12-31-23-59-56
universe_mod_texts_ru.pak,UI/UniverseHeroes/Perks_Status_Hero_31.txt,added,,70,2107-12-31-23-59-56
universe_mod_texts_ru.pak,UI/UniverseHeroes/Perks_Status_Hero_32.txt,added,,62,2107-12-31-23-59-56
universe_mod_texts_ru.pak,UI/UniverseHeroes/Perks_Status_Hero_33.txt,added,,70,2107-12-31-23-59-56
universe_mod_texts_ru.pak,UI/UniverseHeroes/Perks_Status_Hero_34.txt,added,,70,2107-12-31-23-59-56
universe_mod_texts_ru.pak,UI/UniverseHeroes/Perks_Status_Hero_35.txt,added,,62,2107-12-31-23-59-56
universe_mod_texts_ru.pak,UI/UniverseHeroes/Perks_Status_Hero_36.txt,added,,70,2107-12-31-23-59-56
universe_mod_texts_ru.pak,UI/UniverseHeroes/Perks_Status_Hero_37.txt,added,,62,2107-12-31-23-59-56
universe_mod_texts_ru.pak,UI/UniverseHeroes/Perks_Status_Hero_38.txt,added,,70,2107-12-31-23-59-56
universe_mod_texts_ru.pak,UI/UniverseHeroes/Perks_Status_Hero_39.txt,added,,62,2107-12-31-23-59-56
universe_mod_texts_ru.pak,UI/UniverseHeroes/Perks_Status_Hero_40.txt,added,,70,2107-12-31-23-59-56
universe_mod_texts_ru.pak,UI/UniverseHeroes/Perks_Status_Hero_41.txt,added,,62,2107-12-31-23-59-56
universe_mod_texts_ru.pak,UI/UniverseHeroes/Perks_Status_Hero_42.txt,added,,62,2107-12-31-23-59-56
universe_mod_texts_ru.pak,UI/UniverseHeroes/Perks_Status_Hero_43.txt,added,,74,2107-12-31-23-59-56
universe_mod_texts_ru.pak,UI/UniverseHeroes/Perks_Status_Hero_44.txt,added,,62,2107-12-31-23-59-56
universe_mod_texts_ru.pak,UI/UniverseHeroes/Perks_Status_Hero_45.txt,added,,62,2107-12-31-23-59-56
universe_mod_texts_ru.pak,UI/UniverseHeroes/Perks_Status_Hero_46.txt,added,,74,2107-12-31-23-59-56
universe_mod_texts_ru.pak,UI/UniverseHeroes/Perks_Status_Hero_47.txt,added,,62,2107-12-31-23-59-56
universe_mod_texts_ru.pak,UI/UniverseHeroes/Perks_Status_Hero_48.txt,added,,70,2107-12-31-23-59-56
universe_mod_texts_ru.pak,UI/UniverseHeroes/Perks_Status_Hero_49.txt,added,,74,2107-12-31-23-59-56
universe_mod_texts_ru.pak,UI/UniverseHeroes/Perks_Status_Hero_50.txt,added,,62,2107-12-31-23-59-56
universe_mod_texts_ru.pak,UI/UniverseHeroes/Perks_Status_Hero_51.txt,added,,62,2107-12-31-23-59-56
universe_mod_texts_ru.pak,UI/UniverseHeroes/Perks_Status_Hero_52.txt,added,,62,2107-12-31-23-59-56
universe_mod_texts_ru.pak,UI/UniverseHeroes/Perks_Status_Hero_53.txt,added,,62,2107-12-31-23-59-56
universe_mod_texts_ru.pak,UI/UniverseHeroes/Perks_Status_Hero_54.txt,added,,62,2107-12-31-23-59-56
universe_mod_texts_ru.pak,UI/UniverseHeroes/Perks_Status_Hero_55.txt,added,,62,2107-12-31-23-59-56
universe_mod_texts_ru.pak,UI/UniverseHeroes/Perks_Status_Hero_56.txt,added,,62,2107-12-31-23-59-56
universe_mod_texts_ru.pak,UI/UniverseHeroes/Perks_Status_Hero_57.txt,added,,70,2107-12-31-23-59-56
universe_mod_texts_ru.pak,UI/UniverseHeroes/Perks_Status_Hero_58.txt,added,,62,2107-12-31-23-59-56
universe_mod_texts_ru.pak,UI/UniverseHeroes/Perks_Status_Hero_59.txt,added,,62,2107-12-31-23-59-56
universe_mod_texts_ru.pak,UI/UniverseHeroes/Perks_Status_Hero_60.txt,added,,62,2107-12-31-23-59-56
universe_mod_texts_ru.pak,UI/UniverseHeroes/Perks_Status_Hero_61.txt,added,,62,2107-12-31-23-59-56
universe_mod_texts_ru.pak,UI/UniverseHeroes/Perks_Status_Hero_62.txt,added,,62,2107-12-31-23-59-56
universe_mod_texts_ru.pak,UI/UniverseHeroes/Perks_Status_Hero_63.txt,added,,74,2107-12-31-23-59-56
universe_mod_texts_ru.pak,UI/UniverseHeroes/Perks_Status_Hero_64.txt,added,,62,2107-12-31-23-59-56
universe_mod_texts_ru.pak,UI/UniverseHeroes/SpecFormat.txt,added,,40,2107-12-31-23-59-56
universe_mod_texts_ru.pak,UI/UniverseHeroes/SpecFormatName.txt,added,,56,2107-12-31-23-59-56
universe_mod_texts_ru.pak,UI/UniverseHeroes/Specialization_Name_Hero_01.txt,added,,28,2107-12-31-23-59-56
universe_mod_texts_ru.pak,UI/UniverseHeroes/Specialization_Name_test.txt,added,,54,2107-12-31-23-59-56
universe_mod_texts_ru.pak,UI/UniverseHeroes/Specialization_test.txt,added,,894,2107-12-31-23-59-56
universe_mod_texts_ru.pak,UI/UniverseHeroes/Spec_Status_Hero_01.txt,added,,62,2107-12-31-23-59-56
universe_mod_texts_ru.pak,UI/UniverseHeroes/Spec_Status_Hero_02.txt,added,,66,2107-12-31-23-59-56
universe_mod_texts_ru.pak,UI/UniverseHeroes/Spec_Status_Hero_03.txt,added,,62,2107-12-31-23-59-56
universe_mod_texts_ru.pak,UI/UniverseHeroes/Spec_Status_Hero_04.txt,added,,62,2107-12-31-23-59-56
universe_mod_texts_ru.pak,UI/UniverseHeroes/Spec_Status_Hero_05.txt,added,,62,2107-12-31-23-59-56
universe_mod_texts_ru.pak,UI/UniverseHeroes/Spec_Status_Hero_06.txt,added,,62,2107-12-31-23-59-56
universe_mod_texts_ru.pak,UI/UniverseHeroes/Spec_Status_Hero_07.txt,added,,62,2107-12-31-23-59-56
universe_mod_texts_ru.pak,UI/UniverseHeroes/Spec_Status_Hero_08.txt,added,,62,2107-12-31-23-59-56
universe_mod_texts_ru.pak,UI/UniverseHeroes/Spec_Status_Hero_09.txt,added,,62,2107-12-31-23-59-56
universe_mod_texts_ru.pak,UI/UniverseHeroes/Spec_Status_Hero_10.txt,added,,62,2107-12-31-23-59-56
universe_mod_texts_ru.pak,UI/UniverseHeroes/Spec_Status_Hero_11.txt,added,,62,2107-12-31-23-59-56
universe_mod_texts_ru.pak,UI/UniverseHeroes/Spec_Status_Hero_12.txt,added,,62,2107-12-31-23-59-56
universe_mod_texts_ru.pak,UI/UniverseHeroes/Spec_Status_Hero_13.txt,added,,70,2107-12-31-23-59-56
universe_mod_texts_ru.pak,UI/UniverseHeroes/Spec_Status_Hero_14.txt,added,,62,2107-12-31-23-59-56
universe_mod_texts_ru.pak,UI/UniverseHeroes/Spec_Status_Hero_15.txt,added,,62,2107-12-31-23-59-56
universe_mod_texts_ru.pak,UI/UniverseHeroes/Spec_Status_Hero_16.txt,added,,62,2107-12-31-23-59-56
universe_mod_texts_ru.pak,UI/UniverseHeroes/Spec_Status_Hero_17.txt,added,,62,2107-12-31-23-59-56
universe_mod_texts_ru.pak,UI/UniverseHeroes/Spec_Status_Hero_18.txt,added,,70,2107-12-31-23-59-56
universe_mod_texts_ru.pak,UI/UniverseHeroes/Spec_Status_Hero_19.txt,added,,62,2107-12-31-23-59-56
universe_mod_texts_ru.pak,UI/UniverseHeroes/Spec_Status_Hero_20.txt,added,,70,2107-12-31-23-59-56
universe_mod_texts_ru.pak,UI/UniverseHeroes/Spec_Status_Hero_21.txt,added,,62,2107-12-31-23-59-56
universe_mod_texts_ru.pak,UI/UniverseHeroes/Spec_Status_Hero_22.txt,added,,62,2107-12-31-23-59-56
universe_mod_texts_ru.pak,UI/UniverseHeroes/Spec_Status_Hero_23.txt,added,,62,2107-12-31-23-59-56
universe_mod_texts_ru.pak,UI/UniverseHeroes/Spec_Status_Hero_24.txt,added,,62,2107-12-31-23-59-56
universe_mod_texts_ru.pak,UI/UniverseHeroes/Spec_Status_Hero_25.txt,added,,70,2107-12-31-23-59-56
universe_mod_texts_ru.pak,UI/UniverseHeroes/Spec_Status_Hero_26.txt,added,,62,2107-12-31-23-59-56
universe_mod_texts_ru.pak,UI/UniverseHeroes/Spec_Status_Hero_27.txt,added,,62,2107-12-31-23-59-56
universe_mod_texts_ru.pak,UI/UniverseHeroes/Spec_Status_Hero_28.txt,added,,62,2107-12-31-23-59-56
universe_mod_texts_ru.pak,UI/UniverseHeroes/Spec_Status_Hero_29.txt,added,,70,2107-12-31-23-59-56
universe_mod_texts_ru.pak,UI/UniverseHeroes/Spec_Status_Hero_30.txt,added,,62,2107-12-31-23-59-56
universe_mod_texts_ru.pak,UI/UniverseHeroes/Spec_Status_Hero_31.txt,added,,70,2107-12-31-23-59-56
universe_mod_texts_ru.pak,UI/UniverseHeroes/Spec_Status_Hero_32.txt,added,,62,2107-12-31-23-59-56
universe_mod_texts_ru.pak,UI/UniverseHeroes/Spec_Status_Hero_33.txt,added,,62,2107-12-31-23-59-56
universe_mod_texts_ru.pak,UI/UniverseHeroes/Spec_Status_Hero_34.txt,added,,70,2107-12-31-23-59-56
universe_mod_texts_ru.pak,UI/UniverseHeroes/Spec_Status_Hero_35.txt,added,,70,2107-12-31-23-59-56
universe_mod_texts_ru.pak,UI/UniverseHeroes/Spec_Status_Hero_36.txt,added,,70,2107-12-31-23-59-56
universe_mod_texts_ru.pak,UI/UniverseHeroes/Spec_Status_Hero_37.txt,added,,62,2107-12-31-23-59-56
universe_mod_texts_ru.pak,UI/UniverseHeroes/Spec_Status_Hero_38.txt,added,,62,2107-12-31-23-59-56
universe_mod_texts_ru.pak,UI/UniverseHeroes/Spec_Status_Hero_39.txt,added,,62,2107-12-31-23-59-56
universe_mod_texts_ru.pak,UI/UniverseHeroes/Spec_Status_Hero_40.txt,added,,62,2107-12-31-23-59-56
universe_mod_texts_ru.pak,UI/UniverseHeroes/Spec_Status_Hero_41.txt,added,,62,2107-12-31-23-59-56
universe_mod_texts_ru.pak,UI/UniverseHeroes/Spec_Status_Hero_42.txt,added,,70,2107-12-31-23-59-56
universe_mod_texts_ru.pak,UI/UniverseHeroes/Spec_Status_Hero_43.txt,added,,62,2107-12-31-23-59-56
universe_mod_texts_ru.pak,UI/UniverseHeroes/Spec_Status_Hero_44.txt,added,,62,2107-12-31-23-59-56
universe_mod_texts_ru.pak,UI/UniverseHeroes/Spec_Status_Hero_45.txt,added,,70,2107-12-31-23-59-56
universe_mod_texts_ru.pak,UI/UniverseHeroes/Spec_Status_Hero_46.txt,added,,62,2107-12-31-23-59-56
universe_mod_texts_ru.pak,UI/UniverseHeroes/Spec_Status_Hero_47.txt,added,,62,2107-12-31-23-59-56
universe_mod_texts_ru.pak,UI/UniverseHeroes/Spec_Status_Hero_48.txt,added,,70,2107-12-31-23-59-56
universe_mod_texts_ru.pak,UI/UniverseHeroes/Spec_Status_Hero_49.txt,added,,62,2107-12-31-23-59-56
universe_mod_texts_ru.pak,UI/UniverseHeroes/Spec_Status_Hero_50.txt,added,,62,2107-12-31-23-59-56
universe_mod_texts_ru.pak,UI/UniverseHeroes/Spec_Status_Hero_51.txt,added,,62,2107-12-31-23-59-56
universe_mod_texts_ru.pak,UI/UniverseHeroes/Spec_Status_Hero_52.txt,added,,62,2107-12-31-23-59-56
universe_mod_texts_ru.pak,UI/UniverseHeroes/Spec_Status_Hero_53.txt,added,,62,2107-12-31-23-59-56
universe_mod_texts_ru.pak,UI/UniverseHeroes/Spec_Status_Hero_54.txt,added,,62,2107-12-31-23-59-56
universe_mod_texts_ru.pak,UI/UniverseHeroes/Spec_Status_Hero_55.txt,added,,62,2107-12-31-23-59-56
universe_mod_texts_ru.pak,UI/UniverseHeroes/Spec_Status_Hero_56.txt,added,,70,2107-12-31-23-59-56
universe_mod_texts_ru.pak,UI/UniverseHeroes/Spec_Status_Hero_57.txt,added,,70,2107-12-31-23-59-56
universe_mod_texts_ru.pak,UI/UniverseHeroes/Spec_Status_Hero_58.txt,added,,62,2107-12-31-23-59-56
universe_mod_texts_ru.pak,UI/UniverseHeroes/Spec_Status_Hero_59.txt,added,,62,2107-12-31-23-59-56
universe_mod_texts_ru.pak,UI/UniverseHeroes/Spec_Status_Hero_60.txt,added,,62,2107-12-31-23-59-56
universe_mod_texts_ru.pak,UI/UniverseHeroes/Spec_Status_Hero_61.txt,added,,74,2107-12-31-23-59-56
universe_mod_texts_ru.pak,UI/UniverseHeroes/Spec_Status_Hero_62.txt,added,,70,2107-12-31-23-59-56
universe_mod_texts_ru.pak,UI/UniverseHeroes/Spec_Status_Hero_63.txt,added,,62,2107-12-31-23-59-56
universe_mod_texts_ru.pak,UI/UniverseHeroes/Spec_Status_Hero_64.txt,added,,70,2107-12-31-23-59-56
universe_mod_texts_ru.pak,UI/UniverseHeroes/Start_Army_Hero_01.txt,added,,26,2107-12-31-23-59-56
universe_mod_texts_ru.pak,UI/UniverseHeroes/UniHeroTooltip.txt,added,,34,2107-12-31-23-59-56
universe_mod_texts_ru.pak,UI/UniverseHeroes/UniverseHeroes_64Tooltip.txt,added,,2,2107-12-31-23-59-56
universe_mod_texts_ru.pak,UI/UniverseHeroes/UniverseHeroes_CLOSE_ALLTooltip.txt,added,,16,2107-12-31-23-59-56
universe_mod_texts_ru.pak,UI/UniverseHeroes/UniverseHeroes_Screen_Info.txt,added,,36,2107-12-31-23-59-56
universe_mod_texts_ru.pak,UI/UniverseHeroes/UniverseHeroes_Screen_InfoText.txt,added,,200,2107-12-31-23-59-56
universe_mod_texts_ru.pak,UI/UniverseTownLevel.txt,added,,30,2107-12-31-23-59-56
universe_mod_texts_ru.pak,UI/UNIVERSE_PANEL.txt,added,,64,2107-12-31-23-59-56
universe_mod_texts_ru.pak,UI/UNI_ARTS/Cost/UNI_ART_00.txt,added,,8,2107-12-31-23-59-56
universe_mod_texts_ru.pak,UI/UNI_ARTS/Cost/UNI_ART_01.txt,added,,10,2107-12-31-23-59-56
universe_mod_texts_ru.pak,UI/UNI_ARTS/Cost/UNI_ART_02.txt,added,,10,2107-12-31-23-59-56
universe_mod_texts_ru.pak,UI/UNI_ARTS/Cost/UNI_ART_03.txt,added,,10,2107-12-31-23-59-56
universe_mod_texts_ru.pak,UI/UNI_ARTS/Cost/UNI_ART_04.txt,added,,10,2107-12-31-23-59-56
universe_mod_texts_ru.pak,UI/UNI_ARTS/Cost/UNI_ART_05.txt,added,,10,2107-12-31-23-59-56
universe_mod_texts_ru.pak,UI/UNI_ARTS/Cost/UNI_ART_06.txt,added,,10,2107-12-31-23-59-56
universe_mod_texts_ru.pak,UI/UNI_ARTS/Cost/UNI_ART_07.txt,added,,10,2107-12-31-23-59-56
universe_mod_texts_ru.pak,UI/UNI_ARTS/Cost/UNI_ART_08.txt,added,,10,2107-12-31-23-59-56
universe_mod_texts_ru.pak,UI/UNI_ARTS/Cost/UNI_ART_09.txt,added,,10,2107-12-31-23-59-56
universe_mod_texts_ru.pak,UI/UNI_ARTS/Cost/UNI_ART_10.txt,added,,10,2107-12-31-23-59-56
universe_mod_texts_ru.pak,UI/UNI_ARTS/Cost/UNI_ART_11.txt,added,,10,2107-12-31-23-59-56
universe_mod_texts_ru.pak,UI/UNI_ARTS/Cost/UNI_ART_12.txt,added,,10,2107-12-31-23-59-56
universe_mod_texts_ru.pak,UI/UNI_ARTS/Cost/UNI_ART_13.txt,added,,10,2107-12-31-23-59-56
universe_mod_texts_ru.pak,UI/UNI_ARTS/Cost/UNI_ART_14.txt,added,,10,2107-12-31-23-59-56
universe_mod_texts_ru.pak,UI/UNI_ARTS/Cost/UNI_ART_15.txt,added,,10,2107-12-31-23-59-56
universe_mod_texts_ru.pak,UI/UNI_ARTS/Cost/UNI_ART_16.txt,added,,10,2107-12-31-23-59-56
universe_mod_texts_ru.pak,UI/UNI_ARTS/Cost/UNI_ART_17.txt,added,,10,2107-12-31-23-59-56
universe_mod_texts_ru.pak,UI/UNI_ARTS/Cost/UNI_ART_18.txt,added,,10,2107-12-31-23-59-56
universe_mod_texts_ru.pak,UI/UNI_ARTS/Cost/UNI_ART_19.txt,added,,10,2107-12-31-23-59-56
universe_mod_texts_ru.pak,UI/UNI_ARTS/Cost/UNI_ART_20.txt,added,,10,2107-12-31-23-59-56
universe_mod_texts_ru.pak,UI/UNI_ARTS/Cost/UNI_ART_21.txt,added,,10,2107-12-31-23-59-56
universe_mod_texts_ru.pak,UI/UNI_ARTS/Cost/UNI_ART_22.txt,added,,10,2107-12-31-23-59-56
universe_mod_texts_ru.pak,UI/UNI_ARTS/Cost/UNI_ART_23.txt,added,,10,2107-12-31-23-59-56
universe_mod_texts_ru.pak,UI/UNI_ARTS/Cost/UNI_ART_24.txt,added,,10,2107-12-31-23-59-56
universe_mod_texts_ru.pak,UI/UNI_ARTS/Cost/UNI_ART_25.txt,added,,10,2107-12-31-23-59-56
universe_mod_texts_ru.pak,UI/UNI_ARTS/Cost/UNI_ART_26.txt,added,,12,2107-12-31-23-59-56
universe_mod_texts_ru.pak,UI/UNI_ARTS/Cost/UNI_ART_27.txt,added,,12,2107-12-31-23-59-56
universe_mod_texts_ru.pak,UI/UNI_ARTS/Cost/UNI_ART_28.txt,added,,12,2107-12-31-23-59-56
universe_mod_texts_ru.pak,UI/UNI_ARTS/Cost/UNI_ART_29.txt,added,,12,2107-12-31-23-59-56
universe_mod_texts_ru.pak,UI/UNI_ARTS/Cost/UNI_ART_30.txt,added,,12,2107-12-31-23-59-56
universe_mod_texts_ru.pak,UI/UNI_ARTS/Cost/UNI_ART_31.txt,added,,12,2107-12-31-23-59-56
universe_mod_texts_ru.pak,UI/UNI_ARTS/Cost/UNI_ART_32.txt,added,,12,2107-12-31-23-59-56
universe_mod_texts_ru.pak,UI/UNI_ARTS/Cost/UNI_ART_33.txt,added,,12,2107-12-31-23-59-56
universe_mod_texts_ru.pak,UI/UNI_ARTS/Cost/UNI_ART_34.txt,added,,10,2107-12-31-23-59-56
universe_mod_texts_ru.pak,UI/UNI_ARTS/Cost/UNI_ART_35.txt,added,,12,2107-12-31-23-59-56
universe_mod_texts_ru.pak,UI/UNI_ARTS/Cost/UNI_ART_36.txt,added,,10,2107-12-31-23-59-56
universe_mod_texts_ru.pak,UI/UNI_ARTS/Cost/UNI_ART_37.txt,added,,12,2107-12-31-23-59-56
universe_mod_texts_ru.pak,UI/UNI_ARTS/Cost/UNI_ART_38.txt,added,,12,2107-12-31-23-59-56
universe_mod_texts_ru.pak,UI/UNI_ARTS/Cost/UNI_ART_39.txt,added,,10,2107-12-31-23-59-56
universe_mod_texts_ru.pak,UI/UNI_ARTS/Cost/UNI_ART_40.txt,added,,12,2107-12-31-23-59-56
universe_mod_texts_ru.pak,UI/UNI_ARTS/Cost/UNI_ART_41.txt,added,,10,2107-12-31-23-59-56
universe_mod_texts_ru.pak,UI/UNI_ARTS/Cost/UNI_ART_42.txt,added,,12,2107-12-31-23-59-56
universe_mod_texts_ru.pak,UI/UNI_ARTS/Cost/UNI_ART_43.txt,added,,12,2107-12-31-23-59-56
universe_mod_texts_ru.pak,UI/UNI_ARTS/Cost/UNI_ART_44.txt,added,,12,2107-12-31-23-59-56
universe_mod_texts_ru.pak,UI/UNI_ARTS/Cost/UNI_ART_45.txt,added,,12,2107-12-31-23-59-56
universe_mod_texts_ru.pak,UI/UNI_ARTS/Cost/UNI_ART_46.txt,added,,12,2107-12-31-23-59-56
universe_mod_texts_ru.pak,UI/UNI_ARTS/Cost/UNI_ART_47.txt,added,,12,2107-12-31-23-59-56
universe_mod_texts_ru.pak,UI/UNI_ARTS/Cost/UNI_ART_48.txt,added,,12,2107-12-31-23-59-56
universe_mod_texts_ru.pak,UI/UNI_ARTS/Cost/UNI_ART_49.txt,added,,12,2107-12-31-23-59-56
universe_mod_texts_ru.pak,UI/UNI_ARTS/Cost/UNI_ART_50.txt,added,,12,2107-12-31-23-59-56
universe_mod_texts_ru.pak,UI/UNI_ARTS/Cost/UNI_ART_51.txt,added,,10,2107-12-31-23-59-56
universe_mod_texts_ru.pak,UI/UNI_ARTS/Cost/UNI_ART_52.txt,added,,10,2107-12-31-23-59-56
universe_mod_texts_ru.pak,UI/UNI_ARTS/Cost/UNI_ART_53.txt,added,,12,2107-12-31-23-59-56
universe_mod_texts_ru.pak,UI/UNI_ARTS/Cost/UNI_ART_54.txt,added,,12,2107-12-31-23-59-56
universe_mod_texts_ru.pak,UI/UNI_ARTS/Cost/UNI_ART_55.txt,added,,10,2107-12-31-23-59-56
universe_mod_texts_ru.pak,UI/UNI_ARTS/Cost/UNI_ART_56.txt,added,,12,2107-12-31-23-59-56
universe_mod_texts_ru.pak,UI/UNI_ARTS/Cost/UNI_ART_57.txt,added,,12,2107-12-31-23-59-56
universe_mod_texts_ru.pak,UI/UNI_ARTS/Cost/UNI_ART_58.txt,added,,12,2107-12-31-23-59-56
universe_mod_texts_ru.pak,UI/UNI_ARTS/Cost/UNI_ART_59.txt,added,,12,2107-12-31-23-59-56
universe_mod_texts_ru.pak,UI/UNI_ARTS/Cost/UNI_ART_60.txt,added,,12,2107-12-31-23-59-56
universe_mod_texts_ru.pak,UI/UNI_ARTS/Cost/UNI_ART_61.txt,added,,10,2107-12-31-23-59-56
universe_mod_texts_ru.pak,UI/UNI_ARTS/Cost/UNI_ART_62.txt,added,,12,2107-12-31-23-59-56
universe_mod_texts_ru.pak,UI/UNI_ARTS/Cost/UNI_ART_63.txt,added,,12,2107-12-31-23-59-56
universe_mod_texts_ru.pak,UI/UNI_ARTS/Cost/UNI_ART_64.txt,added,,12,2107-12-31-23-59-56
universe_mod_texts_ru.pak,UI/UNI_ARTS/Cost/UNI_ART_65.txt,added,,10,2107-12-31-23-59-56
universe_mod_texts_ru.pak,UI/UNI_ARTS/Cost/UNI_ART_66.txt,added,,12,2107-12-31-23-59-56
universe_mod_texts_ru.pak,UI/UNI_ARTS/Cost/UNI_ART_67.txt,added,,12,2107-12-31-23-59-56
universe_mod_texts_ru.pak,UI/UNI_ARTS/Cost/UNI_ART_68.txt,added,,12,2107-12-31-23-59-56
universe_mod_texts_ru.pak,UI/UNI_ARTS/Cost/UNI_ART_69.txt,added,,12,2107-12-31-23-59-56
universe_mod_texts_ru.pak,UI/UNI_ARTS/Cost/UNI_ART_70.txt,added,,12,2107-12-31-23-59-56
universe_mod_texts_ru.pak,UI/UNI_ARTS/Cost/UNI_ART_71.txt,added,,12,2107-12-31-23-59-56
universe_mod_texts_ru.pak,UI/UNI_ARTS/Cost/UNI_ART_72.txt,added,,12,2107-12-31-23-59-56
universe_mod_texts_ru.pak,UI/UNI_ARTS/Cost/UNI_ART_73.txt,added,,12,2107-12-31-23-59-56
universe_mod_texts_ru.pak,UI/UNI_ARTS/Cost/UNI_ART_74.txt,added,,12,2107-12-31-23-59-56
universe_mod_texts_ru.pak,UI/UNI_ARTS/Cost/UNI_ART_75.txt,added,,12,2107-12-31-23-59-56
universe_mod_texts_ru.pak,UI/UNI_ARTS/Cost/UNI_ART_76.txt,added,,12,2107-12-31-23-59-56
universe_mod_texts_ru.pak,UI/UNI_ARTS/Cost/UNI_ART_77.txt,added,,12,2107-12-31-23-59-56
universe_mod_texts_ru.pak,UI/UNI_ARTS/Cost/UNI_ART_78.txt,added,,12,2107-12-31-23-59-56
universe_mod_texts_ru.pak,UI/UNI_ARTS/Cost/UNI_ART_79.txt,added,,12,2107-12-31-23-59-56
universe_mod_texts_ru.pak,UI/UNI_ARTS/Cost/UNI_ART_80.txt,added,,12,2107-12-31-23-59-56
universe_mod_texts_ru.pak,UI/UNI_ARTS/Cost/UNI_ART_81.txt,added,,12,2107-12-31-23-59-56
universe_mod_texts_ru.pak,UI/UNI_ARTS/Cost/UNI_ART_82.txt,added,,12,2107-12-31-23-59-56
universe_mod_texts_ru.pak,UI/UNI_ARTS/Cost/UNI_ART_83.txt,added,,12,2107-12-31-23-59-56
universe_mod_texts_ru.pak,UI/UNI_ARTS/Cost/UNI_ART_84.txt,added,,12,2107-12-31-23-59-56
universe_mod_texts_ru.pak,UI/UNI_ARTS/Cost/UNI_ART_85.txt,added,,12,2107-12-31-23-59-56
universe_mod_texts_ru.pak,UI/UNI_ARTS/Cost/UNI_ART_86.txt,added,,12,2107-12-31-23-59-56
universe_mod_texts_ru.pak,UI/UNI_ARTS/Cost/UNI_ART_87.txt,added,,12,2107-12-31-23-59-56
universe_mod_texts_ru.pak,UI/UNI_ARTS/Cost/UNI_ART_88.txt,added,,12,2107-12-31-23-59-56
universe_mod_texts_ru.pak,UI/UNI_ARTS/Cost/UNI_ART_89.txt,added,,12,2107-12-31-23-59-56
universe_mod_texts_ru.pak,UI/UNI_ARTS/Cost/UNI_ART_90.txt,added,,12,2107-12-31-23-59-56
universe_mod_texts_ru.pak,UI/UNI_ARTS/Cost/UNI_ART_91.txt,added,,12,2107-12-31-23-59-56
universe_mod_texts_ru.pak,UI/UNI_ARTS/Cost/UNI_ART_92.txt,added,,12,2107-12-31-23-59-56
universe_mod_texts_ru.pak,UI/UNI_ARTS/Cost/UNI_ART_93.txt,added,,12,2107-12-31-23-59-56
universe_mod_texts_ru.pak,UI/UNI_ARTS/Cost/UNI_ART_94.txt,added,,12,2107-12-31-23-59-56
universe_mod_texts_ru.pak,UI/UNI_ARTS/Cost/UNI_ART_95.txt,added,,12,2107-12-31-23-59-56
universe_mod_texts_ru.pak,UI/UNI_ARTS/Cost/UNI_ART_96.txt,added,,12,2107-12-31-23-59-56
universe_mod_texts_ru.pak,UI/UNI_ARTS/Cost/UNI_ART_97.txt,added,,12,2107-12-31-23-59-56
universe_mod_texts_ru.pak,UI/UNI_ARTS/CostFormat.txt,added,,26,2107-12-31-23-59-56
universe_mod_texts_ru.pak,UI/UNI_ARTS/INFO.txt,added,,428,2107-12-31-23-59-56
universe_mod_texts_ru.pak,UI/UNI_ARTS/InfoHeader.txt,added,,70,2107-12-31-23-59-56
universe_mod_texts_ru.pak,UI/UNI_ARTS/MajorsMainHeader.txt,added,,78,2107-12-31-23-59-56
universe_mod_texts_ru.pak,UI/UNI_ARTS/MinorsMainHeader.txt,added,,102,2107-12-31-23-59-56
universe_mod_texts_ru.pak,UI/UNI_ARTS/RelicsMainHeader.txt,added,,80,2107-12-31-23-59-56
universe_mod_texts_ru.pak,UI/UNI_ARTS/SLOTHEADER.txt,added,,36,2107-12-31-23-59-56
universe_mod_texts_ru.pak,UI/UNI_ARTS/SLOT_BOOTS.txt,added,,14,2107-12-31-23-59-56
universe_mod_texts_ru.pak,UI/UNI_ARTS/SLOT_CHEST.txt,added,,14,2107-12-31-23-59-56
universe_mod_texts_ru.pak,UI/UNI_ARTS/SLOT_CLOAK.txt,added,,10,2107-12-31-23-59-56
universe_mod_texts_ru.pak,UI/UNI_ARTS/SLOT_FORMAT.txt,added,,54,2107-12-31-23-59-56
universe_mod_texts_ru.pak,UI/UNI_ARTS/SLOT_HELM.txt,added,,10,2107-12-31-23-59-56
universe_mod_texts_ru.pak,UI/UNI_ARTS/SLOT_NECK.txt,added,,18,2107-12-31-23-59-56
universe_mod_texts_ru.pak,UI/UNI_ARTS/SLOT_POCKET.txt,added,,14,2107-12-31-23-59-56
universe_mod_texts_ru.pak,UI/UNI_ARTS/SLOT_RING.txt,added,,14,2107-12-31-23-59-56
universe_mod_texts_ru.pak,UI/UNI_ARTS/SLOT_SHIELD.txt,added,,8,2107-12-31-23-59-56
universe_mod_texts_ru.pak,UI/UNI_ARTS/SLOT_WEAPON.txt,added,,14,2107-12-31-23-59-56
universe_mod_texts_ru.pak,UI/UNI_ARTS/Test.txt,added,,20,2107-12-31-23-59-56
universe_mod_texts_ru.pak,UI/UNI_ARTS/test_desc.txt,added,,2,2107-12-31-23-59-56
universe_mod_texts_ru.pak,UI/UNI_ARTS/UNI_ARTS_COSTHEADER.txt,added,,20,2107-12-31-23-59-56
universe_mod_texts_ru.pak,UI/UNI_ARTS/UNI_ARTS_NAMEFORMAT.txt,added,,26,2107-12-31-23-59-56
universe_mod_texts_ru.pak,UI/UNI_ARTS/UNI_ART_DESCRIPTION_FORMAT.txt,added,,38,2107-12-31-23-59-56
universe_mod_texts_ru.pak,UI/UNI_ARTS/UNI_ART_NAME_MAJOR_TEXTFORMAT.txt,added,,56,2107-12-31-23-59-56
universe_mod_texts_ru.pak,UI/UNI_ARTS/UNI_ART_NAME_MINOR_TEXTFORMAT.txt,added,,26,2107-12-31-23-59-56
universe_mod_texts_ru.pak,UI/UNI_ARTS/UNI_ART_NAME_RELIC_TEXTFORMAT.txt,added,,56,2107-12-31-23-59-56
universe_mod_texts_ru.pak,UI/UNI_BOOK/BUTTON 2.txt,added,,28,2107-12-31-23-59-56
universe_mod_texts_ru.pak,UI/UNI_BOOK/BUTTON1.txt,added,,44,2107-12-31-23-59-56
universe_mod_texts_ru.pak,UI/UNI_BOOK/BUTTON3.txt,added,,28,2107-12-31-23-59-56
universe_mod_texts_ru.pak,UI/UNI_BOOK/INFO.txt,added,,312,2107-12-31-23-59-56
universe_mod_texts_ru.pak,UI/UNI_BOOK/Page_01.txt,added,,22,2107-12-31-23-59-56
universe_mod_texts_ru.pak,UI/UNI_BOOK/Page_02.txt,added,,22,2107-12-31-23-59-56
universe_mod_texts_ru.pak,UI/UNI_BOOK/Page_03.txt,added,,22,2107-12-31-23-59-56
universe_mod_texts_ru.pak,UI/UNI_BOOK/Page_04.txt,added,,22,2107-12-31-23-59-56
universe_mod_texts_ru.pak,UI/UNI_BOOK/Page_05.txt,added,,22,2107-12-31-23-59-56
universe_mod_texts_ru.pak,UI/UNI_BOOK/test1.txt,added,,2,2107-12-31-23-59-56
universe_mod_texts_ru.pak,UI/UNI_BOOK/UniBookTooltip.txt,added,,52,2107-12-31-23-59-56
universe_mod_texts_ru.pak,UI/UNI_RMG_ADV/RMG_B_TOOLTIP.txt,added,,44,2107-12-31-23-59-56
universe_mod_texts_ru.pak,Text/Game/Skills/Common/WarMachines/GoblinSupport/Description.txt,changed,texts.pak,206,2107-12-31-23-59-56
universe_mod_texts_ru.pak,Text/Game/Skills/Common/Logistics/3/Description.txt,changed,texts.pak,142,2107-12-31-23-59-56
universe_mod_texts_ru.pak,Text/Game/Skills/Common/Logistics/1/Description.txt,changed,texts.pak,140,2107-12-31-23-59-56
universe_mod_texts_ru.pak,Text/Game/Skills/Common/Logistics/2/Description.txt,changed,texts.pak,142,2107-12-31-23-59-56
universe_mod_texts_ru.pak,Text/Game/CombatStrings/Flying_Signs/SpellImmunity.txt,added,,138,2107-12-31-23-59-56
universe_mod_texts_ru.pak,UI/Tavern/CountsTexts/Thieves_Bulk.txt,changed,texts.pak,12,2107-12-31-23-59-56
universe_mod_texts_ru.pak,UI/Tavern/CountsTexts/Thieves_Few.txt,changed,texts.pak,8,2107-12-31-23-59-56
universe_mod_texts_ru.pak,UI/Tavern/CountsTexts/Thieves_Heap.txt,changed,texts.pak,16,2107-12-31-23-59-56
universe_mod_texts_ru.pak,UI/Tavern/CountsTexts/Thieves_Lot.txt,changed,texts.pak,12,2107-12-31-23-59-56
universe_mod_texts_ru.pak,UI/Tavern/CountsTexts/Thieves_Mass.txt,changed,texts.pak,16,2107-12-31-23-59-56
universe_mod_texts_ru.pak,UI/Tavern/CountsTexts/Thieves_Masses.txt,changed,texts.pak,12,2107-12-31-23-59-56
universe_mod_texts_ru.pak,UI/Tavern/CountsTexts/Thieves_Pile.txt,changed,texts.pak,12,2107-12-31-23-59-56
universe_mod_texts_ru.pak,UI/Tavern/CountsTexts/Thieves_Several.txt,changed,texts.pak,8,2107-12-31-23-59-56
universe_mod_texts_ru.pak,UI/Tavern/CountsTexts/Thieves_Zounds.txt,changed,texts.pak,16,2107-12-31-23-59-56
universe_mod_texts_ru.pak,Text/WeekTexts/WEEK_OF_DISEASE-desc.txt,changed,a2p1-texts.pak,180,2107-12-31-23-59-56
universe_mod_texts_ru.pak,Text/WeekTexts/WEEK_OF_FEVER-desc.txt,changed,texts.pak,136,2107-12-31-23-59-56
universe_mod_texts_ru.pak,Text/WeekTexts/WEEK_OF_PLAGUE-desc.txt,changed,texts.pak,74,2107-12-31-23-59-56
universe_mod_texts_ru.pak,Text/Game/Artifacts/BootsOfSpeed/Description.txt,changed,texts.pak,122,2107-12-31-23-59-56
universe_mod_texts_ru.pak,Text/Game/Artifacts/Horn_Of_Plenty/Description.txt,changed,texts.pak,386,2107-12-31-23-59-56
universe_mod_texts_ru.pak,Text/Game/Buildings/AstrologerTower/Description.txt,changed,texts.pak,370,2107-12-31-23-59-56
universe_mod_texts_ru.pak,Text/Game/Buildings/BlackMarket/Description.txt,changed,texts.pak,208,2107-12-31-23-59-56
universe_mod_texts_ru.pak,Text/Game/Buildings/FaerieRing/Description.txt,changed,texts.pak,88,2107-12-31-23-59-56
universe_mod_texts_ru.pak,Text/Game/Buildings/FontainOfFortune/Description.txt,changed,texts.pak,124,2107-12-31-23-59-56
universe_mod_texts_ru.pak,Text/Game/Buildings/FontainOfYouth/Description.txt,changed,texts.pak,216,2107-12-31-23-59-56
universe_mod_texts_ru.pak,Text/Game/Buildings/HillFort/desc.txt,changed,texts.pak,232,2107-12-31-23-59-56
universe_mod_texts_ru.pak,Text/Game/Buildings/IdolOfFortune/Description.txt,changed,texts.pak,282,2107-12-31-23-59-56
universe_mod_texts_ru.pak,Text/Game/Buildings/LibraryOfEnlightenment/Description.txt,changed,texts.pak,242,2107-12-31-23-59-56
universe_mod_texts_ru.pak,Text/Game/Buildings/LibraryOfEnlightenment/FirstVisit.txt,changed,texts.pak,76,2107-12-31-23-59-56
universe_mod_texts_ru.pak,Text/Game/Buildings/LibraryOfEnlightenment/FirstVisitForbidden.txt,changed,texts.pak,102,2107-12-31-23-59-56
universe_mod_texts_ru.pak,Text/Game/Buildings/MemoryMentor/Description.txt,changed,texts.pak,534,2107-12-31-23-59-56
universe_mod_texts_ru.pak,Text/Game/Buildings/MysticalGarden/Description.txt,changed,texts.pak,94,2107-12-31-23-59-56
universe_mod_texts_ru.pak,Text/Game/Buildings/Oasis/Description.txt,changed,texts.pak,202,2107-12-31-23-59-56
universe_mod_texts_ru.pak,Text/Game/Buildings/RallyFlag/Description.txt,changed,texts.pak,234,2107-12-31-23-59-56
universe_mod_texts_ru.pak,Text/Game/Buildings/RandomSanctuary/Description.txt,changed,texts.pak,632,2107-12-31-23-59-56
universe_mod_texts_ru.pak,Text/Game/Buildings/RedwoodObservatory/Description.txt,changed,texts.pak,110,2107-12-31-23-59-56
universe_mod_texts_ru.pak,Text/Game/Buildings/SpellShop/Description.txt,changed,texts.pak,468,2107-12-31-23-59-56
universe_mod_texts_ru.pak,Text/Game/Buildings/Stables/Description.txt,changed,texts.pak,166,2107-12-31-23-59-56
universe_mod_texts_ru.pak,Text/Game/Buildings/Temple/Description.txt,changed,texts.pak,208,2107-12-31-23-59-56
universe_mod_texts_ru.pak,Text/Game/Buildings/TombOfTheWarrior/Description.txt,changed,texts.pak,206,2107-12-31-23-59-56
universe_mod_texts_ru.pak,Text/Game/Buildings/TradingPost/Desc.txt,changed,texts.pak,194,2107-12-31-23-59-56
universe_mod_texts_ru.pak,Text/Game/Buildings/TreeOfKnowledge/Description.txt,changed,texts.pak,202,2107-12-31-23-59-56
universe_mod_texts_ru.pak,Text/Game/Buildings/Wagon/Description.txt,changed,texts.pak,140,2107-12-31-23-59-56
universe_mod_texts_ru.pak,Text/Game/Buildings/WarMachineFactory/desc.txt,changed,texts.pak,224,2107-12-31-23-59-56
universe_mod_texts_ru.pak,Text/Game/Caravans/Caravan_Description.txt,changed,texts.pak,158,2107-12-31-23-59-56
universe_mod_texts_ru.pak,Text/Game/Creatures/Academy/3rd/CombatMage_Desc.txt,changed,texts.pak,782,2107-12-31-23-59-56
universe_mod_texts_ru.pak,Text/Game/Creatures/Academy/Arch_MagiDescription.txt,changed,a2p1-texts.pak,718,2107-12-31-23-59-56
universe_mod_texts_ru.pak,Text/Game/Creatures/Academy/MagiDescription.txt,changed,texts.pak,998,2107-12-31-23-59-56
universe_mod_texts_ru.pak,Text/Game/Creatures/Creature_abilities/AcidBlood/description.txt,changed,texts.pak,444,2107-12-31-23-59-56
universe_mod_texts_ru.pak,Text/Game/Creatures/Creature_abilities/Agility/description.txt,changed,texts.pak,396,2107-12-31-23-59-56
universe_mod_texts_ru.pak,Text/Game/Creatures/Creature_abilities/Ammo_Steal/description.txt,changed,texts.pak,418,2107-12-31-23-59-56
universe_mod_texts_ru.pak,Text/Game/Creatures/Creature_abilities/Balor_summoning/Balor_summoning_desc.txt,changed,texts.pak,608,2107-12-31-23-59-56
universe_mod_texts_ru.pak,Text/Game/Creatures/Creature_abilities/Battle_dive/Battle_dive_desc.txt,changed,texts.pak,680,2107-12-31-23-59-56
universe_mod_texts_ru.pak,Text/Game/Creatures/Creature_abilities/Battle_frenzy/description.txt,changed,texts.pak,280,2107-12-31-23-59-56
universe_mod_texts_ru.pak,Text/Game/Creatures/Creature_abilities/Battle_rage/Description.txt,changed,texts.pak,218,2107-12-31-23-59-56
universe_mod_texts_ru.pak,Text/Game/Creatures/Creature_abilities/Berserker_Rage/Berserker_Rage_desc.txt,changed,texts.pak,688,2107-12-31-23-59-56
universe_mod_texts_ru.pak,Text/Game/Creatures/Creature_abilities/Blinding_attack/Blinding_attack_desc.txt,changed,texts.pak,506,2107-12-31-23-59-56
universe_mod_texts_ru.pak,Text/Game/Creatures/Creature_abilities/Call_lightning/Call_lightning_desc.txt,changed,texts.pak,230,2107-12-31-23-59-56
universe_mod_texts_ru.pak,Text/Game/Creatures/Creature_abilities/Chain_shot/Chain_shot_desc.txt,changed,texts.pak,406,2107-12-31-23-59-56
universe_mod_texts_ru.pak,Text/Game/Creatures/Creature_abilities/Champion_charge/description.txt,changed,texts.pak,254,2107-12-31-23-59-56
universe_mod_texts_ru.pak,Text/Game/Creatures/Creature_abilities/Cowardice/description.txt,changed,texts.pak,364,2107-12-31-23-59-56
universe_mod_texts_ru.pak,Text/Game/Creatures/Creature_abilities/Cursing_attack/Cursin_attack_desc.txt,changed,texts.pak,164,2107-12-31-23-59-56
universe_mod_texts_ru.pak,Text/Game/Creatures/Creature_abilities/Dash/Dash_desc.txt,changed,texts.pak,226,2107-12-31-23-59-56
universe_mod_texts_ru.pak,Text/Game/Creatures/Creature_abilities/DeathWail/description.txt,changed,a2p1-texts.pak,668,2107-12-31-23-59-56
universe_mod_texts_ru.pak,Text/Game/Creatures/Creature_abilities/Death_cloud/Death_cloud_desc.txt,changed,texts.pak,272,2107-12-31-23-59-56
universe_mod_texts_ru.pak,Text/Game/Creatures/Creature_abilities/Defile_magic/description.txt,changed,texts.pak,1168,2107-12-31-23-59-56
universe_mod_texts_ru.pak,Text/Game/Creatures/Creature_abilities/DestructionMagicMagnetism/Description.txt,changed,a2p1-texts.pak,494,2107-12-31-23-59-56
universe_mod_texts_ru.pak,Text/Game/Creatures/Creature_abilities/Eldritch_aura/description.txt,changed,texts.pak,206,2107-12-31-23-59-56
universe_mod_texts_ru.pak,Text/Game/Creatures/Creature_abilities/EnchantedObsidian/Description.txt,changed,texts.pak,578,2107-12-31-23-59-56
universe_mod_texts_ru.pak,Text/Game/Creatures/Creature_abilities/Enraged/Enraged_desc.txt,changed,texts.pak,472,2107-12-31-23-59-56
universe_mod_texts_ru.pak,Text/Game/Creatures/Creature_abilities/Evil_eye/description.txt,changed,a2p1-texts.pak,252,2107-12-31-23-59-56
universe_mod_texts_ru.pak,Text/Game/Creatures/Creature_abilities/Explosion/Explosion_desc.txt,changed,a2p1-texts.pak,264,2107-12-31-23-59-56
universe_mod_texts_ru.pak,Text/Game/Creatures/Creature_abilities/Firestorm/Description.txt,changed,texts.pak,484,2107-12-31-23-59-56
universe_mod_texts_ru.pak,Text/Game/Creatures/Creature_abilities/Fire_shield/Fire_shield_desc.txt,changed,texts.pak,176,2107-12-31-23-59-56
universe_mod_texts_ru.pak,Text/Game/Creatures/Creature_abilities/Flamestrike/Description.txt,changed,texts.pak,340,2107-12-31-23-59-56
universe_mod_texts_ru.pak,Text/Game/Creatures/Creature_abilities/Harm_touch/Harm_touch_desc.txt,changed,texts.pak,320,2107-12-31-23-59-56
universe_mod_texts_ru.pak,Text/Game/Creatures/Creature_abilities/Harpoon_strike/Description.txt,changed,texts.pak,196,2107-12-31-23-59-56
universe_mod_texts_ru.pak,Text/Game/Creatures/Creature_abilities/Hexing_attack/description.txt,changed,texts.pak,682,2107-12-31-23-59-56
universe_mod_texts_ru.pak,Text/Game/Creatures/Creature_abilities/Howl/description.txt,changed,texts.pak,216,2107-12-31-23-59-56
universe_mod_texts_ru.pak,Text/Game/Creatures/Creature_abilities/Incorporeal/Incorporeal_desc.txt,changed,texts.pak,506,2107-12-31-23-59-56
universe_mod_texts_ru.pak,Text/Game/Creatures/Creature_abilities/Lay_Hands/description.txt,changed,texts.pak,306,2107-12-31-23-59-56
universe_mod_texts_ru.pak,Text/Game/Creatures/Creature_abilities/Life_drain/Life_drain_desct.txt,changed,texts.pak,276,2107-12-31-23-59-56
universe_mod_texts_ru.pak,Text/Game/Creatures/Creature_abilities/Lightning_breath/description.txt,changed,texts.pak,330,2107-12-31-23-59-56
universe_mod_texts_ru.pak,Text/Game/Creatures/Creature_abilities/Liquid_flame/Description.txt,changed,texts.pak,358,2107-12-31-23-59-56
universe_mod_texts_ru.pak,Text/Game/Creatures/Creature_abilities/Lizard_bite_name/Lizard_bite_desc.txt,changed,texts.pak,218,2107-12-31-23-59-56
universe_mod_texts_ru.pak,Text/Game/Creatures/Creature_abilities/Luck_gambler/Description.txt,changed,texts.pak,382,2107-12-31-23-59-56
universe_mod_texts_ru.pak,Text/Game/Creatures/Creature_abilities/Magma_shield/Magma_shield_desc.txt,changed,texts.pak,176,2107-12-31-23-59-56
universe_mod_texts_ru.pak,Text/Game/Creatures/Creature_abilities/Mana_destroyer/Mana_destroyer_desc.txt,changed,a2p1-texts.pak,176,2107-12-31-23-59-56
universe_mod_texts_ru.pak,Text/Game/Creatures/Creature_abilities/Mana_drain/Mana_drain_desc.txt,changed,texts.pak,372,2107-12-31-23-59-56
universe_mod_texts_ru.pak,Text/Game/Creatures/Creature_abilities/Mana_feed/Mana_feed_desc.txt,changed,texts.pak,340,2107-12-31-23-59-56
universe_mod_texts_ru.pak,Text/Game/Creatures/Creature_abilities/Mana_stealer/Mana_stealer_desc.txt,changed,a2p1-texts.pak,254,2107-12-31-23-59-56
universe_mod_texts_ru.pak,Text/Game/Creatures/Creature_abilities/Mark_of_fire/Mark_of_fire_desc.txt,changed,texts.pak,228,2107-12-31-23-59-56
universe_mod_texts_ru.pak,Text/Game/Creatures/Creature_abilities/Order_of_the_chief/description.txt,changed,texts.pak,316,2107-12-31-23-59-56
universe_mod_texts_ru.pak,Text/Game/Creatures/Creature_abilities/Pack_dive/description.txt,changed,texts.pak,634,2107-12-31-23-59-56
universe_mod_texts_ru.pak,Text/Game/Creatures/Creature_abilities/Poisonous_attack/Poisonous_attack_desc.txt,changed,texts.pak,266,2107-12-31-23-59-56
universe_mod_texts_ru.pak,Text/Game/Creatures/Creature_abilities/Prepared_position/Description.txt,changed,texts.pak,174,2107-12-31-23-59-56
universe_mod_texts_ru.pak,Text/Game/Creatures/Creature_abilities/Presence_of_the_storm/Description.txt,changed,texts.pak,688,2107-12-31-23-59-56
universe_mod_texts_ru.pak,Text/Game/Creatures/Creature_abilities/Purger/description.txt,changed,texts.pak,166,2107-12-31-23-59-56
universe_mod_texts_ru.pak,Text/Game/Creatures/Creature_abilities/Rage_of_the_forest/Description.txt,changed,texts.pak,564,2107-12-31-23-59-56
universe_mod_texts_ru.pak,Text/Game/Creatures/Creature_abilities/Rainbow_Breath/Description.txt,changed,texts.pak,346,2107-12-31-23-59-56
universe_mod_texts_ru.pak,Text/Game/Creatures/Creature_abilities/Random_caster/Random_caster_desc.txt,changed,texts.pak,262,2107-12-31-23-59-56
universe_mod_texts_ru.pak,Text/Game/Creatures/Creature_abilities/Random_Caster_Bless/Description.txt,changed,texts.pak,570,2107-12-31-23-59-56
universe_mod_texts_ru.pak,Text/Game/Creatures/Creature_abilities/Regeneration/Regeneration_desc.txt,changed,texts.pak,140,2107-12-31-23-59-56
universe_mod_texts_ru.pak,Text/Game/Creatures/Creature_abilities/Repair/Repair_desc.txt,changed,texts.pak,378,2107-12-31-23-59-56
universe_mod_texts_ru.pak,Text/Game/Creatures/Creature_abilities/Ressurected_allies/Ressurected_allies_desc.txt,changed,texts.pak,258,2107-12-31-23-59-56
universe_mod_texts_ru.pak,Text/Game/Creatures/Creature_abilities/RideByAttack/Description.txt,changed,texts.pak,322,2107-12-31-23-59-56
universe_mod_texts_ru.pak,Text/Game/Creatures/Creature_abilities/Sabotage/description.txt,changed,texts.pak,390,2107-12-31-23-59-56
universe_mod_texts_ru.pak,Text/Game/Creatures/Creature_abilities/Scatter_shot/Scatter_shot_desc.txt,changed,texts.pak,440,2107-12-31-23-59-56
universe_mod_texts_ru.pak,Text/Game/Creatures/Creature_abilities/Scavenger/description.txt,changed,texts.pak,340,2107-12-31-23-59-56
universe_mod_texts_ru.pak,Text/Game/Creatures/Creature_abilities/Searing_aura/description.txt,changed,texts.pak,352,2107-12-31-23-59-56
universe_mod_texts_ru.pak,Text/Game/Creatures/Creature_abilities/Seduce/description.txt,changed,a2p1-texts.pak,774,2107-12-31-23-59-56
universe_mod_texts_ru.pak,Text/Game/Creatures/Creature_abilities/Set_snares/description.txt,changed,texts.pak,1018,2107-12-31-23-59-56
universe_mod_texts_ru.pak,Text/Game/Creatures/Creature_abilities/Shield_wall/Shield_wall_desc.txt,changed,texts.pak,260,2107-12-31-23-59-56
universe_mod_texts_ru.pak,Text/Game/Creatures/Creature_abilities/Shooter/Shooter_desc.txt,changed,texts.pak,580,2107-12-31-23-59-56
universe_mod_texts_ru.pak,Text/Game/Creatures/Creature_abilities/Sleeping_Strike/Description.txt,changed,texts.pak,742,2107-12-31-23-59-56
universe_mod_texts_ru.pak,Text/Game/Creatures/Creature_abilities/Swallow_goblin/description.txt,changed,texts.pak,330,2107-12-31-23-59-56
universe_mod_texts_ru.pak,Text/Game/Creatures/Creature_abilities/Syphon_mana/description.txt,changed,texts.pak,412,2107-12-31-23-59-56
universe_mod_texts_ru.pak,Text/Game/Creatures/Creature_abilities/Take_roots/Take_roots_desc.txt,changed,texts.pak,406,2107-12-31-23-59-56
universe_mod_texts_ru.pak,Text/Game/Creatures/Creature_abilities/Treeant_union/description.txt,changed,texts.pak,476,2107-12-31-23-59-56
universe_mod_texts_ru.pak,Text/Game/Creatures/Creature_abilities/Venom/description.txt,changed,texts.pak,338,2107-12-31-23-59-56
universe_mod_texts_ru.pak,Text/Game/Creatures/Creature_abilities/Warding_arrows/Warding_arrows_desc.txt,changed,texts.pak,258,2107-12-31-23-59-56
universe_mod_texts_ru.pak,Text/Game/Creatures/Creature_abilities/Weakening_strike/Weakening_strike_desc.txt,changed,texts.pak,180,2107-12-31-23-59-56
universe_mod_texts_ru.pak,Text/Game/Creatures/Creature_abilities/Whip_strike/Whip_strike_desc.txt,changed,a2p1-texts.pak,436,2107-12-31-23-59-56
universe_mod_texts_ru.pak,Text/Game/Creatures/Dungeon/3rd/ShadowMistress_Desc.txt,changed,texts.pak,802,2107-12-31-23-59-56
universe_mod_texts_ru.pak,Text/Game/Creatures/Dungeon/MatriarchDescription.txt,changed,texts.pak,836,2107-12-31-23-59-56
universe_mod_texts_ru.pak,Text/Game/Creatures/Dungeon/MatronDescription.txt,changed,texts.pak,608,2107-12-31-23-59-56
universe_mod_texts_ru.pak,Text/Game/Creatures/Dwarf/3rd/FlameKeeper_Desc.txt,changed,texts.pak,634,2107-12-31-23-59-56
universe_mod_texts_ru.pak,Text/Game/Creatures/Dwarf/Flame_MageDiscription.txt,changed,texts.pak,568,2107-12-31-23-59-56
universe_mod_texts_ru.pak,Text/Game/Creatures/Dwarf/Rune_MageDiscription.txt,changed,texts.pak,788,2107-12-31-23-59-56
universe_mod_texts_ru.pak,Text/Game/Creatures/Haven/ClericDescription.txt,changed,texts.pak,862,2107-12-31-23-59-56
universe_mod_texts_ru.pak,Text/Game/Creatures/Haven/SeraphDescription.txt,changed,texts.pak,604,2107-12-31-23-59-56
universe_mod_texts_ru.pak,Text/Game/Creatures/Haven/ZealotDescription.txt,changed,texts.pak,654,2107-12-31-23-59-56
universe_mod_texts_ru.pak,Text/Game/Creatures/Inferno/BalorDescription.txt,changed,texts.pak,752,2107-12-31-23-59-56
universe_mod_texts_ru.pak,Text/Game/Creatures/Inferno/PitFiendDescription.txt,changed,texts.pak,486,2107-12-31-23-59-56
universe_mod_texts_ru.pak,Text/Game/Creatures/Necropolis/3rd/LichMaster_Desc.txt,changed,texts.pak,410,2107-12-31-23-59-56
universe_mod_texts_ru.pak,Text/Game/Creatures/Necropolis/Demilich_desc.txt,changed,texts.pak,576,2107-12-31-23-59-56
universe_mod_texts_ru.pak,Text/Game/Creatures/Neutrals/Mummy/description.txt,changed,texts.pak,626,2107-12-31-23-59-56
universe_mod_texts_ru.pak,Text/Game/Creatures/Neutrals/Water_ElementalDescription.txt,changed,texts.pak,742,2107-12-31-23-59-56
universe_mod_texts_ru.pak,Text/Game/Creatures/Orcs/3rd/CentaurMaradeur_Desc.txt,changed,texts.pak,924,2107-12-31-23-59-56
universe_mod_texts_ru.pak,Text/Game/Creatures/Orcs/3rd/CyclopBloodeyed_Desc.txt,changed,texts.pak,650,2107-12-31-23-59-56
universe_mod_texts_ru.pak,Text/Game/Creatures/Orcs/3rd/GoblinDefiler_Desc.txt,changed,texts.pak,1168,2107-12-31-23-59-56
universe_mod_texts_ru.pak,Text/Game/Creatures/Orcs/3rd/OrcchiefChieftain_Desc.txt,changed,texts.pak,1054,2107-12-31-23-59-56
universe_mod_texts_ru.pak,Text/Game/Creatures/Orcs/3rd/OrcWarmonger_Desc.txt,changed,texts.pak,844,2107-12-31-23-59-56
universe_mod_texts_ru.pak,Text/Game/Creatures/Orcs/3rd/ShamanHag_Desc.txt,changed,texts.pak,1186,2107-12-31-23-59-56
universe_mod_texts_ru.pak,Text/Game/Creatures/Orcs/3rd/WyvernPaokai_Desc.txt,changed,texts.pak,978,2107-12-31-23-59-56
universe_mod_texts_ru.pak,Text/Game/Creatures/Orcs/Centaur1_Desc.txt,changed,texts.pak,804,2107-12-31-23-59-56
universe_mod_texts_ru.pak,Text/Game/Creatures/Orcs/Centaur2_Desc.txt,changed,texts.pak,692,2107-12-31-23-59-56
universe_mod_texts_ru.pak,Text/Game/Creatures/Orcs/Cyclop1_Desc.txt,changed,texts.pak,1170,2107-12-31-23-59-56
universe_mod_texts_ru.pak,Text/Game/Creatures/Orcs/Cyclop2_Desc.txt,changed,texts.pak,1146,2107-12-31-23-59-56
universe_mod_texts_ru.pak,Text/Game/Creatures/Orcs/Goblin1_Desc.txt,changed,texts.pak,1132,2107-12-31-23-59-56
universe_mod_texts_ru.pak,Text/Game/Creatures/Orcs/Goblin2_Desc.txt,changed,texts.pak,1048,2107-12-31-23-59-56
universe_mod_texts_ru.pak,Text/Game/Creatures/Orcs/Orc1_Desc.txt,changed,texts.pak,940,2107-12-31-23-59-56
universe_mod_texts_ru.pak,Text/Game/Creatures/Orcs/Orc2_Desc.txt,changed,texts.pak,1412,2107-12-31-23-59-56
universe_mod_texts_ru.pak,Text/Game/Creatures/Orcs/OrcChief1_Desc.txt,changed,texts.pak,816,2107-12-31-23-59-56
universe_mod_texts_ru.pak,Text/Game/Creatures/Orcs/OrcChief2_Desc.txt,changed,texts.pak,1072,2107-12-31-23-59-56
universe_mod_texts_ru.pak,Text/Game/Creatures/Orcs/Shaman1_Desc.txt,changed,texts.pak,1100,2107-12-31-23-59-56
universe_mod_texts_ru.pak,Text/Game/Creatures/Orcs/Shaman2_Desc.txt,changed,texts.pak,1198,2107-12-31-23-59-56
universe_mod_texts_ru.pak,Text/Game/Creatures/Orcs/Wyvern1_Desc.txt,changed,texts.pak,1242,2107-12-31-23-59-56
universe_mod_texts_ru.pak,Text/Game/Creatures/Orcs/Wyvern2_Desc.txt,changed,texts.pak,1010,2107-12-31-23-59-56
universe_mod_texts_ru.pak,Text/Game/Creatures/Preserve/3rd/HighDruid_Desc.txt,changed,texts.pak,604,2107-12-31-23-59-56
universe_mod_texts_ru.pak,Text/Game/Creatures/Preserve/Druid_desc.txt,changed,texts.pak,518,2107-12-31-23-59-56
universe_mod_texts_ru.pak,Text/Game/Creatures/Preserve/Druid_Elder_desc.txt,changed,texts.pak,720,2107-12-31-23-59-56
universe_mod_texts_ru.pak,Text/Game/Creatures/Preserve/Sprite_desc.txt,changed,texts.pak,814,2107-12-31-23-59-56
universe_mod_texts_ru.pak,Text/Game/Heroes/Specializations/Academy/Feather_Mage/Description.txt,changed,texts.pak,102,2107-12-31-23-59-56
universe_mod_texts_ru.pak,Text/Game/Heroes/Specializations/Academy/Mentor/Description.txt,changed,texts.pak,254,2107-12-31-23-59-56
universe_mod_texts_ru.pak,Text/Game/Heroes/Specializations/Dungeon/Dark_Acolyte/Description.txt,changed,texts.pak,228,2107-12-31-23-59-56
universe_mod_texts_ru.pak,Text/Game/Heroes/Specializations/Dungeon/Evasive/Description.txt,changed,texts.pak,130,2107-12-31-23-59-56
universe_mod_texts_ru.pak,Text/Game/Heroes/Specializations/Dungeon/Matron_Salvo/Description.txt,changed,a2p1-texts.pak,410,2107-12-31-23-59-56
universe_mod_texts_ru.pak,Text/Game/Heroes/Specializations/Dungeon/Poisoner/Description.txt,changed,texts.pak,216,2107-12-31-23-59-56
universe_mod_texts_ru.pak,Text/Game/Heroes/Specializations/Fortress/Researcher/Description.txt,changed,texts.pak,218,2107-12-31-23-59-56
universe_mod_texts_ru.pak,Text/Game/Heroes/Specializations/Fortress/Sacred_Hammer/Description.txt,changed,texts.pak,350,2107-12-31-23-59-56
universe_mod_texts_ru.pak,Text/Game/Heroes/Specializations/Haven/Jouster/Description.txt,changed,texts.pak,458,2107-12-31-23-59-56
universe_mod_texts_ru.pak,Text/Game/Heroes/Specializations/Inferno/Bombardier/Description.txt,changed,texts.pak,368,2107-12-31-23-59-56
universe_mod_texts_ru.pak,Text/Game/Heroes/Specializations/Necropolis/Dark_Emissary/Description.txt,changed,texts.pak,156,2107-12-31-23-59-56
universe_mod_texts_ru.pak,Text/Game/Heroes/Specializations/Necropolis/Mind_Cleaner/Description.txt,changed,texts.pak,494,2107-12-31-23-59-56
universe_mod_texts_ru.pak,Text/Game/Skills/Common/DarkMagic/Pariah/Description.txt,changed,texts.pak,296,2107-12-31-23-59-56
universe_mod_texts_ru.pak,Text/Game/Skills/Common/DarkMagic/Payback/Description.txt,changed,texts.pak,370,2107-12-31-23-59-56
universe_mod_texts_ru.pak,Text/Game/Skills/Common/DarkMagic/SoilBurn/Description.txt,changed,texts.pak,230,2107-12-31-23-59-56
universe_mod_texts_ru.pak,Text/Game/Skills/Common/DarkMagic/SpiritLink/Description.txt,changed,texts.pak,348,2107-12-31-23-59-56
universe_mod_texts_ru.pak,Text/Game/Skills/Common/Defence/ChillingBones/Description.txt,changed,texts.pak,414,2107-12-31-23-59-56
universe_mod_texts_ru.pak,Text/Game/Skills/Common/Defence/DefendUsAll/Description.txt,changed,a2p1-texts.pak,232,2107-12-31-23-59-56
universe_mod_texts_ru.pak,Text/Game/Skills/Common/Defence/PowerOfStone/Description.txt,changed,texts.pak,190,2107-12-31-23-59-56
universe_mod_texts_ru.pak,Text/Game/Skills/Common/DestructiveMagic/DeadlyCold/Description.txt,changed,texts.pak,412,2107-12-31-23-59-56
universe_mod_texts_ru.pak,Text/Game/Skills/Common/DestructiveMagic/MasterOfIce/Description.txt,changed,texts.pak,518,2107-12-31-23-59-56
universe_mod_texts_ru.pak,Text/Game/Skills/Common/DestructiveMagic/MasterOfLightnings/Description.txt,changed,texts.pak,266,2107-12-31-23-59-56
universe_mod_texts_ru.pak,Text/Game/Skills/Common/Leadership/Encourage/Description.txt,changed,texts.pak,250,2107-12-31-23-59-56
universe_mod_texts_ru.pak,Text/Game/Skills/Common/Leadership/ForestGuardEmblem/Description.txt,changed,a2p1-texts.pak,306,2107-12-31-23-59-56
universe_mod_texts_ru.pak,Text/Game/Skills/Common/Learning/TapRunes/Description.txt,changed,texts.pak,250,2107-12-31-23-59-56
universe_mod_texts_ru.pak,Text/Game/Skills/Common/LightMagic/FireProtection/Description.txt,changed,texts.pak,190,2107-12-31-23-59-56
universe_mod_texts_ru.pak,Text/Game/Skills/Common/LightMagic/GuardianAngel/Description.txt,changed,texts.pak,332,2107-12-31-23-59-56
universe_mod_texts_ru.pak,Text/Game/Skills/Common/LightMagic/Twilight/Description.txt,changed,texts.pak,176,2107-12-31-23-59-56
universe_mod_texts_ru.pak,Text/Game/Skills/Common/Logistics/PathOfWar/Description.txt,changed,a2p1-texts.pak,154,2107-12-31-23-59-56
universe_mod_texts_ru.pak,Text/Game/Skills/Common/Logistics/QuicknessOfMind/Description.txt,changed,texts.pak,90,2107-12-31-23-59-56
universe_mod_texts_ru.pak,Text/Game/Skills/Common/Logistics/Snatch/Description.txt,changed,texts.pak,340,2107-12-31-23-59-56
universe_mod_texts_ru.pak,Text/Game/Skills/Common/Logistics/TeleportAssault/Description.txt,changed,texts.pak,244,2107-12-31-23-59-56
universe_mod_texts_ru.pak,Text/Game/Skills/Common/Luck/DwarvenLuck/Description.txt,changed,texts.pak,182,2107-12-31-23-59-56
universe_mod_texts_ru.pak,Text/Game/Skills/Common/Luck/ElvenLuck/Description.txt,changed,texts.pak,114,2107-12-31-23-59-56
universe_mod_texts_ru.pak,Text/Game/Skills/Common/Luck/LuckyStrike/Description.txt,changed,texts.pak,364,2107-12-31-23-59-56
universe_mod_texts_ru.pak,Text/Game/Skills/Common/Offence/CriticalStrike/Description.txt,changed,texts.pak,96,2107-12-31-23-59-56
universe_mod_texts_ru.pak,Text/Game/Skills/Common/Offence/PowerOfHaste/Description.txt,changed,texts.pak,182,2107-12-31-23-59-56
universe_mod_texts_ru.pak,Text/Game/Skills/Common/Offence/Retribution/Description.txt,changed,texts.pak,292,2107-12-31-23-59-56
universe_mod_texts_ru.pak,Text/Game/Skills/Common/Offence/StunningBlow/Description.txt,changed,a2p1-texts.pak,112,2107-12-31-23-59-56
universe_mod_texts_ru.pak,Text/Game/Skills/Common/Offence/Tactics/Description.txt,changed,texts.pak,280,2107-12-31-23-59-56
universe_mod_texts_ru.pak,Text/Game/Skills/Common/Sorcery/Counterspell/Description.txt,changed,texts.pak,434,2107-12-31-23-59-56
universe_mod_texts_ru.pak,Text/Game/Skills/Common/Sorcery/Distract/Description.txt,changed,texts.pak,168,2107-12-31-23-59-56
universe_mod_texts_ru.pak,Text/Game/Skills/Common/SummoningMagic/HauntMine/Description.txt,changed,texts.pak,164,2107-12-31-23-59-56
universe_mod_texts_ru.pak,Text/Game/Skills/Common/WarMachines/ImbueBallista/Description.txt,changed,texts.pak,506,2107-12-31-23-59-56
universe_mod_texts_ru.pak,Text/Game/Skills/Common/WarMachines/RemoteControl/Description.txt,changed,texts.pak,276,2107-12-31-23-59-56
universe_mod_texts_ru.pak,Text/Game/Skills/Unique/Artificer/MagicBond/Description.txt,changed,texts.pak,952,2107-12-31-23-59-56
universe_mod_texts_ru.pak,Text/Game/Skills/Unique/Artificer/MagicMirror/Description.txt,changed,texts.pak,318,2107-12-31-23-59-56
universe_mod_texts_ru.pak,Text/Game/Skills/Unique/Artificer/MeltArtifact/Description.txt,changed,texts.pak,330,2107-12-31-23-59-56
universe_mod_texts_ru.pak,Text/Game/Skills/Unique/Avenger/1/Description.txt,changed,texts.pak,608,2107-12-31-23-59-56
universe_mod_texts_ru.pak,Text/Game/Skills/Unique/Avenger/2/Description.txt,changed,texts.pak,604,2107-12-31-23-59-56
universe_mod_texts_ru.pak,Text/Game/Skills/Unique/Avenger/3/Description.txt,changed,texts.pak,604,2107-12-31-23-59-56
universe_mod_texts_ru.pak,Text/Game/Skills/Unique/Avenger/4/Description.txt,changed,texts.pak,610,2107-12-31-23-59-56
universe_mod_texts_ru.pak,Text/Game/Skills/Unique/Avenger/ImbueArrow/Description.txt,changed,texts.pak,744,2107-12-31-23-59-56
universe_mod_texts_ru.pak,Text/Game/Skills/Unique/Avenger/SnipeDead/Description.txt,changed,texts.pak,414,2107-12-31-23-59-56
universe_mod_texts_ru.pak,Text/Game/Skills/Unique/DemonicRage/MightOverMagic/Description.txt,changed,texts.pak,208,2107-12-31-23-59-56
universe_mod_texts_ru.pak,Text/Game/Skills/Unique/DemonicRage/PowerfullBlow/Description.txt,changed,a2p1-texts.pak,458,2107-12-31-23-59-56
universe_mod_texts_ru.pak,Text/Game/Skills/Unique/Gating/ConsumeCorpse/Description.txt,changed,texts.pak,326,2107-12-31-23-59-56
universe_mod_texts_ru.pak,Text/Game/Skills/Unique/Gating/DemonicFire/Description.txt,changed,texts.pak,448,2107-12-31-23-59-56
universe_mod_texts_ru.pak,Text/Game/Skills/Unique/Gating/DemonicStrike/Description.txt,changed,texts.pak,512,2107-12-31-23-59-56
universe_mod_texts_ru.pak,Text/Game/Skills/Unique/Invocation/1/Description.txt,changed,texts.pak,380,2107-12-31-23-59-56
universe_mod_texts_ru.pak,Text/Game/Skills/Unique/Invocation/2/Description.txt,changed,texts.pak,378,2107-12-31-23-59-56
universe_mod_texts_ru.pak,Text/Game/Skills/Unique/Invocation/3/Description.txt,changed,texts.pak,378,2107-12-31-23-59-56
universe_mod_texts_ru.pak,Text/Game/Skills/Unique/Invocation/4/Description.txt,changed,texts.pak,394,2107-12-31-23-59-56
universe_mod_texts_ru.pak,Text/Game/Skills/Unique/Necromancy/4/Description.txt,changed,texts.pak,550,2107-12-31-23-59-56
universe_mod_texts_ru.pak,Text/Game/Skills/Unique/Necromancy/DeathScream/Description.txt,changed,texts.pak,432,2107-12-31-23-59-56
universe_mod_texts_ru.pak,Text/Game/Skills/Unique/Necromancy/NoRestForTheWicked/Description.txt,changed,texts.pak,238,2107-12-31-23-59-56
universe_mod_texts_ru.pak,Text/Game/Skills/Unique/Runelore/RefreshRune/Description.txt,changed,texts.pak,202,2107-12-31-23-59-56
universe_mod_texts_ru.pak,Text/Game/Skills/Unique/Runelore/StrongRune/Description.txt,changed,texts.pak,188,2107-12-31-23-59-56
universe_mod_texts_ru.pak,Text/Game/Skills/Unique/Training/HolyCharge/Description.txt,changed,texts.pak,376,2107-12-31-23-59-56
universe_mod_texts_ru.pak,Text/Game/Skills/Unique/Training/Prayer/Description.txt,changed,texts.pak,450,2107-12-31-23-59-56
universe_mod_texts_ru.pak,Text/Game/Spells/Combat/Chain_Lightning/Long_Description.txt,changed,texts.pak,464,2107-12-31-23-59-56
universe_mod_texts_ru.pak,Text/Game/Spells/Combat/Chain_Lightning/Name.txt,same,texts.pak,24,2107-12-31-23-59-56
universe_mod_texts_ru.pak,Text/Game/Spells/Combat/Chain_Lightning/ThisIsAName.txt,same,texts.pak,60,2107-12-31-23-59-56
universe_mod_texts_ru.pak,Text/Game/Spells/Creature_Abilities/Inferno/Leap/Description.txt,changed,texts.pak,412,2107-12-31-23-59-56
universe_mod_texts_ru.pak,Text/Game/Spells/Hero_Special_Abilities/Warcry_BattleCry/Description.txt,changed,texts.pak,348,2107-12-31-23-59-56
universe_mod_texts_ru.pak,Text/Game/Spells/Hero_Special_Abilities/Warcry_BattleCry/SpellBookPrediction.txt,changed,texts.pak,76,2107-12-31-23-59-56
universe_mod_texts_ru.pak,Text/Game/Spells/Hero_Special_Abilities/Warcry_CallOfBlood/Description.txt,changed,texts.pak,280,2107-12-31-23-59-56
universe_mod_texts_ru.pak,Text/Game/Spells/Hero_Special_Abilities/Warcry_CallOfBlood/SpellBookPrediction.txt,changed,texts.pak,78,2107-12-31-23-59-56
universe_mod_texts_ru.pak,Text/Game/Spells/Hero_Special_Abilities/Warcry_FearMyRoar/Description.txt,changed,texts.pak,704,2107-12-31-23-59-56
universe_mod_texts_ru.pak,Text/Game/Spells/Hero_Special_Abilities/Warcry_FearMyRoar/SpellBookPrediction.txt,changed,texts.pak,76,2107-12-31-23-59-56
universe_mod_texts_ru.pak,Text/Game/Spells/Hero_Special_Abilities/Warcry_RallingCry/Description.txt,changed,texts.pak,438,2107-12-31-23-59-56
universe_mod_texts_ru.pak,Text/Game/Spells/Hero_Special_Abilities/Warcry_RallingCry/SpellBookPrediction.txt,changed,texts.pak,164,2107-12-31-23-59-56
universe_mod_texts_ru.pak,Text/Game/Spells/Hero_Special_Abilities/Warcry_ShoutOfMany/Description.txt,changed,texts.pak,392,2107-12-31-23-59-56
universe_mod_texts_ru.pak,Text/Game/Spells/Hero_Special_Abilities/Warcry_ShoutOfMany/SpellBookPrediction.txt,changed,texts.pak,146,2107-12-31-23-59-56
universe_mod_texts_ru.pak,Text/Game/Spells/Hero_Special_Abilities/Warcry_WordOfTheChief/Description.txt,changed,texts.pak,522,2107-12-31-23-59-56
universe_mod_texts_ru.pak,Text/Game/Spells/Hero_Special_Abilities/Warcry_WordOfTheChief/SpellBookPrediction.txt,changed,texts.pak,152,2107-12-31-23-59-56
universe_mod_texts_ru.pak,Text/Game/TownBuildings/Dungeon/Special_3/Desc.txt,changed,texts.pak,234,2107-12-31-23-59-56
universe_mod_texts_ru.pak,Text/Game/Creatures/Creature_abilities/War_dance_combo/War_dance_combo_desc.txt,changed,texts.pak,148,2107-12-31-23-59-56
universe_mod_texts_ru.pak,GameMechanics/RPGStats/ArtifactSets/Necromancers_Desc2_Necromancer.txt,changed,texts.pak,158,2107-12-31-23-59-56
universe_mod_texts_ru.pak,Text/Game/Artifacts/ScrollOfSpell/Description.txt,changed,texts.pak,132,2107-12-31-23-59-56
universe_mod_texts_ru.pak,Text/Game/Creatures/Creature_abilities/Weakening_Aura/description.txt,changed,texts.pak,346,2107-12-31-23-59-56
universe_mod_texts_ru.pak,Text/Game/Spells/Adventure/Summon_Creatures/Long_Description.txt,changed,texts.pak,376,2107-12-31-23-59-56
universe_mod_texts_ru.pak,GameMechanics/Spell/Script_Abilities/Custom1/Name.txt,changed,texts.pak,52,2107-12-31-23-59-56
universe_mod_texts_ru.pak,GameMechanics/Spell/Script_Abilities/Custom2/Name.txt,changed,texts.pak,52,2107-12-31-23-59-56
universe_mod_texts_ru.pak,GameMechanics/Spell/Script_Abilities/Custom3/Name.txt,changed,texts.pak,52,2107-12-31-23-59-56
universe_mod_texts_ru.pak,GameMechanics/Spell/Script_Abilities/Custom4/Name.txt,changed,texts.pak,52,2107-12-31-23-59-56
universe_mod_texts_ru.pak,Text/scripts/universe/castle_capture/final_battle_countdown.txt,added,,314,2107-12-31-23-59-56
universe_mod_texts_ru.pak,Text/scripts/universe/castle_capture/town_captured_by_opponent.txt,added,,308,2107-12-31-23-59-56
universe_mod_texts_ru.pak,Text/scripts/universe/castle_capture/town_captured_by_player.txt,added,,208,2107-12-31-23-59-56
universe_mod_texts_ru.pak,Text/scripts/universe/final_battle/timer.txt,added,,120,2107-12-31-23-59-56
universe_mod_texts_ru.pak,Text/scripts/universe/gm_rebuild/not_enough_resources.txt,added,,444,2107-12-31-23-59-56
universe_mod_texts_ru.pak,Text/scripts/universe/gm_rebuild/not_enough_resources_warcries.txt,added,,446,2107-12-31-23-59-56
universe_mod_texts_ru.pak,Text/scripts/universe/gm_rebuild/res_info.txt,added,,70,2107-12-31-23-59-56
universe_mod_texts_ru.pak,Text/scripts/universe/gm_rebuild/wanna_rebuild.txt,added,,424,2107-12-31-23-59-56
universe_mod_texts_ru.pak,Text/scripts/universe/gm_rebuild/wanna_rebuild_warcries.txt,added,,440,2107-12-31-23-59-56
universe_mod_texts_ru.pak,Text/scripts/universe/misc/already_visited.txt,added,,30,2107-12-31-23-59-56
universe_mod_texts_ru.pak,Text/scripts/universe/misc/bank_guarded.txt,added,,102,2107-12-31-23-59-56
universe_mod_texts_ru.pak,Text/scripts/universe/misc/guards_data.txt,added,,314,2107-12-31-23-59-56
universe_mod_texts_ru.pak,Text/scripts/universe/misc/no_runes_to_learn.txt,added,,156,2107-12-31-23-59-56
universe_mod_texts_ru.pak,Text/scripts/universe/misc/no_spells_to_learn.txt,added,,168,2107-12-31-23-59-56
universe_mod_texts_ru.pak,Text/scripts/universe/misc/no_towns.txt,added,,94,2107-12-31-23-59-56
universe_mod_texts_ru.pak,Text/scripts/universe/misc/no_warcries_to_learn.txt,added,,172,2107-12-31-23-59-56
universe_mod_texts_ru.pak,Text/scripts/universe/misc/only_dwarves.txt,added,,100,2107-12-31-23-59-56
universe_mod_texts_ru.pak,Text/scripts/universe/misc/pandora_art.txt,added,,58,2107-12-31-23-59-56
universe_mod_texts_ru.pak,Text/scripts/universe/misc/pandora_arts.txt,added,,62,2107-12-31-23-59-56
universe_mod_texts_ru.pak,Text/scripts/universe/misc/pandora_spell.txt,added,,64,2107-12-31-23-59-56
universe_mod_texts_ru.pak,Text/scripts/universe/misc/pandora_spells.txt,added,,64,2107-12-31-23-59-56
universe_mod_texts_ru.pak,Text/scripts/universe/misc/pandora_spells_no.txt,added,,188,2107-12-31-23-59-56
universe_mod_texts_ru.pak,Text/scripts/universe/misc/rune.txt,added,,54,2107-12-31-23-59-56
universe_mod_texts_ru.pak,Text/scripts/universe/misc/runes.txt,added,,54,2107-12-31-23-59-56
universe_mod_texts_ru.pak,Text/scripts/universe/misc/spell_learned.txt,added,,70,2107-12-31-23-59-56
universe_mod_texts_ru.pak,Text/scripts/universe/misc/stack_info.txt,added,,146,2107-12-31-23-59-56
universe_mod_texts_ru.pak,Text/scripts/universe/misc/use_town_portal.txt,added,,652,2107-12-31-23-59-56
universe_mod_texts_ru.pak,Text/Universe_mod/Buildings/DwarvenCareer/Description.txt,added,,120,2107-12-31-23-59-56
universe_mod_texts_ru.pak,Text/Universe_mod/Buildings/DwarvenCareer/Name.txt,added,,38,2107-12-31-23-59-56
universe_mod_texts_ru.pak,Text/Universe_mod/Buildings/OreShelter/Description.txt,added,,108,2107-12-31-23-59-56
universe_mod_texts_ru.pak,Text/Universe_mod/Buildings/OreShelter/Name.txt,added,,22,2107-12-31-23-59-56
universe_mod_texts_ru.pak,Text/Universe_mod/Buildings/PortalGates/GatesDesc.txt,added,,476,2107-12-31-23-59-56
universe_mod_texts_ru.pak,Text/Universe_mod/Buildings/PortalGates/GatesName.txt,added,,36,2107-12-31-23-59-56
universe_mod_texts_ru.pak,Text/Universe_mod/Buildings/RunicChest/Description.txt,added,,206,2107-12-31-23-59-56
universe_mod_texts_ru.pak,Text/Universe_mod/Buildings/RunicChest/Name.txt,added,,36,2107-12-31-23-59-56
universe_mod_texts_ru.pak,Text/Universe_mod/Buildings/TamerHut/Description.txt,added,,126,2107-12-31-23-59-56
universe_mod_texts_ru.pak,Text/Universe_mod/Buildings/TamerHut/Name.txt,added,,36,2107-12-31-23-59-56
universe_mod_texts_ru.pak,Text/Universe_mod/Buildings/ValueChest/ArtsDesc.txt,added,,58,2107-12-31-23-59-56
universe_mod_texts_ru.pak,Text/Universe_mod/Buildings/ValueChest/ArtsName.txt,added,,42,2107-12-31-23-59-56
universe_mod_texts_ru.pak,Text/Universe_mod/Buildings/ValueChest/DefaultDesc.txt,added,,74,2107-12-31-23-59-56
universe_mod_texts_ru.pak,Text/Universe_mod/Buildings/ValueChest/DefaultName.txt,added,,34,2107-12-31-23-59-56
universe_mod_texts_ru.pak,Text/Universe_mod/Buildings/ValueChest/ExpDesc.txt,added,,102,2107-12-31-23-59-56
universe_mod_texts_ru.pak,Text/Universe_mod/Buildings/ValueChest/ExpName.txt,added,,56,2107-12-31-23-59-56
universe_mod_texts_ru.pak,Text/Universe_mod/Buildings/ValueChest/GoldDesc.txt,added,,84,2107-12-31-23-59-56
universe_mod_texts_ru.pak,Text/Universe_mod/Buildings/ValueChest/GoldName.txt,added,,54,2107-12-31-23-59-56
universe_mod_texts_ru.pak,Text/Universe_mod/Buildings/ValueChest/ResourceDesc.txt,added,,112,2107-12-31-23-59-56
universe_mod_texts_ru.pak,Text/Universe_mod/Buildings/ValueChest/ResourceName.txt,added,,38,2107-12-31-23-59-56
universe_mod_texts_ru.pak,Text/Universe_mod/Buildings/ValueChest/SpellsDesc.txt,added,,70,2107-12-31-23-59-56
universe_mod_texts_ru.pak,Text/Universe_mod/Buildings/ValueChest/SpellsName.txt,added,,36,2107-12-31-23-59-56
universe_mod_texts_ru.pak,Text/Universe_mod/Buildings/WoodShelter/Description.txt,added,,118,2107-12-31-23-59-56
universe_mod_texts_ru.pak,Text/Universe_mod/Buildings/WoodShelter/Name.txt,added,,32,2107-12-31-23-59-56
universe_mod_texts_ru.pak,Text/Universe_mod/MJO/SpecialTowers/AcademyTower_04_Name.txt,added,,34,2107-12-31-23-59-56
universe_mod_texts_ru.pak,Text/Universe_mod/MJO/SpecialTowers/AcademyTower_05_Name.txt,added,,28,2107-12-31-23-59-56
universe_mod_texts_ru.pak,Text/Universe_mod/MJO/SpecialTowers/AcademyTower_06_Name.txt,added,,28,2107-12-31-23-59-56
universe_mod_texts_ru.pak,Text/Universe_mod/MJO/SpecialTowers/AcademyTower_07_Name.txt,added,,30,2107-12-31-23-59-56
universe_mod_texts_ru.pak,Text/Universe_mod/MJO/SpecialTowers/AcademyTower_Desc.txt,added,,144,2107-12-31-23-59-56
universe_mod_texts_ru.pak,Text/Universe_mod/MJO/SpecialTowers/DungeonTower_04_Name.txt,added,,26,2107-12-31-23-59-56
universe_mod_texts_ru.pak,Text/Universe_mod/MJO/SpecialTowers/DungeonTower_05_Name.txt,added,,54,2107-12-31-23-59-56
universe_mod_texts_ru.pak,Text/Universe_mod/MJO/SpecialTowers/DungeonTower_06_Name.txt,added,,52,2107-12-31-23-59-56
universe_mod_texts_ru.pak,Text/Universe_mod/MJO/SpecialTowers/DungeonTower_07_Name.txt,added,,50,2107-12-31-23-59-56
universe_mod_texts_ru.pak,Text/Universe_mod/MJO/SpecialTowers/DungeonTower_Desc.txt,added,,144,2107-12-31-23-59-56
universe_mod_texts_ru.pak,Text/Universe_mod/MJO/SpecialTowers/DwarfTower_04_Name.txt,added,,34,2107-12-31-23-59-56
universe_mod_texts_ru.pak,Text/Universe_mod/MJO/SpecialTowers/DwarfTower_05_Name.txt,added,,34,2107-12-31-23-59-56
universe_mod_texts_ru.pak,Text/Universe_mod/MJO/SpecialTowers/DwarfTower_06_Name.txt,added,,40,2107-12-31-23-59-56
universe_mod_texts_ru.pak,Text/Universe_mod/MJO/SpecialTowers/DwarfTower_07_Name.txt,added,,48,2107-12-31-23-59-56
universe_mod_texts_ru.pak,Text/Universe_mod/MJO/SpecialTowers/DwarfTower_Desc.txt,added,,144,2107-12-31-23-59-56
universe_mod_texts_ru.pak,Text/Universe_mod/MJO/SpecialTowers/ElvenTower_04_Name.txt,added,,34,2107-12-31-23-59-56
universe_mod_texts_ru.pak,Text/Universe_mod/MJO/SpecialTowers/ElvenTower_05_Name.txt,added,,56,2107-12-31-23-59-56
universe_mod_texts_ru.pak,Text/Universe_mod/MJO/SpecialTowers/ElvenTower_06_Name.txt,added,,62,2107-12-31-23-59-56
universe_mod_texts_ru.pak,Text/Universe_mod/MJO/SpecialTowers/ElvenTower_07_Name.txt,added,,46,2107-12-31-23-59-56
universe_mod_texts_ru.pak,Text/Universe_mod/MJO/SpecialTowers/ElvenTower_Desc.txt,added,,144,2107-12-31-23-59-56
universe_mod_texts_ru.pak,Text/Universe_mod/MJO/SpecialTowers/HavenTower_04_Name.txt,added,,26,2107-12-31-23-59-56
universe_mod_texts_ru.pak,Text/Universe_mod/MJO/SpecialTowers/HavenTower_05_Name.txt,added,,48,2107-12-31-23-59-56
universe_mod_texts_ru.pak,Text/Universe_mod/MJO/SpecialTowers/HavenTower_06_Name.txt,added,,42,2107-12-31-23-59-56
universe_mod_texts_ru.pak,Text/Universe_mod/MJO/SpecialTowers/HavenTower_07_Name.txt,added,,36,2107-12-31-23-59-56
universe_mod_texts_ru.pak,Text/Universe_mod/MJO/SpecialTowers/HavenTower_Desc.txt,added,,144,2107-12-31-23-59-56
universe_mod_texts_ru.pak,Text/Universe_mod/MJO/SpecialTowers/InfernoTower_04_Name.txt,added,,28,2107-12-31-23-59-56
universe_mod_texts_ru.pak,Text/Universe_mod/MJO/SpecialTowers/InfernoTower_05_Name.txt,added,,50,2107-12-31-23-59-56
universe_mod_texts_ru.pak,Text/Universe_mod/MJO/SpecialTowers/InfernoTower_06_Name.txt,added,,46,2107-12-31-23-59-56
universe_mod_texts_ru.pak,Text/Universe_mod/MJO/SpecialTowers/InfernoTower_07_Name.txt,added,,42,2107-12-31-23-59-56
universe_mod_texts_ru.pak,Text/Universe_mod/MJO/SpecialTowers/InfernoTower_Desc.txt,added,,144,2107-12-31-23-59-56
universe_mod_texts_ru.pak,Text/Universe_mod/MJO/SpecialTowers/NecropolisTower_04_Name.txt,added,,38,2107-12-31-23-59-56
universe_mod_texts_ru.pak,Text/Universe_mod/MJO/SpecialTowers/NecropolisTower_05_Name.txt,added,,58,2107-12-31-23-59-56
universe_mod_texts_ru.pak,Text/Universe_mod/MJO/SpecialTowers/NecropolisTower_06_Name.txt,added,,64,2107-12-31-23-59-56
universe_mod_texts_ru.pak,Text/Universe_mod/MJO/SpecialTowers/NecropolisTower_07_Name.txt,added,,62,2107-12-31-23-59-56
universe_mod_texts_ru.pak,Text/Universe_mod/MJO/SpecialTowers/NecropolisTower_Desc.txt,added,,144,2107-12-31-23-59-56
universe_mod_texts_ru.pak,Text/Universe_mod/MJO/SpecialTowers/OrcsTower_04_Name.txt,added,,34,2107-12-31-23-59-56
universe_mod_texts_ru.pak,Text/Universe_mod/MJO/SpecialTowers/OrcsTower_05_Name.txt,added,,52,2107-12-31-23-59-56
universe_mod_texts_ru.pak,Text/Universe_mod/MJO/SpecialTowers/OrcsTower_06_Name.txt,added,,48,2107-12-31-23-59-56
universe_mod_texts_ru.pak,Text/Universe_mod/MJO/SpecialTowers/OrcsTower_07_Name.txt,added,,52,2107-12-31-23-59-56
universe_mod_texts_ru.pak,Text/Universe_mod/MJO/SpecialTowers/OrcsTower_Desc.txt,added,,144,2107-12-31-23-59-56
universe_mod_texts_ru.pak,Text/Universe_mod/MysteryBox/MysteryBoxDesc.txt,added,,8,2107-12-31-23-59-56
universe_mod_texts_ru.pak,Text/Universe_mod/MysteryBox/MysteryBoxName.txt,added,,36,2107-12-31-23-59-56
universe_mod_texts_ru.pak,Text/Universe_mod/MysteryBox/MysteryPrison/AllMobs.txt,added,,40,2107-12-31-23-59-56
universe_mod_texts_ru.pak,Text/Universe_mod/MysteryBox/MysteryPrison/Description_Text.txt,added,,154,2107-12-31-23-59-56
universe_mod_texts_ru.pak,Text/Universe_mod/MysteryBox/MysteryPrison/Neutrals.txt,added,,30,2107-12-31-23-59-56
universe_mod_texts_ru.pak,UI/TownBuildNew/Texts/limit_upgrade.txt,changed,texts.pak,84,2107-12-31-23-59-56
universe_mod_texts_ru.pak,UI/HeroScreen3/HeroArmy/LeftTooltip.txt,added,,170,2107-12-31-23-59-56
universe_mod_texts_ru.pak,UI/HeroScreen3/HeroArmy/RightTooltip.txt,added,,174,2107-12-31-23-59-56
universe_mod_texts_ru.pak,UI/HeroScreen3/HeroArmy/SwapTooltip.txt,added,,152,2107-12-31-23-59-56
universe_mod_texts_ru.pak,UI/HeroScreen3/Inventory/LeftTooltip1.txt,added,,174,2107-12-31-23-59-56
universe_mod_texts_ru.pak,UI/HeroScreen3/Inventory/LeftTooltip2.txt,added,,172,2107-12-31-23-59-56
universe_mod_texts_ru.pak,UI/HeroScreen3/Inventory/RightTooltip1.txt,added,,178,2107-12-31-23-59-56
universe_mod_texts_ru.pak,UI/HeroScreen3/Inventory/RightTooltip2.txt,added,,176,2107-12-31-23-59-56
universe_mod_texts_ru.pak,UI/HeroScreen3/Inventory/SwapTooltip.txt,added,,170,2107-12-31-23-59-56
universe_mod_texts_ru.pak,UI/HeroScreen3/Inventory/UnequipTooltip1.txt,added,,138,2107-12-31-23-59-56
universe_mod_texts_ru.pak,UI/HeroScreen3/Inventory/UnequipTooltip2.txt,added,,140,2107-12-31-23-59-56
universe_mod_texts_ru.pak,Text/Game/Creatures/Creature_abilities/Sorrow_strike/Description.txt,changed,a2p1-texts.pak,230,2107-12-31-23-59-56
universe_mod_texts_ru.pak,UI/CombatScreen-Heavy/DenyDuelPlacementText.txt,added,,232,2107-12-31-23-59-56
universe_mod_texts_ru.pak,UI/CombatScreen-Heavy/DenyDuelPlacementTitle.txt,added,,30,2107-12-31-23-59-56
universe_mod_texts_ru.pak,Text/Game/Heroes/Specializations/Haven/Expediter/Description.txt,changed,texts.pak,170,2107-12-31-23-59-56
universe_mod_texts_ru.pak,UI/CreatureInfo/CreatureInfoWindow/tooltip_luck.txt,changed,texts.pak,134,2107-12-31-23-59-56
universe_mod_texts_ru.pak,UI/CreatureInfo/CreatureInfoWindow/tooltip_morale.txt,changed,texts.pak,402,2107-12-31-23-59-56
universe_mod_texts_ru.pak,Text/Game/Artifacts/Ring_of_haste/Description.txt,changed,texts.pak,118,2107-12-31-23-59-56
universe_mod_texts_ru.pak,Text/Game/Artifacts/Staff_of_vexing/Description.txt,changed,texts.pak,94,2107-12-31-23-59-56
universe_mod_texts_ru.pak,Text/Game/Artifacts/Ring_of_Celerity/Description.txt,changed,texts.pak,112,2107-12-31-23-59-56
universe_mod_texts_ru.pak,Text/Game/Artifacts/Dragon_eye_ring/Description.txt,changed,a2p1-texts.pak,210,2107-12-31-23-59-56
universe_mod_texts_ru.pak,Text/Game/Skills/Common/LightMagic/StormWind/Description.txt,changed,texts.pak,282,2107-12-31-23-59-56
universe_mod_texts_ru.pak,UI/HotSeat/Options/timelimit_tooltip.txt,changed,texts.pak,84,2107-12-31-23-59-56
universe_mod_texts_ru.pak,UI/HotSeat/Options/TimeLimitValue.txt,changed,texts.pak,154,2107-12-31-23-59-56
universe_mod_texts_ru.pak,UI/HotSeat/Options/Universe_DayTimer_Tooltip.txt,added,,142,2107-12-31-23-59-56
universe_mod_texts_ru.pak,UI/HotSeat/Options/Universe_DayTimer_Value.txt,added,,166,2107-12-31-23-59-56
universe_mod_texts_ru.pak,UI/HotSeat/Options/Universe_FightTimer_Tooltip.txt,added,,174,2107-12-31-23-59-56
universe_mod_texts_ru.pak,UI/HotSeat/Options/Universe_FightTimer_Value.txt,added,,162,2107-12-31-23-59-56
universe_mod_texts_ru.pak,UI/MPCreate/Options/TimeLimit.txt,changed,texts.pak,124,2107-12-31-23-59-56
universe_mod_texts_ru.pak,UI/MPCreate/Options/TimeLimit_tooltip.txt,changed,texts.pak,176,2107-12-31-23-59-56
universe_mod_texts_ru.pak,UI/MPCreate/Options/TimeLimitNoLimit.txt,changed,texts.pak,98,2107-12-31-23-59-56
universe_mod_texts_ru.pak,UI/MPCreate/Universe_DayTimer_Tooltip.txt,added,,142,2107-12-31-23-59-56
universe_mod_texts_ru.pak,UI/MPCreate/Universe_DayTimer_Value.txt,added,,166,2107-12-31-23-59-56
universe_mod_texts_ru.pak,UI/MPCreate/Universe_FightTimer_Tooltip.txt,added,,174,2107-12-31-23-59-56
universe_mod_texts_ru.pak,UI/MPCreate/Universe_FightTimer_Value.txt,added,,162,2107-12-31-23-59-56
universe_mod_texts_ru.pak,UI/MPWait/MapDescription/TEXTS/time_limit_name.txt,changed,texts.pak,36,2107-12-31-23-59-56
universe_mod_texts_ru.pak,UI/MPWait/MapDescription/TEXTS/universe_combat_bonus_name.txt,added,,32,2107-12-31-23-59-56
universe_mod_texts_ru.pak,UI/MPWait/MapDescription/TEXTS/universe_daily_bonus_name.txt,added,,36,2107-12-31-23-59-56
universe_mod_texts_ru.pak,UI/Consts/GameOptions/UniverseVictoryCelebration/Name.txt,added,,40,2107-12-31-23-59-56
universe_mod_texts_ru.pak,UI/Consts/GameOptions/UniverseVictoryCelebration/Tooltip.txt,added,,134,2107-12-31-23-59-56
universe_mod_texts_ru.pak,UI/Consts/GameOptions/UniverseAdventureMapGrid/Name.txt,added,,34,2107-12-31-23-59-56
universe_mod_texts_ru.pak,UI/Consts/GameOptions/UniverseAdventureMapGrid/Tooltip.txt,added,,84,2107-12-31-23-59-56
universe_mod_texts_ru.pak,UI/MPCreate/Universe_FightTimer.(WindowSimple).xdb,added,,1139,2107-12-31-23-59-56
universe_mod_texts_ru.pak,Text/Universe_mod/Buildings/HandOfLife/Description.txt,added,,50,2107-12-31-23-59-56
universe_mod_texts_ru.pak,Text/Universe_mod/Buildings/HandOfLife/Name.txt,added,,24,2107-12-31-23-59-56
universe_mod_texts_ru.pak,Text/scripts/universe/HandOfLife/already_used.txt,added,,120,2107-12-31-23-59-56
universe_mod_texts_ru.pak,Text/scripts/universe/HandOfLife/wanna_use.txt,added,,166,2107-12-31-23-59-56
universe_mod_texts_ru.pak,UI/CombatScreen-Heavy/Texts.(WindowRelatedTexts).xdb,changed,data.pak,2413,2107-12-31-23-59-56
universe_mod_texts_ru.pak,UI/CombatScreen-Heavy/FinishCombatTitle.txt,added,,28,2107-12-31-23-59-56
universe_mod_texts_ru.pak,UI/CombatScreen-Heavy/FinishCombatQuestion.txt,added,,96,2107-12-31-23-59-56
universe_mod_texts_ru.pak,UI/MPRegister/cant-connect.txt,changed,a2p1-texts.pak,142,2107-12-31-23-59-56
universe_mod_texts_ru.pak,UI/MainMenu2/MultiPlayer/TTUbiCom.txt,changed,texts.pak,98,2107-12-31-23-59-56
universe_mod_texts_ru.pak,UI/Common/MsgBoxAdventureMapDisconnectedFromUbiComText.txt,changed,texts.pak,434,2107-12-31-23-59-56
universe_mod_texts_ru.pak,UI/Common/MsgBoxAdventureMapOtherPlayerDisconnectedFromUbiComText.txt,changed,texts.pak,306,2107-12-31-23-59-56
universe_mod_texts_ru.pak,UI/Common/MsgBoxDisconnectedFromChatForFloodText.txt,changed,texts.pak,412,2107-12-31-23-59-56
universe_mod_texts_ru.pak,UI/Common/MsgBoxMPInterfacesDisconnectedFromUbiComText.txt,changed,texts.pak,180,2107-12-31-23-59-56
universe_mod_texts_ru.pak,UI/Lobby/Texts/UbiComError.txt,changed,texts.pak,62,2107-12-31-23-59-56
universe_mod_texts_ru.pak,UI/MatchMakerErrors/UCLE_GS_ERROR.txt,changed,texts.pak,188,2107-12-31-23-59-56
universe_mod_texts_ru.pak,UI/MatchMakerErrors/UCLE_GS_SEND_FAILED.txt,changed,texts.pak,310,2107-12-31-23-59-56
universe_mod_texts_ru.pak,UI/MPDMCreate/cannot-create.txt,changed,texts.pak,106,2107-12-31-23-59-56
universe_mod_texts_ru.pak,UI/MPDMWait/ubi-com-error.txt,changed,texts.pak,32,2107-12-31-23-59-56
universe_mod_texts_ru.pak,UI/Common/game_type_1.txt,changed,texts.pak,48,2107-12-31-23-59-56
universe_mod_texts_ru.pak,UI/EscMenu/ExitToUbiLobbyQuestion.txt,changed,texts.pak,98,2107-12-31-23-59-56
universe_mod_texts_ru.pak,UI/EscMenu/ExitToUbiLobbyTitle.txt,changed,texts.pak,52,2107-12-31-23-59-56
universe_mod_texts_ru.pak,UI/MPChangeChannel/mode_tooltip.txt,changed,texts.pak,100,2107-12-31-23-59-56
universe_mod_texts_ru.pak,UI/MPProfile/TTLosses.txt,changed,texts.pak,66,2107-12-31-23-59-56
universe_mod_texts_ru.pak,UI/MPProfile/TTWins.txt,changed,texts.pak,34,2107-12-31-23-59-56
universe_mod_texts_ru.pak,UI/MPRegister/connecting.txt,changed,texts.pak,62,2107-12-31-23-59-56
universe_mod_texts_ru.pak,UI/MPRegiter/TTAccount.txt,changed,texts.pak,114,2107-12-31-23-59-56
universe_mod_texts_ru.pak,UI/Texts/ubi_send_results_success.txt,changed,texts.pak,88,2107-12-31-23-59-56
universe_mod_texts_ru.pak,UI/Texts/ubi_send_results_wait.txt,changed,texts.pak,136,2107-12-31-23-59-56
universe_mod_texts_ru.pak,UI/ubicom-account-site.txt,changed,texts.pak,40,2107-12-31-23-59-56
universe_mod_texts_ru.pak,UI/Lobby/Main/Players/FriendListHeader.txt,changed,texts.pak,2,2107-12-31-23-59-56
universe_mod_texts_ru.pak,UI/Lobby/Main/Players/FriendListSelect.txt,changed,texts.pak,2,2107-12-31-23-59-56
universe_mod_texts_ru.pak,UI/MainMenu2/MultiPlayer/UbiCom.txt,changed,texts.pak,18,2107-12-31-23-59-56
universe_mod_texts_ru.pak,UI/MPChangeChannel/ConnectingToLobby.txt,changed,texts.pak,40,2107-12-31-23-59-56
